pass_id,audio_time_s,utc_approx,src,dst,length,corrected_bits,frame,payload_hex
15052729,51.844,2026-09-25T02:37:35.844000+00:00,DP0SNX,CQ,146,2,86A240404040E088A060A69CB06103F02700FC0E18000864E53F00736AB5DE72821CD993327FC280000000000001CD9955ABA62800000000000002A400000C0222266801321011B634900506104758D3C2C0A464E361B5C0A2320FF01AB03C720068BDE4856704E2006ABEE683E802B8367F28FB5328028FE20068406480F3008A0067406380F28069A300028B0060F0FE19,2700fc0e18000864e53f00736ab5de72821cd993327fc280000000000001cd9955aba62800000000000002a400000c0222266801321011b634900506104758d3c2c0a464e361b5c0a2320ff01ab03c720068bde4856704e2006abee683e802b8367f28fb5328028fe20068406480f3008a0067406380f28069a300028b0060f0fe19
15052729,107.919,2026-09-25T02:38:31.919000+00:00,DP0SNX,CQ,146,0,86A240404040E088A060A69CB06103F02700452A18000864E59C00736AB5DEAA821CD9CB303FC280000000000001CD9CD5ABA628000000000000029600000C0222266801321011B6345005061046D8D6C2C0A464E35135C0A2322FF0FAB03C720068BDE4856704E2006ABEE683E802B8367F28FB4B08028FE2006840648073008A0067406380F28069A300028B0060F0EF56,2700452a18000864e59c00736ab5deaa821cd9cb303fc280000000000001cd9cd5aba628000000000000029600000c0222266801321011b6345005061046d8d6c2c0a464e35135c0a2322ff0fab03c720068bde4856704e2006abee683e802b8367f28fb4b08028fe2006840648073008a0067406380f28069a300028b0060f0ef56
15052729,108.81,2026-09-25T02:38:32.810000+00:00,DP0SNX,CQ,271,1,86A240404040E088A060A69CB06103F02704465B181A028FE20068C0650072800A0067C06400F280492300028B0060900864E59D00736AB567409E1C626231FFC280000000000001C62645ABA62800000000000002B000000C022227080132125196135001061045D8CC42C0A463E362B5C1423190701B102BF2006A41E6856704E2006AC0E783E8033532FF28FB2308028FE20068C0650073000A0067C06400F280492300028B0060A80864E59E00736AB568309E1C635231FFC280000000000001C63545ABA62800000000000002B000000C0222270801321251D613700106104658CCC2C0A4646362B5C14231B0705B102BF2006AC166056704E2006C416803E80336347F28FB2B10028FE2CFAD,2704465b181a028fe20068c0650072800a0067c06400f280492300028b0060900864e59d00736ab567409e1c626231ffc280000000000001c62645aba62800000000000002b000000c022227080132125196135001061045d8cc42c0a463e362b5c1423190701b102bf2006a41e6856704e2006ac0e783e8033532ff28fb2308028fe20068c0650073000a0067c06400f280492300028b0060a80864e59e00736ab568309e1c635231ffc280000000000001c63545aba62800000000000002b000000c0222270801321251d613700106104658ccc2c0a4646362b5c14231b0705b102bf2006ac166056704e2006c416803e80336347f28fb2b10028fe2cfad
15052729,109.919,2026-09-25T02:38:33.919000+00:00,DP0SNX,CQ,146,0,86A240404040E088A060A69CB06103F02700492B18000864E5A300736AB5DEAC821CD9CD303FC280000000000001CD9CF5ABA628000000000000029600000C0222266801321011B6341005061046D8D5C2C0A464E352F5C0A2322FF19AB03C720068BDE485670462006A3EE6846802B8367F28FB4B28028FE20068406400F3000A0067406380F28069A300028B0060F085C3,2700492b18000864e5a300736ab5deac821cd9cd303fc280000000000001cd9cf5aba628000000000000029600000c0222266801321011b6341005061046d8d5c2c0a464e352f5c0a2322ff19ab03c720068bde485670462006a3ee6846802b8367f28fb4b28028fe20068406400f3000a0067406380f28069a300028b0060f085c3
15052729,110.81,2026-09-25T02:38:34.810000+00:00,DP0SNX,CQ,271,2,86A240404040E088A060A69CB06103F027044A5E1811000A0067C07CC061C0A41100814500305404B272528039B55A36704F0E3481987F614000000000800063C0A255531400000000008000400300060191138400190929AB0988000308242C666160D2B251B1DA60211918B801480D79003520B302734231003620F44174815C9C3F94FD2D208147710034E03280790005803360320079C0A41100814500306004B2F2528039B5DA36684F0E34F9987F6140000000008000E3C7A2555314000000000000015800000601911384001909299B099800030824EC656160D2B25131DB78E21924B67D881579003560F3837303310037C8668467833937FF28FB6B50028FE2006940650073800A006814,27044a5e1811000a0067c07cc061c0a41100814500305404b272528039b55a36704f0e3481987f614000000000800063c0a255531400000000008000400300060191138400190929ab0988000308242c666160d2b251b1da60211918b801480d79003520b302734231003620f44174815c9c3f94fd2d208147710034e03280790005803360320079c0a41100814500306004b2f2528039b5da36684f0e34f9987f6140000000008000e3c7a2555314000000000000015800000601911384001909299b099800030824ec656160d2b25131db78e21924b67d881579003560f3837303310037c8668467833937ff28fb6b50028fe2006940650073800a006814
15052729,113.185,2026-09-25T02:38:37.185000+00:00,DP0SNX,CQ,271,2,86A240404040E088A060A69CB06103F027044F621805028B0060F00864E5AD00736AB574609E1C6F8131FFC280000000000001C6F845ABA62800000000000002B000000C02222708013212511613700106104458CDC2C0A4632362B5C14231506FFB102BF20069C36585E704E2006BC36783E802B42FFF28FB0AF0028FE20068C06500F3008A0067C06380F200692300028B0060A00864E5AE00736AB575509E1C707131FFC280000000000001C70745ABA62800000000000002B000000C0222270801321250F6133001061043D8CC42C0A462E362B5C14231306FFB102BF20069C165856704E2006BC0E784E783B32EFF28FAFAE8028FE2006840648073000A0067C06380F200C92300028B007879,27044f621805028b0060f00864e5ad00736ab574609e1c6f8131ffc280000000000001c6f845aba62800000000000002b000000c02222708013212511613700106104458cdc2c0a4632362b5c14231506ffb102bf20069c36585e704e2006bc36783e802b42fff28fb0af0028fe20068c06500f3008a0067c06380f200692300028b0060a00864e5ae00736ab575509e1c707131ffc280000000000001c70745aba62800000000000002b000000c0222270801321250f6133001061043d8cc42c0a462e362b5c14231306ffb102bf20069c165856704e2006bc0e784e783b32eff28fafae8028fe2006840648073000a0067c06380f200c92300028b007879
15052729,113.56,2026-09-25T02:38:37.560000+00:00,DP0SNX,CQ,271,1,86A240404040E088A060A69CB06103F027045063180260B80864E5AF00736AB576409E1C716131FFC280000000000001C71645ABA62800000000000002B000000C0222270801321250F612F00106104458CBC2C0A462E362B5C14231306FFB102BF20069C165856704E2006BC16783E803332EFF28FAFAE0028FE2006840648072800A00674064007200C92300028B0060D00864E5B000736AB577309E1C725131FFC280000000000001C72545ABA62800000000000002B000000C02222708013212511613500106104458CCC2C0A4632362B5C142314FF01B20EC720069C06588670762006B406703E803332FFF28FAFAE0028FE20068C0650074000A0067C063817280492300028B0060D0089264,27045063180260b80864e5af00736ab576409e1c716131ffc280000000000001c71645aba62800000000000002b000000c0222270801321250f612f00106104458cbc2c0a462e362b5c14231306ffb102bf20069c165856704e2006bc16783e803332eff28fafae0028fe2006840648072800a00674064007200c92300028b0060d00864e5b000736ab577309e1c725131ffc280000000000001c72545aba62800000000000002b000000c02222708013212511613500106104458ccc2c0a4632362b5c142314ff01b20ec720069c06588670762006b406703e803332fff28fafae0028fe20068c0650074000a0067c063817280492300028b0060d0089264
15052729,117.46,2026-09-25T02:38:41.460000+00:00,DP0SNX,CQ,271,1,86A240404040E088A060A69CB06103F027045868186DC131FFC280000000000001C7AC45ABA62800000000000002B000000C02222708013213F2349350010C904758CCC2C0A4652362B5C14231EFF01B20EC72006A4066056704E2006CC16883E80337B6FF28FB3B20028FE20068C0650073000A0067C06380F280492300028B0060E00864E5BC00736AB580909E1C7BB131FFC280000000000001C7BB45ABA62800000000000002AC00000C0222270801321012349390030C9047D8CD42C0A465636275C142320FF01B20EC72006AC1E605668462006B3EE708E785B836FF28FB4B30028FE20068C0650073000A0067C06400F280492300028B0060D80864E5BD00736AB581809E1C7CA131FFD81F,27045868186dc131ffc280000000000001c7ac45aba62800000000000002b000000c02222708013213f2349350010c904758ccc2c0a4652362b5c14231eff01b20ec72006a4066056704e2006cc16883e80337b6ff28fb3b20028fe20068c0650073000a0067c06380f280492300028b0060e00864e5bc00736ab580909e1c7bb131ffc280000000000001c7bb45aba62800000000000002ac00000c0222270801321012349390030c9047d8cd42c0a465636275c142320ff01b20ec72006ac1e605668462006b3ee708e785b836ff28fb4b30028fe20068c0650073000a0067c06400f280492300028b0060d80864e5bd00736ab581809e1c7ca131ffd81f
15052729,118.194,2026-09-25T02:38:42.194000+00:00,DP0SNX,CQ,146,2,86A240404040E088A060A69CB06103F027005A2F18000864E5C000736AB5DEB4821CD9D5303FC280000000000001CD9D75ABA628000000000000029600000C0222266801321011B6343005061046D8D542C0A464E341B5C0A2322FF0DAB03C720068BDE4856704E2006A3EE683E802B835FF28FB4B08028FE20068406480F3000A0067C06380F20069A300028B0060F01F7D,27005a2f18000864e5c000736ab5deb4821cd9d5303fc280000000000001cd9d75aba628000000000000029600000c0222266801321011b6343005061046d8d542c0a464e341b5c0a2322ff0dab03c720068bde4856704e2006a3ee683e802b835ff28fb4b08028fe20068406480f3000a0067c06380f20069a300028b0060f01f7d
15052729,119.785,2026-09-25T02:38:43.785000+00:00,DP0SNX,CQ,271,2,86A240404040E088A060A69CB06103F027045D6B18640001C80645ABA62800000000000002AC00000C0222270801321011F492F0030C904758CBC2C0A464E362B561E231EFF01B20EC720069BDE5056704E2006ABEE683E802B835FF28FB5340028FE20068C0650073000A0067C06400F28069A300028B0060C00864E5C300736AB586309E1C815131FFC280000000000001C81545ABA62800000000000002AC00000C0222270801321011B49370030C9046D8CDC2C0A464A362B561E231CFF01B20EC7200693DE5056704E2006ABE6683E782B7B4FF28FB4328028FE2006940658072800A0067C06400728069A300028B0060C00864E5C400736AB587209E1C824131FFC280000000000001C86CAE,27045d6b18640001c80645aba62800000000000002ac00000c0222270801321011f492f0030c904758cbc2c0a464e362b561e231eff01b20ec720069bde5056704e2006abee683e802b835ff28fb5340028fe20068c0650073000a0067c06400f28069a300028b0060c00864e5c300736ab586309e1c815131ffc280000000000001c81545aba62800000000000002ac00000c0222270801321011b49370030c9046d8cdc2c0a464a362b561e231cff01b20ec7200693de5056704e2006abe6683e782b7b4ff28fb4328028fe2006940658072800a0067c06400728069a300028b0060c00864e5c400736ab587209e1c824131ffc280000000000001c86cae
15052729,120.144,2026-09-25T02:38:44.144000+00:00,DP0SNX,CQ,146,2,86A240404040E088A060A69CB06103F027005E3018000864E5C500736AB5DEB6821CD9D7303FC280000000000001CD9D95ABA628000000000000029600000C0222266801321011B633F005061046D8D642C0A464E34975C0A2322FF15AB03C7200683CE486E705E20069BEE683E802B835FF28FB4B08028FE20067C0640073000A0067C06380F28069A300028B0060F04F99,27005e3018000864e5c500736ab5deb6821cd9d7303fc280000000000001cd9d95aba628000000000000029600000c0222266801321011b633f005061046d8d642c0a464e34975c0a2322ff15ab03c7200683ce486e705e20069bee683e802b835ff28fb4b08028fe20067c0640073000a0067c06380f28069a300028b0060f04f99
15052729,121.41,2026-09-25T02:38:45.410000+00:00,DP0SNX,CQ,271,1,86A240404040E088A060A69CB06103F02704606D185EA62800000000000002AC00000C0222270801321091161330030E904458CDC2C0A46363627561E2314FF05B20EC720068BDE4856704E2006A3EE603E802B4307F28FB0AF0028FE2006940658072800A0067406400F200E9A300028B0060C00864E5C800736AB589F09E1C851131FFC280000000000001C85145ABA62800000000000002AC00000C0222270801321090D61410030E9043D8CD42C0A462E3627561E2312FEFFB20EC72006A42E606670562006A3DE612E80E332EFF28FAFAC8028FE20068C0650074000A0067C06380F28049A300028B0060F80864E5C900736AB58AE09E1C860131FFC280000000000001C86045ABA62800D7B6,2704606d185ea62800000000000002ac00000c0222270801321091161330030e904458cdc2c0a46363627561e2314ff05b20ec720068bde4856704e2006a3ee603e802b4307f28fb0af0028fe2006940658072800a0067406400f200e9a300028b0060c00864e5c800736ab589f09e1c851131ffc280000000000001c85145aba62800000000000002ac00000c0222270801321090d61410030e9043d8cd42c0a462e3627561e2312feffb20ec72006a42e606670562006a3de612e80e332eff28fafac8028fe20068c0650074000a0067c06380f28049a300028b0060f80864e5c900736ab58ae09e1c860131ffc280000000000001c86045aba62800d7b6
15052729,122.144,2026-09-25T02:38:46.144000+00:00,DP0SNX,CQ,146,2,86A240404040E088A060A69CB06103F02700623118000864E5CC00736AB5DEB8821CD9D9303FC280000000000001CD9DB5ABA628000000000000029600000C0222266801321011B6345005061046D8D542C0A464E34935C0A2322FF0FAB03C720068BDE485668462006A3EE683E802B835FF28FB4B08028FE2006840640073000A0067406400F28069A300028B0060F0B42D,2700623118000864e5cc00736ab5deb8821cd9d9303fc280000000000001cd9db5aba628000000000000029600000c0222266801321011b6345005061046d8d542c0a464e34935c0a2322ff0fab03c720068bde485668462006a3ee683e802b835ff28fb4b08028fe2006840640073000a0067406400f28069a300028b0060f0b42d
15052729,124.169,2026-09-25T02:38:48.169000+00:00,DP0SNX,CQ,146,1,86A240404040E088A060A69CB06103F02700663218000864E5D300736AB5DEBA821CD9DB303FC280000000000001CD9DD5ABA628000000000000029600000C0222266801321011B6341005061046D8D4C2C0A464E350F5C0A2322FF0BAB03C720068BDE4856704E2006A3EE603E8033835FF28FB4B08028FE2006840640073000A0067C06380F28069A300028B0060F0FA8D,2700663218000864e5d300736ab5deba821cd9db303fc280000000000001cd9dd5aba628000000000000029600000c0222266801321011b6341005061046d8d4c2c0a464e350f5c0a2322ff0bab03c720068bde4856704e2006a3ee603e8033835ff28fb4b08028fe2006840640073000a0067c06380f28069a300028b0060f0fa8d
15052729,125.085,2026-09-25T02:38:49.085000+00:00,DP0SNX,CQ,271,2,86A240404040E088A060A69CB06103F027046772184F2708013211915593D003029044D8CDC2C0A463A3627561E2312FF01B20EC72006AC0E6886706E2006BC06784680332B17F28FAFAE8028FE2006940658073000A0069446501728048A300028B0060D00864E5D400736AB593509E1C8E7131FFC280000000000001C8E745ABA62800000000000002AC00000C022227080132119195937003029044D8CD42C0A463A3627561E2314FEFDB20EC72006A4066056704E2006C416884E783B331FF28FAFAE8028FE2006940658072800A0067C06380F280492300028B0060E80864E5D500736AB594409E1C8F6131FFC280000000000001C8F645ABA62800000000000002AC00000C0222270801926F,27046772184f2708013211915593d003029044d8cdc2c0a463a3627561e2312ff01b20ec72006ac0e6886706e2006bc06784680332b17f28fafae8028fe2006940658073000a0069446501728048a300028b0060d00864e5d400736ab593509e1c8e7131ffc280000000000001c8e745aba62800000000000002ac00000c022227080132119195937003029044d8cd42c0a463a3627561e2314fefdb20ec72006a4066056704e2006c416884e783b331ff28fafae8028fe2006940658072800a0067c06380f280492300028b0060e80864e5d500736ab594409e1c8f6131ffc280000000000001c8f645aba62800000000000002ac00000c0222270801926f
15052729,126.194,2026-09-25T02:38:50.194000+00:00,DP0SNX,CQ,146,2,86A240404040E088A060A69CB06103F027006A3318000864E5DA00736AB5DEBC821CD9DD303FC280000000000001CD9DF5ABA628000000000000029600000C0222266801321011B6341005061046D8D5C2C0A464E344B5C0A2322FF0BAB03C7200683DE4856704E2006A3EE683E802B835FF28FB4B28028FE2006840648073800A0067C06380F20069A300028B0060F0A6DE,27006a3318000864e5da00736ab5debc821cd9dd303fc280000000000001cd9df5aba628000000000000029600000c0222266801321011b6341005061046d8d5c2c0a464e344b5c0a2322ff0bab03c7200683de4856704e2006a3ee683e802b835ff28fb4b28028fe2006840648073800a0067c06380f20069a300028b0060f0a6de
15052729,127.835,2026-09-25T02:38:51.835000+00:00,DP0SNX,CQ,271,0,86A240404040E088A060A69CB06103F027046D771840C2C0A46463627561E2318FEFFB20EC720068BDE5056704E2006A3E6603E802B5B37F28FB1300028FE20067C06400F3008A0067C06380F28069A300028B0060A00864E5DF00736AB59CB09E1C97D131FFC280000000000001C97D35ABA62800000000000002AC00000C022227080132119155935003029044D8CCC2C0A463E3627561E2316FF07B20EC720068BCE486E705E20069BEE5846782B4B1FF28FB0AF0028FE20068C0650072800A0067C063807200E9A300028B0060A00864E5E000736AB59DA09E1C98C131FFC280000000000001C98C35ABA62800000000000002AC00000C02222708013211911594F00302904458D1C2C0A4D32C,27046d771840c2c0a46463627561e2318feffb20ec720068bde5056704e2006a3e6603e802b5b37f28fb1300028fe20067c06400f3008a0067c06380f28069a300028b0060a00864e5df00736ab59cb09e1c97d131ffc280000000000001c97d35aba62800000000000002ac00000c022227080132119155935003029044d8ccc2c0a463e3627561e2316ff07b20ec720068bce486e705e20069bee5846782b4b1ff28fb0af0028fe20068c0650072800a0067c063807200e9a300028b0060a00864e5e000736ab59da09e1c98c131ffc280000000000001c98c35aba62800000000000002ac00000c02222708013211911594f00302904458d1c2c0a4d32c
15052729,131.116,2026-09-25T02:38:55.116000+00:00,DP0SNX,CQ,121,1,86A240404040E088A060A69CB06103F0270273A818499E0000000000000080000000000000000000000000000000800000000000000000003200000000000000000000000000000000000000000000000000000000000000090000000000000882C03C00116AB5DEC19E81A0D66E1E17000070B31A3F24B927,270273a818499e0000000000000080000000000000000000000000000000800000000000000000003200000000000000000000000000000000000000000000000000000000000000090000000000000882c03c00116ab5dec19e81a0d66e1e17000070b31a3f24b927
15052729,136.986,2026-09-25T02:39:00.985999999+00:00,DP0SNX,CQ,91,1,86A240404040E088A060A69CB06103F027027FA918000BB6C14D003C6AB5DEC7BCF401A0D66E370100F001A0D66E36F800946B60DF8A21100FA7408BFFA4700BFF966644A701AA575C969419770185F3BC272748FF114247C007C1,27027fa918000bb6c14d003c6ab5dec7bcf401a0d66e370100f001a0d66e36f800946b60df8a21100fa7408bffa4700bff966644a701aa575c969419770185f3bc272748ff114247c007c1
15052729,141.969,2026-09-25T02:39:05.969000+00:00,DP0SNX,CQ,146,2,86A240404040E088A060A69CB06103F027008A3B18000864E60C00736AB5DECC821CD9ED303FC280000000000001CD9EF5ABA628000000000000029600000C0222266801321011B6341005061046D8D4C2C0A464E357F5C0A2324FF09AB03C720068BDE4856704E2006A3E6683E8033835FF28FB4B08028FE2006840648073000A0067C06380F28069A300028B0060F0EE8A,27008a3b18000864e60c00736ab5decc821cd9ed303fc280000000000001cd9ef5aba628000000000000029600000c0222266801321011b6341005061046d8d4c2c0a464e357f5c0a2324ff09ab03c720068bde4856704e2006a3e6683e8033835ff28fb4b08028fe2006840648073000a0067c06380f28069a300028b0060f0ee8a
15052729,143.234,2026-09-25T02:39:07.234000+00:00,DP0SNX,CQ,271,1,86A240404040E088A060A69CB06103F027048C8B18048B0060880864E60F00736AB5C2309E1CBD5131FFC280000000000001CBD535ABA62800000000000002A800000C0222270801321011F6331005061046D8CBC2C0A4652362B561E231AFEFFAB03C72006A4066856704E2006BC06803E802B6367F28FB2B00028FE2006840640073000A0067C06380F280492300028B0060A00864E61000736AB5C3209E1CBE4131FFC280000000000001CBE435ABA62800000000000002A800000C02222708013210121633100506104758CCC2C0A46563627561E231CFEFFAB03C72006A4066056704E2006C406804680336B77F28FB3308028FE2006840648073000A0067C06380F280492300028B0060E5B6,27048c8b18048b0060880864e60f00736ab5c2309e1cbd5131ffc280000000000001cbd535aba62800000000000002a800000c0222270801321011f6331005061046d8cbc2c0a4652362b561e231afeffab03c72006a4066856704e2006bc06803e802b6367f28fb2b00028fe2006840640073000a0067c06380f280492300028b0060a00864e61000736ab5c3209e1cbe4131ffc280000000000001cbe435aba62800000000000002a800000c02222708013210121633100506104758ccc2c0a46563627561e231cfeffab03c72006a4066056704e2006c406804680336b77f28fb3308028fe2006840648073000a0067c06380f280492300028b0060e5b6
15052729,143.969,2026-09-25T02:39:07.969000+00:00,DP0SNX,CQ,146,1,86A240404040E088A060A69CB06103F027008E3C18000864E61400736AB5DECE821CD9EF303FC280000000000001CD9F15ABA628000000000000029600000C0222266801321011B6341005061046D8D642C0A464E35175C0A2324FF0BAB03C7200683C6488670762006A3EE683E802B835FF28FB4B20028FE2006840648073000A0067C06380F20069A300028B0060F02398,27008e3c18000864e61400736ab5dece821cd9ef303fc280000000000001cd9f15aba628000000000000029600000c0222266801321011b6341005061046d8d642c0a464e35175c0a2324ff0bab03c7200683c6488670762006a3ee683e802b835ff28fb4b20028fe2006840648073000a0067c06380f20069a300028b0060f02398
15052729,144.885,2026-09-25T02:39:08.885000+00:00,DP0SNX,CQ,271,1,86A240404040E088A060A69CB06103F027048F8D1878E61300736AB5C5F09E1CC11131FFC280000000000001CC1135ABA62800000000000002A800000C0222270801321011F632D005061047D8CB42C0A465A3627561E231EFEFFAB03C7200693BE509670762006ABEE683E78337B87F28FB4318028FE2006840648073800A0067C06400F28069A300028B0060800864E61500736AB5C6E09E1CC20131FFC280000000000001CC2035ABA62800000000000002A800000C0222270801321011D633500506104758CD42C0A4656362B561E231CFEFFAB03C7200693DE5056704E2006A3EE603E802B736FF28FB3B10028FE2006840648073000A0067C06400F200E9A300028B0060800864E6160043ED,27048f8d1878e61300736ab5c5f09e1cc11131ffc280000000000001cc1135aba62800000000000002a800000c0222270801321011f632d005061047d8cb42c0a465a3627561e231efeffab03c7200693be509670762006abee683e78337b87f28fb4318028fe2006840648073800a0067c06400f28069a300028b0060800864e61500736ab5c6e09e1cc20131ffc280000000000001cc2035aba62800000000000002a800000c0222270801321011d633500506104758cd42c0a4656362b561e231cfeffab03c7200693de5056704e2006a3ee603e802b736ff28fb3b10028fe2006840648073000a0067c06400f200e9a300028b0060800864e6160043ed
15052729,145.994,2026-09-25T02:39:09.994000+00:00,DP0SNX,CQ,146,1,86A240404040E088A060A69CB06103F02700923D18000864E61B00736AB5DED0821CD9F1303FC280000000000001CD9F35ABA628000000000000029600000C0222266801321011B6347005061046D8D742C0A464E352F5C0A2324FF11AB03C7200683DE485E704E2006A3EE683E8033835FF28FB4B20028FE2006840648073000A0067C06380F28069A300028B0060F0A047,2700923d18000864e61b00736ab5ded0821cd9f1303fc280000000000001cd9f35aba628000000000000029600000c0222266801321011b6347005061046d8d742c0a464e352f5c0a2324ff11ab03c7200683de485e704e2006a3ee683e8033835ff28fb4b20028fe2006840648073000a0067c06380f28069a300028b0060f0a047
15052729,146.891,2026-09-25T02:39:10.891000+00:00,DP0SNX,CQ,121,0,86A240404040E088A060A69CB06103F0270293AA180008C8E10E00336AB5DED09E4D0001A00BD16A3CDD8768F9654523EC7DA783BE7ACF800880067FF67FFF7FFF7FFF1A599E828A4D7FFF7FFF7FFF3F08D2C1C400206AB5DED19E0000000200000000000000000000000000000000000000000000000002EF,270293aa180008c8e10e00336ab5ded09e4d0001a00bd16a3cdd8768f9654523ec7da783be7acf800880067ff67fff7fff7fff1a599e828a4d7fff7fff7fff3f08d2c1c400206ab5ded19e0000000200000000000000000000000000000000000000000000000002ef
15052729,147.159,2026-09-25T02:39:11.159000+00:00,DP0SNX,CQ,271,2,86A240404040E088A060A69CB06103F027049490186F1CC6B131FFC280000000000001CC6B35ABA62800000000000002A800000C0222270801321010F6333005061043D8CD42C0A4632362756082310FF01AB03C720069C065896706E2006BC1E783E80332B07F28FAF2C8028FE20067C06400F2808A0067C06380F200492300028B0060D00864E61C00736AB5CC809E1CC7A131FFC280000000000001CC7A35ABA62800000000000002A800000C0222270801321010F633700506104458CCC2C0A4636362B56082310FF01AB03C720069C165856704E2006BC1E783E802B2307F28FAF2C8028FE20068C0650072000A0067C06380F280492300028B0060E00864E61D00736AB5CD709E1CC8915908,27049490186f1cc6b131ffc280000000000001cc6b35aba62800000000000002a800000c0222270801321010f6333005061043d8cd42c0a4632362756082310ff01ab03c720069c065896706e2006bc1e783e80332b07f28faf2c8028fe20067c06400f2808a0067c06380f200492300028b0060d00864e61c00736ab5cc809e1cc7a131ffc280000000000001cc7a35aba62800000000000002a800000c0222270801321010f633700506104458ccc2c0a4636362b56082310ff01ab03c720069c165856704e2006bc1e783e802b2307f28faf2c8028fe20068c0650072000a0067c06380f280492300028b0060e00864e61d00736ab5cd709e1cc8915908
15052729,147.535,2026-09-25T02:39:11.535000+00:00,DP0SNX,CQ,271,0,86A240404040E088A060A69CB06103F027049591186C31FFC280000000000001CC8935ABA62800000000000002A800000C02222708013210113633300506104458CC42C0A4636362B56082312FF01AB03C720069C165866704E2006BC0E7846782B330FF28FAFAC8028FE2006840648072800A0067C063817280492300028B0060F80864E61E00736AB5CE609E1CC98131FFC280000000000001CC9835ABA62800000000000002A800000C022227080132101156335005061044D8CDC2C0A463A362B56082314FF01AB03C720069C0E6056704E2006C40E803E803B331FF28FAFAD0028FE20067C0648073000A00674063807200C92300028B0060880864E61F00736AB5CF509E1CCA7131FFC2CA90,27049591186c31ffc280000000000001cc8935aba62800000000000002a800000c02222708013210113633300506104458cc42c0a4636362b56082312ff01ab03c720069c165866704e2006bc0e7846782b330ff28fafac8028fe2006840648072800a0067c063817280492300028b0060f80864e61e00736ab5ce609e1cc98131ffc280000000000001cc9835aba62800000000000002a800000c022227080132101156335005061044d8cdc2c0a463a362b56082314ff01ab03c720069c0e6056704e2006c40e803e803b331ff28fafad0028fe20067c0648073000a00674063807200c92300028b0060880864e61f00736ab5cf509e1cca7131ffc2ca90
15052729,147.894,2026-09-25T02:39:11.894000+00:00,DP0SNX,CQ,146,0,86A240404040E088A060A69CB06103F02700963E18000864E62000736AB5DED2821CD9F3303FC280000000000001CD9F55ABA628000000000000029600000C0222266801321011B6341005061046D8D842C0A464E345F5C0A2324FF11AB03C720068BDE485670462006A3EE603E802B835FF28FB4320028FE20067C0640073000A0067C06380F28069A300028B0060F09F64,2700963e18000864e62000736ab5ded2821cd9f3303fc280000000000001cd9f55aba628000000000000029600000c0222266801321011b6341005061046d8d842c0a464e345f5c0a2324ff11ab03c720068bde485670462006a3ee603e802b835ff28fb4320028fe20067c0640073000a0067c06380f28069a300028b0060f09f64
15052729,148.771,2026-09-25T02:39:12.771000+00:00,DP0SNX,CQ,153,1,86A240404040E088A060A69CB06103F0270297AB180008D3C1CF00206AB5DED29E00000002000000008080000000000000000000000000000000000000087DC4C200536AB5DED29E000692524905F905F705F705F6000004DF000004DF000000000000010B0000000000000000000000000000000000000000000000000000000000A153332DB6000C0000026F0137000000040000555584FA,270297ab180008d3c1cf00206ab5ded29e00000002000000008080000000000000000000000000000000000000087dc4c200536ab5ded29e000692524905f905f705f705f6000004df000004df000000000000010b0000000000000000000000000000000000000000000000000000000000a153332db6000c0000026f0137000000040000555584fa
15052729,149.036,2026-09-25T02:39:13.036000+00:00,DP0SNX,CQ,83,0,86A240404040E088A060A69CB06103F0270298AC180008E6C21900346AB5DED39E718995A51D7C882E71AD633C71EE5D2F788D118E8FECA230728D53173FACDE2F71B943BF7FCEC52D788961FA59FCB32D4746,270298ac180008e6c21900346ab5ded39e718995a51d7c882e71ad633c71ee5d2f788d118e8feca230728d53173facde2f71b943bf7fcec52d788961fa59fcb32d4746
15052729,149.26,2026-09-25T02:39:13.260000+00:00,DP0SNX,CQ,271,0,86A240404040E088A060A69CB06103F027049992186980000000000001CCA735ABA62800000000000002A800000C02222708013210115633300506104558CCC2C0A463E362356082314FF03AB03C720069C0E5856704E2006C40E8046782B3B1FF28FB0AE0028FE20068C06480F3800A0067C06380F200492300028B0060A00864E62100736AB5D0409E1CCB6131FFC280000000000001CCB635ABA62800000000000002A800000C02222708013210115633900506104658CC42C0A4642362756082316FF01AB03C720069C0E6056704E2006BC0E804E80333B27F28FB1AE8028FE20067C0640072808A0067C06400F280492300028B0060B80864E62200736AB5D1309E1CCC5131FFC28000007A83,27049992186980000000000001cca735aba62800000000000002a800000c02222708013210115633300506104558ccc2c0a463e362356082314ff03ab03c720069c0e5856704e2006c40e8046782b3b1ff28fb0ae0028fe20068c06480f3800a0067c06380f200492300028b0060a00864e62100736ab5d0409e1ccb6131ffc280000000000001ccb635aba62800000000000002a800000c02222708013210115633900506104658cc42c0a4642362756082316ff01ab03c720069c0e6056704e2006bc0e804e80333b27f28fb1ae8028fe20067c0640072808a0067c06400f280492300028b0060b80864e62200736ab5d1309e1ccc5131ffc28000007a83
15052729,149.994,2026-09-25T02:39:13.994000+00:00,DP0SNX,CQ,146,1,86A240404040E088A060A69CB06103F027009B3F18000864E62500736AB5DED4821CD9F5303FC280000000000001CD9F75ABA628000000000000029600000C0222266801321011B6343005061046D8D642C0A464E34035C0A2324FF0BAB03C720068BDE485670462006A3E6683E80337B5FF28FB4320028FE2006840648073000A0067406380F28069A300028B0060F0BA36,27009b3f18000864e62500736ab5ded4821cd9f5303fc280000000000001cd9f75aba628000000000000029600000c0222266801321011b6343005061046d8d642c0a464e34035c0a2324ff0bab03c720068bde485670462006a3e6683e80337b5ff28fb4320028fe2006840648073000a0067406380f28069a300028b0060f0ba36
15052729,151.285,2026-09-25T02:39:15.285000+00:00,DP0SNX,CQ,271,1,86A240404040E088A060A69CB06103F027049D95186035ABA62800000000000002A800000C022227080132101216335005061048D8CCC2C0A465A362756082322FF01AB03C72006A4166056704E2006C406804678337B7FF28FB6B40028FE2006840648073000A0067C06400F280492300028B0060B80864E62800736AB5D5E09E1CD10131FFC280000000000001CD1035ABA62800000000000002A800000C02222708013210123633500506104958CCC2C0A465E362756082324FF01AB03C720069C0E685E78562006C406803E80338B8FF28FB7348028FE2006840648073800A0067C06380F280492300028B0060D00864E62900736AB5D6D09E1CD1F131FFC280000000000001CD1F35ABA65BEA,27049d95186035aba62800000000000002a800000c022227080132101216335005061048d8ccc2c0a465a362756082322ff01ab03c72006a4166056704e2006c406804678337b7ff28fb6b40028fe2006840648073000a0067c06400f280492300028b0060b80864e62800736ab5d5e09e1cd10131ffc280000000000001cd1035aba62800000000000002a800000c02222708013210123633500506104958ccc2c0a465e362756082324ff01ab03c720069c0e685e78562006c406803e80338b8ff28fb7348028fe2006840648073800a0067c06380f280492300028b0060d00864e62900736ab5d6d09e1cd1f131ffc280000000000001cd1f35aba65bea
15052729,151.66,2026-09-25T02:39:15.660000+00:00,DP0SNX,CQ,271,1,86A240404040E088A060A69CB06103F027049E96185D2800000000000002A800000C022227080132101256333005061049D8CC42C0A4662362B56082324FEFDAB03C720069C0E6856785E2006BC06803E803393AFF28FB7B48028FE20068406400F3000A0067C06380F280492300028B0060E80864E62A00736AB5D7C09E1CD2E131FFC280000000000001CD2E35ABA62800000000000002A800000C02222708013210127633300506104958CBC2C0A4666362B56082324FEFDAB03C72006A40E684E78462006C406783E802BA3BFF28FB7B48028FE2006840648073000A0067C06400F280492300028B0060880864E62B00736AB5D8B09E1CD3D131FFC280000000000001CD3D35ABA62800009A3B,27049e96185d2800000000000002a800000c022227080132101256333005061049d8cc42c0a4662362b56082324fefdab03c720069c0e6856785e2006bc06803e803393aff28fb7b48028fe20068406400f3000a0067c06380f280492300028b0060e80864e62a00736ab5d7c09e1cd2e131ffc280000000000001cd2e35aba62800000000000002a800000c02222708013210127633300506104958cbc2c0a4666362b56082324fefdab03c72006a40e684e78462006c406783e802ba3bff28fb7b48028fe2006840648073000a0067c06400f280492300028b0060880864e62b00736ab5d8b09e1cd3d131ffc280000000000001cd3d35aba62800009a3b
15052729,152.019,2026-09-25T02:39:16.019000+00:00,DP0SNX,CQ,146,2,86A240404040E088A060A69CB06103F027009F4018000864E62C00736AB5DED6821CD9F7303FC280000000000001CD9F95ABA628000000000000029600000C0222266801321011B633F005061046D8D642C0A464E34B75C0A2324FF09AB03C7200683C6489670762006A3EE603E782B7B5FF28FB4B08028FE2006840648073000A0067C06380F20069A300028B0060F0E5DD,27009f4018000864e62c00736ab5ded6821cd9f7303fc280000000000001cd9f95aba628000000000000029600000c0222266801321011b633f005061046d8d642c0a464e34b75c0a2324ff09ab03c7200683c6489670762006a3ee603e782b7b5ff28fb4b08028fe2006840648073000a0067c06380f20069a300028b0060f0e5dd
15052729,153.285,2026-09-25T02:39:17.285000+00:00,DP0SNX,CQ,271,0,86A240404040E088A060A69CB06103F02704A19818570002A800000C022227080132101296331005061049D8CBC2C0A466A362B56082324FEFDAB03C7200693DE604E783E2006ABE67046783BB3C7F28FB8350028FE20068406480F3000A0067406380F280C92300028B0060D80864E62F00736AB5DB809E1CD6A131FFC280000000000001CD6A35ABA62800000000000002A800000C022227080132101276333005061049D8CC42C0A466A362F56082326FEFDAB03C720068BDE5856683E2006ABEE683E802BABB7F28FB8358028FE2006840640073000A0067406380F28069A300028B0060F00864E63000736AB5DC709E1CD79131FFC280000000000001CD7935ABA62800000000000002A894F7,2704a19818570002a800000c022227080132101296331005061049d8cbc2c0a466a362b56082324fefdab03c7200693de604e783e2006abe67046783bb3c7f28fb8350028fe20068406480f3000a0067406380f280c92300028b0060d80864e62f00736ab5db809e1cd6a131ffc280000000000001cd6a35aba62800000000000002a800000c022227080132101276333005061049d8cc42c0a466a362f56082326fefdab03c720068bde5856683e2006abee683e802babb7f28fb8358028fe2006840640073000a0067406380f28069a300028b0060f00864e63000736ab5dc709e1cd79131ffc280000000000001cd7935aba62800000000000002a894f7
15052729,153.66,2026-09-25T02:39:17.660000+00:00,DP0SNX,CQ,271,0,86A240404040E088A060A69CB06103F02704A299185400000C022227080132101236331005061048D8CCC2C0A4662362B56082324FF03AB03C720068BE65856784E2006A3EE6846802BA39FF28FB7B50028FE2006840640073800A0067C06380F28069A300028B0060F00864E63100736AB5DD609E1CD88131FFC280000000000001CD8835ABA62800000000000002A800000C0222270801321011F634900506104858D342C0A465A362B56082320FEFDAB03C7200683DE505670562006A3EE683E802B9387F28FB6340028FE2006840648073000A0067406380F28069A300028B0060F00864E63200736AB5DDAE821CD8CF327FC280000000000001CD8D15ABA62800000000000002A400000C44F0,2704a299185400000c022227080132101236331005061048d8ccc2c0a4662362b56082324ff03ab03c720068be65856784e2006a3ee6846802ba39ff28fb7b50028fe2006840640073800a0067c06380f28069a300028b0060f00864e63100736ab5dd609e1cd88131ffc280000000000001cd8835aba62800000000000002a800000c0222270801321011f634900506104858d342c0a465a362b56082320fefdab03c7200683de505670562006a3ee683e802b9387f28fb6340028fe2006840648073000a0067406380f28069a300028b0060f00864e63200736ab5ddae821cd8cf327fc280000000000001cd8d15aba62800000000000002a400000c44f0
15052729,154.019,2026-09-25T02:39:18.019000+00:00,DP0SNX,CQ,146,0,86A240404040E088A060A69CB06103F02700A34118000864E63300736AB5DED8821CD9F9303FC280000000000001CD9FB5ABA628000000000000029600000C0222266801321011B6347005061046D8D6C2C0A464E341B5C0A2324FF05AB03C720068BDE485670462006A3EE683E80337B5FF28FB4308028FE2006840648073000A0067C06380F28069A300028B0060F0D7C3,2700a34118000864e63300736ab5ded8821cd9f9303fc280000000000001cd9fb5aba628000000000000029600000c0222266801321011b6347005061046d8d6c2c0a464e341b5c0a2324ff05ab03c720068bde485670462006a3ee683e80337b5ff28fb4308028fe2006840648073000a0067c06380f28069a300028b0060f0d7c3
15052729,155.285,2026-09-25T02:39:19.285000+00:00,DP0SNX,CQ,271,2,86A240404040E088A060A69CB06103F02704A59B184E6801321011D6345005061047D8D142C0A4656361356082320FEFFAB03C720068BDE5056704E2006ABEE683E78339377F28FB5B38028FE2006840648073000A0067C06380F28069A300028B0060F00864E63600736AB5DDDE821CD8FF327FC280000000000001CD9015ABA62800000000000002A400000C0222266801321011D6341005061047D8CF42C0A465636075C0A2320FEFFAB03C720068BDE4856704E2006A3E6683E78338B77F28FB5B38028FE20067C0648073000A0067C06380F28069A300028B0060F00864E63700736AB5DDEE821CD90F327FC280000000000001CD9115ABA62800000000000002A400000C022226680132FB6C,2704a59b184e6801321011d6345005061047d8d142c0a4656361356082320feffab03c720068bde5056704e2006abee683e78339377f28fb5b38028fe2006840648073000a0067c06380f28069a300028b0060f00864e63600736ab5ddde821cd8ff327fc280000000000001cd9015aba62800000000000002a400000c0222266801321011d6341005061047d8cf42c0a465636075c0a2320feffab03c720068bde4856704e2006a3e6683e78338b77f28fb5b38028fe20067c0648073000a0067c06380f28069a300028b0060f00864e63700736ab5ddee821cd90f327fc280000000000001cd9115aba62800000000000002a400000c022226680132fb6c
15052729,156.019,2026-09-25T02:39:20.019000+00:00,DP0SNX,CQ,146,0,86A240404040E088A060A69CB06103F02700A74218000864E63A00736AB5DEDA821CD9FB303FC280000000000001CD9FD5ABA628000000000000029600000C0222266801321011B634B005061046D8D842C0A464E34C35C0A2324FF09AB03C720068BDE4856704E2006A3E6683E80337B5FF28FB4320028FE2006840648073000A0067C06380F28069A300028B0060F0873D,2700a74218000864e63a00736ab5deda821cd9fb303fc280000000000001cd9fd5aba628000000000000029600000c0222266801321011b634b005061046d8d842c0a464e34c35c0a2324ff09ab03c720068bde4856704e2006a3e6683e80337b5ff28fb4320028fe2006840648073000a0067c06380f28069a300028b0060f0873d
15052729,157.285,2026-09-25T02:39:21.285000+00:00,DP0SNX,CQ,271,0,86A240404040E088A060A69CB06103F02704A99E184506104758D1C2C0A465235F35C0A2320FF01AB03C720068BDE485E70462006A3EE683E802B8B6FF28FB5330028FE2006840648073008A0067406380F280E9A300028B0060F00864E63D00736AB5DE3E821CD95F327FC280000000000001CD9615ABA62800000000000002A400000C0222266801321011D634B00506104758D0C2C0A4652360B5C0A2320FF01AB03C720068BDE486E70562006A3E6683E80338B6FF28FB5330028FE2006840648073000A0067406380F28069A300028B0060F00864E63E00736AB5DE4E821CD96F327FC280000000000001CD9715ABA62800000000000002A400000C0222266801321011D634B005061047E510,2704a99e184506104758d1c2c0a465235f35c0a2320ff01ab03c720068bde485e70462006a3ee683e802b8b6ff28fb5330028fe2006840648073008a0067406380f280e9a300028b0060f00864e63d00736ab5de3e821cd95f327fc280000000000001cd9615aba62800000000000002a400000c0222266801321011d634b00506104758d0c2c0a4652360b5c0a2320ff01ab03c720068bde486e70562006a3e6683e80338b6ff28fb5330028fe2006840648073000a0067406380f28069a300028b0060f00864e63e00736ab5de4e821cd96f327fc280000000000001cd9715aba62800000000000002a400000c0222266801321011d634b005061047e510
15052729,158.018,2026-09-25T02:39:22.018000+00:00,DP0SNX,CQ,146,0,86A240404040E088A060A69CB06103F02700AB4318000864E64100736AB5DEDC821CD9FD303FC280000000000001CD9FF5ABA628000000000000029600000C0222266801321011B6351005061046D8D642C0A464E34235C0C2324FF0FAB03C720068BDE4856704E2006A3EE683E802B7B57F28FB4320028FE2006840648073000A0067C06380F28069A300028B0060F03A22,2700ab4318000864e64100736ab5dedc821cd9fd303fc280000000000001cd9ff5aba628000000000000029600000c0222266801321011b6351005061046d8d642c0a464e34235c0c2324ff0fab03c720068bde4856704e2006a3ee683e802b7b57f28fb4320028fe2006840648073000a0067c06380f28069a300028b0060f03a22
15052729,158.91,2026-09-25T02:39:22.910000+00:00,DP0SNX,CQ,271,1,86A240404040E088A060A69CB06103F02704ACA0183FC0A464E35D75C0A2320FF03AB03C720068BDE4856704E2006ABEE703E80338367F28FB5328028FE20068406480F3000A0067C06380F20069A300028B0060F00864E64200736AB5DE7E821CD99F327FC280000000000001CD9A15ABA62800000000000002A400000C0222266801321011B634900506104758D4C2C0A464E35CF5C0A2320FEFBAB03C720068BDE4856704E2006ABEE683E802B8367F28FB4B10028FE2006840648073000A0067C06381720069A300028B0060F00864E64300736AB5DE8E821CD9AF327FC280000000000001CD9B15ABA62800000000000002A400000C0222266801321011B634D005061046D8D2C2C0A46450A3,2704aca0183fc0a464e35d75c0a2320ff03ab03c720068bde4856704e2006abee703e80338367f28fb5328028fe20068406480f3000a0067c06380f20069a300028b0060f00864e64200736ab5de7e821cd99f327fc280000000000001cd9a15aba62800000000000002a400000c0222266801321011b634900506104758d4c2c0a464e35cf5c0a2320fefbab03c720068bde4856704e2006abee683e802b8367f28fb4b10028fe2006840648073000a0067c06381720069a300028b0060f00864e64300736ab5de8e821cd9af327fc280000000000001cd9b15aba62800000000000002a400000c0222266801321011b634d005061046d8d2c2c0a46450a3
15052729,159.261,2026-09-25T02:39:23.261000+00:00,DP0SNX,CQ,84,0,86A240404040E088A060A69CB06103F02704ADA11FFFE35F35C0A2320FF19AB03C720068BDE5056784E2006ABE6683E80338367F28FB4B28028FE2006840648073000A0067C06380F20069A300028B0060F01C90,2704ada11fffe35f35c0a2320ff19ab03c720068bde5056784e2006abe6683e80338367f28fb4b28028fe2006840648073000a0067c06380f20069a300028b0060f01c90
15052729,159.484,2026-09-25T02:39:23.484000+00:00,DP0SNX,CQ,271,1,86A240404040E088A060A69CB06103F02706AE1B18000990DB61002B6AB54CBC9EFF8A8783898A899CFF80FF888586848F7DA48889FFFF785D7EA77489FFFF705E836643C3AAA6C00990DB62002B6AB54DAC9EFF8B89838A8B8A8AFF80FF8B8687858884A37F89FFFF686385A6988AFFFF6665805E4FC23B2DC00990DB63002B6AB54E9C9EFF8C8B838B8C8B86FF80FF8E868986878FA87C89FFFF666D92AC9E8AFFFF6672865C61C53E38C00990DB64002B6AB54F8C9EFF8C8D858C8C8C85FF80FF91878B8787A0A87C88FFFF647DA2AC9589FFFF677A865C71C1BBC3C00990DB65002B6AB5507C9EFF8C8E878C8C8EA1FF80FF91878B879F8E978C89FFFF7F6D90998589FFFF8270766C75BE4DAB,2706ae1b18000990db61002b6ab54cbc9eff8a8783898a899cff80ff888586848f7da48889ffff785d7ea77489ffff705e836643c3aaa6c00990db62002b6ab54dac9eff8b89838a8b8a8aff80ff8b8687858884a37f89ffff686385a6988affff6665805e4fc23b2dc00990db63002b6ab54e9c9eff8c8b838b8c8b86ff80ff8e868986878fa87c89ffff666d92ac9e8affff6672865c61c53e38c00990db64002b6ab54f8c9eff8c8d858c8c8c85ff80ff91878b8787a0a87c88ffff647da2ac9589ffff677a865c71c1bbc3c00990db65002b6ab5507c9eff8c8e878c8c8ea1ff80ff91878b879f8e978c89ffff7f6d90998589ffff8270766c75be4dab
15052729,159.844,2026-09-25T02:39:23.844000+00:00,DP0SNX,CQ,146,1,86A240404040E088A060A69CB06103F02700AF4418000864E64400736AB5DEDE821CD9FF303FC280000000000001CDA015ABA628000000000000029600000C0222266801321011B6349005061046D8D6C2C0A464E354F5C0C2324FF27AB03C7200683C64896707E20069BEE683E802B7B5FF28FB4320028FE2006840648073000A0067C06380F28069A300028B0060F08FB0,2700af4418000864e64400736ab5dede821cd9ff303fc280000000000001cda015aba628000000000000029600000c0222266801321011b6349005061046d8d6c2c0a464e354f5c0c2324ff27ab03c7200683c64896707e20069bee683e802b7b5ff28fb4320028fe2006840648073000a0067c06380f28069a300028b0060f08fb0
15052729,161.484,2026-09-25T02:39:25.484000+00:00,DP0SNX,CQ,271,1,86A240404040E088A060A69CB06103F02706B21C180332C4C00990DB67002B6AB5516C9EFF8D8F898E8C8FABFF80FF8F888C88A88790A18AFFFF87678791808AFFFF87676E7E74B83044C00990DB68002B6AB5525C9EFF8E8F8B8F8E90B5FF80FF8E898C89B0868CA58CFFFF9066868D7C8CFFFF8F676B8272B62EC4C00990DB69002B6AB5534C9EFF8F908D909091B9FF80FF8E8A8D8BB3868BA88EFFFF9467858C7A8EFFFF91646A8573B62DC5C00990DB6A002B6AB5543C9EFF91908F919292BBFF80FF8E8B8D8CB58689AB90FFFF9666848B7890FFFF9364688971B52D45C00990DB6B002B6AB5552C9EFF929091929393BCFF80FF8E8C8E8DB68488AD92FFFF976582897791FFFF946167AF21,2706b21c180332c4c00990db67002b6ab5516c9eff8d8f898e8c8fabff80ff8f888c88a88790a18affff87678791808affff87676e7e74b83044c00990db68002b6ab5525c9eff8e8f8b8f8e90b5ff80ff8e898c89b0868ca58cffff9066868d7c8cffff8f676b8272b62ec4c00990db69002b6ab5534c9eff8f908d909091b9ff80ff8e8a8d8bb3868ba88effff9467858c7a8effff91646a8573b62dc5c00990db6a002b6ab5543c9eff91908f919292bbff80ff8e8b8d8cb58689ab90ffff9666848b7890ffff9364688971b52d45c00990db6b002b6ab5552c9eff929091929393bcff80ff8e8c8e8db68488ad92ffff976582897791ffff946167af21
15052729,161.844,2026-09-25T02:39:25.844000+00:00,DP0SNX,CQ,146,1,86A240404040E088A060A69CB06103F02700B34518000864E64500736AB5DEE0821CDA01303FC280000000000001CDA035ABA628000000000000029600000C0222266801321011B6345005061046D8D742C0A464E35B35C0C2324FF19AB03C720068BDE485E70462006A3EE683E802B7B5FF28FB4308028FE2006840648073808A0067C06380F28069A300028B0060F07185,2700b34518000864e64500736ab5dee0821cda01303fc280000000000001cda035aba628000000000000029600000c0222266801321011b6345005061046d8d742c0a464e35b35c0c2324ff19ab03c720068bde485e70462006a3ee683e802b7b5ff28fb4308028fe2006840648073808a0067c06380f28069a300028b0060f07185
15052729,162.759,2026-09-25T02:39:26.759000+00:00,DP0SNX,CQ,271,1,86A240404040E088A060A69CB06103F02706B41D1806896FB4AC44400990DB6C002B6AB5561C9EFF939192939493BDFF80FF8E8C8E8DB68085AC93FFFF98617E867693FFFF945E64896BB32C42400990DB6D002B6AB5570C9EFF949192939594BDFF80FF8D8D8F8EB67E83AC95FFFF97617C847594FFFF955B638A67B22BC0400990DB6E002B6AB557FC9EFF949193949694BEFF80FF8D8D8F8FB77E83AC96FFFF99607B857595FFFF955B638B65B2ABBFC00990DB6F002B6AB558EC9EFF959293949795BFFF80FF8D8E8F8FB97D84AB97FFFF9B607A867596FFFF975B648963B32BBEC00990DB70002B6AB559DC9EFF9592939496949CFF80FF8D8E8F8F997D859697FFFF7A5E7A867596FFFF94AA,2706b41d1806896fb4ac44400990db6c002b6ab5561c9eff939192939493bdff80ff8e8c8e8db68085ac93ffff98617e867693ffff945e64896bb32c42400990db6d002b6ab5570c9eff949192939594bdff80ff8d8d8f8eb67e83ac95ffff97617c847594ffff955b638a67b22bc0400990db6e002b6ab557fc9eff949193949694beff80ff8d8d8f8fb77e83ac96ffff99607b857595ffff955b638b65b2abbfc00990db6f002b6ab558ec9eff959293949795bfff80ff8d8e8f8fb97d84ab97ffff9b607a867596ffff975b648963b32bbec00990db70002b6ab559dc9eff9592939496949cff80ff8d8e8f8f997d859697ffff7a5e7a867596ffff94aa
15052729,163.134,2026-09-25T02:39:27.134000+00:00,DP0SNX,CQ,271,1,86A240404040E088A060A69CB06103F02706B51E1809775A657559B3ABB6400990DB71002B6AB55ACC9EFF94919093949389FF80FF8C8D8F8F877C868A96FFFF695D7A877696FFFF665A656A4FB32BAEC00990DB72002B6AB55BBC9EFF92908D9193917FFF80FF8B8C8E8D7D7B848294FFFF5E5C79857794FFFF5C59646248B2AC28C00990DB73002B6AB55CAC9EFF918F8A90918F78FF80FF898B8C8C777C837E92FFFF595D7B837792FFFF565C625F44B1AC24C00990DB74002B6AB55D9C9EFF8F8D878E8F8D75FF80FF878A8B8A737B7F7F8FFFFF555C7B80748FFFFF535B5F5F40B02AA1400990DB75002B6AB55E8C9EFF8D8C858D8D8B76FF80FF85898A887576797F8DFFFF5757757A71F505,2706b51e1809775a657559b3abb6400990db71002b6ab55acc9eff94919093949389ff80ff8c8d8f8f877c868a96ffff695d7a877696ffff665a656a4fb32baec00990db72002b6ab55bbc9eff92908d9193917fff80ff8b8c8e8d7d7b848294ffff5e5c79857794ffff5c59646248b2ac28c00990db73002b6ab55cac9eff918f8a90918f78ff80ff898b8c8c777c837e92ffff595d7b837792ffff565c625f44b1ac24c00990db74002b6ab55d9c9eff8f8d878e8f8d75ff80ff878a8b8a737b7f7f8fffff555c7b80748fffff535b5f5f40b02aa1400990db75002b6ab55e8c9eff8d8c858d8d8b76ff80ff85898a887576797f8dffff5757757a71f505
15052729,163.869,2026-09-25T02:39:27.869000+00:00,DP0SNX,CQ,146,0,86A240404040E088A060A69CB06103F02700B74618000864E64600736AB5DEE2821CDA03303FC280000000000001CDA055ABA628000000000000029600000C0222266801321011B6349005061046D8D642C0A464E34AB5C0C2324FF11AB03C720068BDE4856704E2006A3E6683E80337B5FF28FB4320028FE2006840648073000A0067C06400F28069A300028B0060F0459D,2700b74618000864e64600736ab5dee2821cda03303fc280000000000001cda055aba628000000000000029600000c0222266801321011b6349005061046d8d642c0a464e34ab5c0c2324ff11ab03c720068bde4856704e2006a3e6683e80337b5ff28fb4320028fe2006840648073000a0067c06400f28069a300028b0060f0459d
15052729,165.16,2026-09-25T02:39:29.160000+00:00,DP0SNX,CQ,271,0,86A240404040E088A060A69CB06103F02706B9211812FF8F6985847A8EFFFF8B64618376B2ADC0400990DB80002B6AB568DC9EFF8E8D908E8F8EC0FF80FF8A8B8B8CB883879A90FFFF9A6380887E90FFFF9560667976B42FC2C00990DB81002B6AB569CC9EFF8F8E908E908EC6FF80FF8B8C8D8EBF7E839291FFFFA1607C838691FFFF9C5C62727BB1B3C6400990DB82002B6AB56ABC9EFF9090938F918FBBFF80FF8C8E8E8FB57D7E9D92FFFF975F7B7D8392FFFF925B5D7D81AF3248400990DB83002B6AB56BAC9EFF919094909391AEFF80FF8B8E8E90A97F82AF94FFFF8A627C857B93FFFF875C638C74B32E3F400990DB84002B6AB56C9C9EFF929093919391B8FF80FF8D8E8E90B37E8D27A4,2706b9211812ff8f6985847a8effff8b64618376b2adc0400990db80002b6ab568dc9eff8e8d908e8f8ec0ff80ff8a8b8b8cb883879a90ffff9a6380887e90ffff9560667976b42fc2c00990db81002b6ab569cc9eff8f8e908e908ec6ff80ff8b8c8d8ebf7e839291ffffa1607c838691ffff9c5c62727bb1b3c6400990db82002b6ab56abc9eff9090938f918fbbff80ff8c8e8e8fb57d7e9d92ffff975f7b7d8392ffff925b5d7d81af3248400990db83002b6ab56bac9eff919094909391aeff80ff8b8e8e90a97f82af94ffff8a627c857b93ffff875c638c74b32e3f400990db84002b6ab56c9c9eff929093919391b8ff80ff8d8e8e90b37e8d27a4
15052729,165.894,2026-09-25T02:39:29.894000+00:00,DP0SNX,CQ,146,1,86A240404040E088A060A69CB06103F02700BB4718000864E64700736AB5DEE4821CDA05303FC280000000000001CDA075ABA628000000000000029600000C0222266801321011B6349005061046D8D842C0A464A35035C0C2324FF15AB03C720068BDE4856704E2006A3EE683E802B7B5FF28FB4320028FE2006840648073800A0067C06380F28069A300028B0060F078A3,2700bb4718000864e64700736ab5dee4821cda05303fc280000000000001cda075aba628000000000000029600000c0222266801321011b6349005061046d8d842c0a464a35035c0c2324ff15ab03c720068bde4856704e2006a3ee683e802b7b5ff28fb4320028fe2006840648073800a0067c06380f28069a300028b0060f078a3
15052729,166.81,2026-09-25T02:39:30.810000+00:00,DP0SNX,CQ,271,2,86A240404040E088A060A69CB06103F02706BC231818797A837E90FFFF5B5B79837891FFFF595A635F4CB1ACA6400990DB8A002B6AB5723C9EFF8D8D888C8D8C79FF80FF878B8B8B78787D7C8EFFFF5959777D788FFFFF58575D5B44AEAC21C00990DB8B002B6AB5732C9EFF8C8C858B8C8A78FF80FF85898A8977757B788CFFFF5856747B788DFFFF56555B583DADAC1E400990DB8C002B6AB5741C9EFF8A8A83898A8874FF80FF83888888737577758AFFFF54567576778BFFFF4157575639AE281CC00990DB8D002B6AB5750C9EFF8989828889879BFF80FF8387888697727F7888FFFF7852737B7F89FFFF7854605839ADAF9EC00990DB8E002B6AB575FC9EFF888883888986B3FF80FF839520,2706bc231818797a837e90ffff5b5b79837891ffff595a635f4cb1aca6400990db8a002b6ab5723c9eff8d8d888c8d8c79ff80ff878b8b8b78787d7c8effff5959777d788fffff58575d5b44aeac21c00990db8b002b6ab5732c9eff8c8c858b8c8a78ff80ff85898a8977757b788cffff5856747b788dffff56555b583dadac1e400990db8c002b6ab5741c9eff8a8a83898a8874ff80ff83888888737577758affff54567576778bffff4157575639ae281cc00990db8d002b6ab5750c9eff8989828889879bff80ff8387888697727f7888ffff7852737b7f89ffff7854605839adaf9ec00990db8e002b6ab575fc9eff888883888986b3ff80ff839520
15052729,167.184,2026-09-25T02:39:31.184000+00:00,DP0SNX,CQ,271,1,86A240404040E088A060A69CB06103F02706BD24181B878887AF71778088FFFF8E5172747688FFFF8C52566046AA2AAA400990DB8F002B6AB576EC9EFF898986898987ADFF80FF83888887A973778E88FFFF885472757189FFFF8652566E61AAA937400990DB90002B6AB577DC9EFF89898A898B8894FF80FF8388878892747BA78AFFFF7256727B718AFFFF6F515A8568ADA938C00990DB91002B6AB578CC9EFF8A888A8A8C898BFF80FF8588878885779BA18BFFFF6A58749E7A8BFFFF6154797E68BE3037400990DB92002B6AB579BC9EFF8A898A8A8C8B8EFF80FF89878888898692A68CFFFF6D6583967A8BFFFF69626F8372B9AD3C400990DB93002B6AB57AAC9EFF8B8A8C8B8C8BA0FFCA8D,2706bd24181b878887af71778088ffff8e5172747688ffff8c52566046aa2aaa400990db8f002b6ab576ec9eff898986898987adff80ff83888887a973778e88ffff885472757189ffff8652566e61aaa937400990db90002b6ab577dc9eff89898a898b8894ff80ff8388878892747ba78affff7256727b718affff6f515a8568ada938c00990db91002b6ab578cc9eff8a888a8a8c898bff80ff8588878885779ba18bffff6a58749e7a8bffff6154797e68be3037400990db92002b6ab579bc9eff8a898a8a8c8b8eff80ff89878888898692a68cffff6d6583967a8bffff69626f8372b9ad3c400990db93002b6ab57aac9eff8b8a8c8b8c8ba0ffca8d
15052729,167.56,2026-09-25T02:39:31.560000+00:00,DP0SNX,CQ,271,1,86A240404040E088A060A69CB06103F02706BE25181E80FF888788889B8683A58CFFFF7D678484778CFFFF7A6461837EB1ABC2400990DB94002B6AB57B9C9EFF8C8A8F8C8E8C9EFF80FF88888889998A80AF8EFFFF7B6A8781778DFFFF7B675F8C81AEACC3400990DB95002B6AB57C8C9EFF8D8B908D8F8DA9FF80FF8889898AA58B83AD8FFFFF856B878D798FFFFF8566648A78B6AD3F400990DB96002B6AB57D7C9EFF8E8B8F8D8F8EBCFF80FF898A8A8BB685839690FFFF9765818A8190FFFF9561627474B530C0C00990DB97002B6AB57E6C9EFF8F8D918E908EB7FF80FF8A8B8B8CB1847E9791FFFF936481808291FFFF8F615E777FB03145C00990DB98002B6AB57F5C9EFF908E928F91C975,2706be25181e80ff888788889b8683a58cffff7d678484778cffff7a6461837eb1abc2400990db94002b6ab57b9c9eff8c8a8f8c8e8c9eff80ff88888889998a80af8effff7b6a8781778dffff7b675f8c81aeacc3400990db95002b6ab57c8c9eff8d8b908d8f8da9ff80ff8889898aa58b83ad8fffff856b878d798fffff8566648a78b6ad3f400990db96002b6ab57d7c9eff8e8b8f8d8f8ebcff80ff898a8a8bb685839690ffff9765818a8190ffff9561627474b530c0c00990db97002b6ab57e6c9eff8f8d918e908eb7ff80ff8a8b8b8cb1847e9791ffff936481808291ffff8f615e777fb03145c00990db98002b6ab57f5c9eff908e928f91c975
15052729,167.919,2026-09-25T02:39:31.919000+00:00,DP0SNX,CQ,146,0,86A240404040E088A060A69CB06103F02700BF4818000864E64800736AB5DEE6821CDA07303FC280000000000001CDA095ABA628000000000000029600000C0222266801321011B634B005061046D8D5C2C0A464A34475C0C2324FF13AB03C720068BBE408E70762006A3E6603678337B5FF28FB4320028FE2006840648073000A0067C06380F28069A300028B0060F0486E,2700bf4818000864e64800736ab5dee6821cda07303fc280000000000001cda095aba628000000000000029600000c0222266801321011b634b005061046d8d5c2c0a464a34475c0c2324ff13ab03c720068bbe408e70762006a3e6603678337b5ff28fb4320028fe2006840648073000a0067c06380f28069a300028b0060f0486e
15052729,169.21,2026-09-25T02:39:33.210000+00:00,DP0SNX,CQ,271,1,86A240404040E088A060A69CB06103F02706C1271824919092907EFF80FF8F8E8E8F7C8C8F8F93FFFF5F6C8D919293FFFF5B6D6E7069B93933400990DB9E002B6AB584FC9EFF90918F8F918F78FF80FF8D8D8E8E7785858892FFFF596685868392FFFF566565675DB3312D400990DB9F002B6AB585EC9EFF8F8F8C8E8F8E74FF80FF8A8C8D8D7384808091FFFF566483807C91FFFF5362606053B02E27400990DBA0002B6AB586DC9EFF8D8E898C8E8C72FF80FF888B8B8B71817C7B8FFFFF5261807C798FFFFF50605D5B4AAE2CA2C00990DBA1002B6AB587CC9EFF8C8C878B8C8A70FF80FF868A8A8A6F817A788DFFFF50608079778DFFFF4E605B5945AD2B9F400990DBA2002B6AB588BC9EE428,2706c1271824919092907eff80ff8f8e8e8f7c8c8f8f93ffff5f6c8d919293ffff5b6d6e7069b93933400990db9e002b6ab584fc9eff90918f8f918f78ff80ff8d8d8e8e7785858892ffff596685868392ffff566565675db3312d400990db9f002b6ab585ec9eff8f8f8c8e8f8e74ff80ff8a8c8d8d7384808091ffff566483807c91ffff5362606053b02e27400990dba0002b6ab586dc9eff8d8e898c8e8c72ff80ff888b8b8b71817c7b8fffff5261807c798fffff50605d5b4aae2ca2c00990dba1002b6ab587cc9eff8c8c878b8c8a70ff80ff868a8a8a6f817a788dffff50608079778dffff4e605b5945ad2b9f400990dba2002b6ab588bc9ee428
15052729,169.944,2026-09-25T02:39:33.944000+00:00,DP0SNX,CQ,146,1,86A240404040E088A060A69CB06103F02700C34918000864E64900736AB5DEE8821CDA09303FC280000000000001CDA0B5ABA628000000000000029600000C0222266801321011B634B005061046D8D642C0A464A34DB5C0C2324FF0DAB03C720068BDE4856704E2006A3EE683E802B7B5FF28FB4320028FE2006840640073008A0067C06380F28069A300028B0060F0EB30,2700c34918000864e64900736ab5dee8821cda09303fc280000000000001cda0b5aba628000000000000029600000c0222266801321011b634b005061046d8d642c0a464a34db5c0c2324ff0dab03c720068bde4856704e2006a3ee683e802b7b5ff28fb4320028fe2006840640073008a0067c06380f28069a300028b0060f0eb30
15052729,171.235,2026-09-25T02:39:35.235000+00:00,DP0SNX,CQ,271,0,86A240404040E088A060A69CB06103F02706C52A182D2B6AB5921C9EFF89888C898B899EFF80FF8787898994749CA28CFFFF7C5672A1788BFFFF715179806FBFAC3A400990DBAD002B6AB5930C9EFF8A898B8A8C8BA6FF80FF888788899E7491A88DFFFF845672957E8CFFFF7E526E846AB92F39400990DBAE002B6AB593FC9EFF8B8A8C8B8C8BBEFF80FF88888989B678878E8DFFFF99597689828DFFFF9356666D72B4313FC00990DBAF002B6AB594EC9EFF8C8C8D8B8D8BC5FF80FF89898A8ABE78818D8EFFFF9F597681868EFFFF9A56606D78B03344C00990DBB0002B6AB595DC9EFF8D8D8F8C8E8CBFFF80FF898B8B8CB9787C978FFFFF9A59757B838FFFFF96555B767FADB1C7C009900029,2706c52a182d2b6ab5921c9eff89888c898b899eff80ff8787898994749ca28cffff7c5672a1788bffff715179806fbfac3a400990dbad002b6ab5930c9eff8a898b8a8c8ba6ff80ff888788899e7491a88dffff845672957e8cffff7e526e846ab92f39400990dbae002b6ab593fc9eff8b8a8c8b8c8bbeff80ff88888989b678878e8dffff99597689828dffff9356666d72b4313fc00990dbaf002b6ab594ec9eff8c8c8d8b8d8bc5ff80ff89898a8abe78818d8effff9f597681868effff9a56606d78b03344c00990dbb0002b6ab595dc9eff8d8d8f8c8e8cbfff80ff898b8b8cb9787c978fffff9a59757b838fffff96555b767fadb1c7c009900029
15052729,171.969,2026-09-25T02:39:35.969000+00:00,DP0SNX,CQ,146,0,86A240404040E088A060A69CB06103F02700C74A18000864E64A00736AB5DEEA821CDA0B303FC280000000000001CDA0D5ABA628000000000000029600000C0222266801321011B62D9005061046D8D6C2C0A464A34E75C0C2324FF09AB03C720068BDE485670562006A3E6683E802B7B5FF28FB4308028FE2006840640072800A0067406380F28069A300028B0060F03082,2700c74a18000864e64a00736ab5deea821cda0b303fc280000000000001cda0d5aba628000000000000029600000c0222266801321011b62d9005061046d8d6c2c0a464a34e75c0c2324ff09ab03c720068bde485670562006a3e6683e802b7b5ff28fb4308028fe2006840640072800a0067406380f28069a300028b0060f03082
15052729,173.235,2026-09-25T02:39:37.235000+00:00,DP0SNX,CQ,271,1,86A240404040E088A060A69CB06103F02706C92D1804A9291BC00990DBBB002B6AB5A02C9EFF8685818687848EFF80FF7E8484848B6E759886FFFF6C4F6D756E87FFFF674F54763CAB26A0400990DBBC002B6AB5A11C9EFF8684838688859CFF80FF7E848383966C75A587FFFF794E6B767086FFFF764B54813FAB2823C00990DBBD002B6AB5A20C9EFF868485868885A8FF80FF7E848384A36C739D88FFFF844E6A737387FFFF8049517A58A92930C00990DBBE002B6AB5A2FC9EFF878488868985AFFF80FF7F848485A96D768589FFFF8B4E6A767788FFFF864D556470AAAABCC00990DBBF002B6AB5A3EC9EFF87858A8689859EFF80FF808584869B6F768589FFFF7B516C767C89FFFF7A496191,2706c92d1804a9291bc00990dbbb002b6ab5a02c9eff8685818687848eff80ff7e8484848b6e759886ffff6c4f6d756e87ffff674f54763cab26a0400990dbbc002b6ab5a11c9eff8684838688859cff80ff7e848383966c75a587ffff794e6b767086ffff764b54813fab2823c00990dbbd002b6ab5a20c9eff868485868885a8ff80ff7e848384a36c739d88ffff844e6a737387ffff8049517a58a92930c00990dbbe002b6ab5a2fc9eff878488868985afff80ff7f848485a96d768589ffff8b4e6a767788ffff864d556470aaaabcc00990dbbf002b6ab5a3ec9eff87858a8689859eff80ff808584869b6f768589ffff7b516c767c89ffff7a496191
15052729,173.969,2026-09-25T02:39:37.969000+00:00,DP0SNX,CQ,146,0,86A240404040E088A060A69CB06103F02700CB4B18000864E64B00736AB5DEEC821CDA0D303FC280000000000001CDA0F5ABA628000000000000029600000C0222266801321011B6309005061046D8D5C2C0A464A35BF5C0C2324FF05AB03C720068BDE4856704E2006A3EE683E802B7B57F28FB4308028FE2006840648073000A0067406380F28069A300028B0060F00FF3,2700cb4b18000864e64b00736ab5deec821cda0d303fc280000000000001cda0f5aba628000000000000029600000c0222266801321011b6309005061046d8d5c2c0a464a35bf5c0c2324ff05ab03c720068bde4856704e2006a3ee683e802b7b57f28fb4308028fe2006840648073000a0067406380f28069a300028b0060f00ff3
15052729,175.234,2026-09-25T02:39:39.234000+00:00,DP0SNX,CQ,271,1,86A240404040E088A060A69CB06103F02706CD30180D7390FFFF89565E8C6AB02A3C400990DBCA002B6AB5AE3C9EFF8F8C908E918EB6FF80FF888A8A8CAF797FAB92FFFF925B75817391FFFF8D555E8967B0AA3B400990DBCB002B6AB5AF2C9EFF8F8C908F918FBAFF80FF888A8A8CB37880A893FFFF955A74847492FFFF90545F8662B22ABA400990DBCC002B6AB5B01C9EFF908D8F8F918F99FF80FF888B8B8C9676828E93FFFF785873847792FFFF7353616D59B22C32400990DBCD002B6AB5B10C9EFF8F8C8C8D908D85FF80FF888A8A8B8379818091FFFF645A77817991FFFF615660604FB0ACAB400990DBCE002B6AB5B1FC9EFF8D8C898C8E8C7AFF80FF8689898A79797C7F8FFFFF5B77D4,2706cd30180d7390ffff89565e8c6ab02a3c400990dbca002b6ab5ae3c9eff8f8c908e918eb6ff80ff888a8a8caf797fab92ffff925b75817391ffff8d555e8967b0aa3b400990dbcb002b6ab5af2c9eff8f8c908f918fbaff80ff888a8a8cb37880a893ffff955a74847492ffff90545f8662b22aba400990dbcc002b6ab5b01c9eff908d8f8f918f99ff80ff888b8b8c9676828e93ffff785873847792ffff7353616d59b22c32400990dbcd002b6ab5b10c9eff8f8c8c8d908d85ff80ff888a8a8b8379818091ffff645a77817991ffff615660604fb0acab400990dbce002b6ab5b1fc9eff8d8c898c8e8c7aff80ff8689898a79797c7f8fffff5b77d4
15052729,175.609,2026-09-25T02:39:39.609000+00:00,DP0SNX,CQ,271,2,86A240404040E088A060A69CB06103F02706CE3118105A777C7490FFFF59575C5F46AEAAA5400990DBCF002B6AB5B2EC9EFF8C8A878B8C8A78FF80FF84888888777677828DFFFF58577577718DFFFF5654586140AC2921400990DBD0002B6AB5B3DC9EFF8A8985898B8874FF80FF82878687737675818BFFFF545675756F8CFFFF525455603BAB281D400990DBD1002B6AB5B4CC9EFF88878388898675FF80FF808585857372747F89FFFF545371746D8AFFFF514E545E36AB261AC00990DBD2002B6AB5B5BC9EFF87858387898590FF80FF7F8484848B6F769888FFFF6E516E776E88FFFF6B4E567745ABA724400990DBD3002B6AB5B6AC9EFF878584878986A5FF80FF808484849F6D84948836E7,2706ce3118105a777c7490ffff59575c5f46aeaaa5400990dbcf002b6ab5b2ec9eff8c8a878b8c8a78ff80ff84888888777677828dffff58577577718dffff5654586140ac2921400990dbd0002b6ab5b3dc9eff8a8985898b8874ff80ff82878687737675818bffff545675756f8cffff525455603bab281d400990dbd1002b6ab5b4cc9eff88878388898675ff80ff808585857372747f89ffff545371746d8affff514e545e36ab261ac00990dbd2002b6ab5b5bc9eff87858387898590ff80ff7f8484848b6f769888ffff6e516e776e88ffff6b4e567745aba724400990dbd3002b6ab5b6ac9eff878584878986a5ff80ff808484849f6d84948836e7
15052729,175.969,2026-09-25T02:39:39.969000+00:00,DP0SNX,CQ,146,0,86A240404040E088A060A69CB06103F02700CF4C18000864E64C00736AB5DEEE821CDA0F303FC280000000000001CDA115ABA628000000000000029600000C0222266801321011B6321005061046D8D542C0A464A35375C0C2324FF0FAB03C720068BBE408E70762006A3EE683E802B7B5FF28FB4320028FE2006840648073000A0067C06380F20069A300028B0060F08539,2700cf4c18000864e64c00736ab5deee821cda0f303fc280000000000001cda115aba628000000000000029600000c0222266801321011b6321005061046d8d542c0a464a35375c0c2324ff0fab03c720068bbe408e70762006a3ee683e802b7b5ff28fb4320028fe2006840648073000a0067c06380f20069a300028b0060f08539
15052729,176.841,2026-09-25T02:39:40.841000+00:00,DP0SNX,CQ,121,0,86A240404040E088A060A69CB06103F02702D0AF180008C8E10F00336AB5DEEE9E4D0001A0092769FCDA6168F9654523EC7DB383D47ABA8007800B7FEF7FFF7FFF7FFF1A599FE389DB7FFF7FFF7FFF3F08D2C1C500206AB5DEEF9E000000020000000000000000000000000000000000000000000000009DB2,2702d0af180008c8e10f00336ab5deee9e4d0001a0092769fcda6168f9654523ec7db383d47aba8007800b7fef7fff7fff7fff1a599fe389db7fff7fff7fff3f08d2c1c500206ab5deef9e000000020000000000000000000000000000000000000000000000009db2
15052729,177.084,2026-09-25T02:39:41.084000+00:00,DP0SNX,CQ,271,1,86A240404040E088A060A69CB06103F02706D1321813FFFF824F6C887188FFFF7E4C62703FB3A8A2C00990DBD4002B6AB5B79C9EFF878584878986ACFF80FF81858584A96E788388FFFF884F6E797B88FFFF844E576253AC2D2EC00990DBD5002B6AB5B88C9EFF88868787898692FF80FF818585858C72889A89FFFF6F5470897689FFFF6950667756B4AB30C00990DBD6002B6AB5B97C9EFF8886878789878BFF80FF8585858587848D9289FFFF6B6382918089FFFF64626B7064B3AE35C00990DBD7002B6AB5BA6C9EFF8888888889878CFF80FF868687868B82808489FFFF6B6181819889FFFF6B605F6370B03AB2C00990DBD8002B6AB5BB5C9EFF8889898889879EFF80FF86878887997D93F8,2706d1321813ffff824f6c887188ffff7e4c62703fb3a8a2c00990dbd4002b6ab5b79c9eff878584878986acff80ff81858584a96e788388ffff884f6e797b88ffff844e576253ac2d2ec00990dbd5002b6ab5b88c9eff88868787898692ff80ff818585858c72889a89ffff6f5470897689ffff6950667756b4ab30c00990dbd6002b6ab5b97c9eff8886878789878bff80ff8585858587848d9289ffff6b6382918089ffff64626b7064b3ae35c00990dbd7002b6ab5ba6c9eff8888888889878cff80ff868687868b82808489ffff6b6181819889ffff6b605f6370b03ab2c00990dbd8002b6ab5bb5c9eff8889898889879eff80ff86878887997d93f8
15052729,177.459,2026-09-25T02:39:41.459000+00:00,DP0SNX,CQ,271,2,86A240404040E088A060A69CB06103F02706D23318168B9389FFFF7C5E7C8B8E8AFFFF775C69716EB53639400990DBD9002B6AB5BC4C9EFF888A89898A8987FF80FF898788888286989F8AFFFF6666859B848AFFFF6465757C73BCB138C00990DBDA002B6AB5BD3C9EFF898A8B898B8A98FF80FF89878888918785948BFFFF766786867F8BFFFF7165647380B2AF41C00990DBDB002B6AB5BE2C9EFF8A8A8D898B8AA1FF80FF8888888999857F878CFFFF7F65847F808CFFFF7A625E688BAEB048400990DBDC002B6AB5BF1C9EFF8A8B8F8A8C8AAEFF80FF8789888AA683799E8DFFFF8A6480797D8DFFFF8660597C85ACAE46C00990DBDD002B6AB5C00C9EFF8C8B918B8E8BB5FF80FF8789895198,2706d23318168b9389ffff7c5e7c8b8e8affff775c69716eb53639400990dbd9002b6ab5bc4c9eff888a89898a8987ff80ff898788888286989f8affff6666859b848affff6465757c73bcb138c00990dbda002b6ab5bd3c9eff898a8b898b8a98ff80ff89878888918785948bffff766786867f8bffff7165647380b2af41c00990dbdb002b6ab5be2c9eff8a8a8d898b8aa1ff80ff8888888999857f878cffff7f65847f808cffff7a625e688baeb048400990dbdc002b6ab5bf1c9eff8a8b8f8a8c8aaeff80ff8789888aa683799e8dffff8a6480797d8dffff8660597c85acae46c00990dbdd002b6ab5c00c9eff8c8b918b8e8bb5ff80ff8789895198
15052729,177.834,2026-09-25T02:39:41.834000+00:00,DP0SNX,CQ,271,0,86A240404040E088A060A69CB06103F02706D33418198BAD8377A78FFFFF90647F77788EFFFF8B5E57867FAC2C44400990DBDE002B6AB5C0FC9EFF8D8B928C8F8CB9FF80FF878A898CB18177AB91FFFF94637D767590FFFF8F5C57887CABAB43C00990DBDF002B6AB5C1EC9EFF8E8C938D918DBAFF80FF878B8A8DB27D77AB92FFFF955F79767392FFFF9059578977ABAAC1C00990DBE0002B6AB5C2DC9EFF8F8C948E928EB9FF80FF878C8A8EB27B77AC94FFFF955D76777393FFFF9056568A70ABAA3F400990DBE1002B6AB5C3CC9EFF908D948F938FBBFF80FF878C8B8EB37977AB95FFFF965B74777494FFFF915457896DABAABDC00990DBE2002B6AB5C4BC9EFF918D9490948FBFFF80FF1E82,2706d33418198bad8377a78fffff90647f77788effff8b5e57867fac2c44400990dbde002b6ab5c0fc9eff8d8b928c8f8cb9ff80ff878a898cb18177ab91ffff94637d767590ffff8f5c57887cabab43c00990dbdf002b6ab5c1ec9eff8e8c938d918dbaff80ff878b8a8db27d77ab92ffff955f79767392ffff9059578977abaac1c00990dbe0002b6ab5c2dc9eff8f8c948e928eb9ff80ff878c8a8eb27b77ac94ffff955d76777393ffff9056568a70abaa3f400990dbe1002b6ab5c3cc9eff908d948f938fbbff80ff878c8b8eb37977ab95ffff965b74777494ffff915457896dabaabdc00990dbe2002b6ab5c4bc9eff918d9490948fbfff80ff1e82
15052729,178.194,2026-09-25T02:39:42.194000+00:00,DP0SNX,CQ,146,0,86A240404040E088A060A69CB06103F02700D44D18000864E64D00736AB5DEF0821CDA11303FC280000000000001CDA135ABA628000000000000029600000C0222266801321011B6333005061046D8D5C2C0A464A35375C0C2324FF0BAB03C720068BDE485E70462006A3EE603E782B7B5FF28FB4320028FE2006840648073000A0067C06380F28069A300028B0060F072C2,2700d44d18000864e64d00736ab5def0821cda11303fc280000000000001cda135aba628000000000000029600000c0222266801321011b6333005061046d8d5c2c0a464a35375c0c2324ff0bab03c720068bde485e70462006a3ee603e782b7b5ff28fb4320028fe2006840648073000a0067c06380f28069a300028b0060f072c2
15052729,179.078,2026-09-25T02:39:43.078000+00:00,DP0SNX,CQ,212,0,86A240404040E088A060A69CB06103F02702D5B0180008D3C1D000206AB5DEF09E00000002000000008080000000000000000000000000000000000000087DC4C300536AB5DEF09E0006A1524905FA05F805F805F7000004E0000004E0000000000000010B0000000000000000000000000000000000000000000000000000000000A153332DB6000C0000026F0138000000040000555508E6C21A00346AB5DEF19E7189D5A51D7C882D71ADA33C71EE5D2E78A9518E8FECA230728D93173FACDE2F71B983BF7FCEC52C78ADA1FA59FCB32DC4B9,2702d5b0180008d3c1d000206ab5def09e00000002000000008080000000000000000000000000000000000000087dc4c300536ab5def09e0006a1524905fa05f805f805f7000004e0000004e0000000000000010b0000000000000000000000000000000000000000000000000000000000a153332db6000c0000026f0138000000040000555508e6c21a00346ab5def19e7189d5a51d7c882d71ada33c71ee5d2e78a9518e8feca230728d93173facde2f71b983bf7fcec52c78ada1fa59fcb32dc4b9
15052729,179.409,2026-09-25T02:39:43.409000+00:00,DP0SNX,CQ,271,0,86A240404040E088A060A69CB06103F02706D635181C878C8B8EB77877A795FFFF9B5A73777695FFFF955357856DAC2BBEC00990DBE3002B6AB5C5AC9EFF918D938F938F9EFF80FF888D8C8F9A76778F96FFFF7C5972777895FFFF7752576F64AC2C37400990DBE4002B6AB5C69C9EFF908D908E928E8BFF80FF878C8B8E8876768195FFFF6B5872757A94FFFF6753566258AB2DAEC00990DBE5002B6AB5C78C9EFF8E8C8D8D908C83FF80FF858B8A8D8175777A93FFFF645572757D93FFFF6052575B4DAB2F28400990DBE6002B6AB5C87C9EFF8D8B8A8B8E8A81FF80FF848A898B7F73797C90FFFF615471787790FFFF5D51595C45ACABA3C00990DBE7002B6AB5C96C9EFF8B8A878A8D8978DA38,2706d635181c878c8b8eb77877a795ffff9b5a73777695ffff955357856dac2bbec00990dbe3002b6ab5c5ac9eff918d938f938f9eff80ff888d8c8f9a76778f96ffff7c5972777895ffff7752576f64ac2c37400990dbe4002b6ab5c69c9eff908d908e928e8bff80ff878c8b8e8876768195ffff6b5872757a94ffff6753566258ab2daec00990dbe5002b6ab5c78c9eff8e8c8d8d908c83ff80ff858b8a8d8175777a93ffff645572757d93ffff6052575b4dab2f28400990dbe6002b6ab5c87c9eff8d8b8a8b8e8a81ff80ff848a898b7f73797c90ffff615471787790ffff5d51595c45acaba3c00990dbe7002b6ab5c96c9eff8b8a878a8d8978da38
15052729,180.144,2026-09-25T02:39:44.144000+00:00,DP0SNX,CQ,146,0,86A240404040E088A060A69CB06103F02700D84E18000864E64E00736AB5DEF2821CDA13303FC280000000000001CDA155ABA628000000000000029600000C0222266801321011B633F005061046D8D7C2C0A464A34635C0C2324FF0BAB03C7200683DE4856704E2006A3EE603E802B7B5FF28FB4308028FE20067C0640073000A0067C06380F28069A300028B0060F02EC6,2700d84e18000864e64e00736ab5def2821cda13303fc280000000000001cda155aba628000000000000029600000c0222266801321011b633f005061046d8d7c2c0a464a34635c0c2324ff0bab03c7200683de4856704e2006a3ee603e802b7b5ff28fb4308028fe20067c0640073000a0067c06380f28069a300028b0060f02ec6
15052729,181.059,2026-09-25T02:39:45.059000+00:00,DP0SNX,CQ,271,1,86A240404040E088A060A69CB06103F02706D93718228C88BCFF80FF82888788B77374958BFFFF97557178708BFFFF9450537458AC2835C00990DBED002B6AB5CF0C9EFF8B888B8A8C89BEFF80FF83888789B97874868CFFFF99597575728CFFFF955452656CAAA93F400990DBEE002B6AB5CFFC9EFF8B898E8A8D89C1FF80FF848A888ABC7B757E8DFFFF9C5C7974788EFFFF9958545F78AA2C45C00990DBEF002B6AB5D0EC9EFF8C8B8F8B8E8AC6FF80FF868B8A8CC07B77858EFFFFA05C7876818FFFFF9D58576676ABB145400990DBF0002B6AB5D1DC9EFF8D8C908C8F8BC7FF80FF888C8B8DC17B7A8C90FFFFA15C78788690FFFF9E575A6D76ACB2C5C00990DBF1002B6AB5D2CC9EFF8E7184,2706d93718228c88bcff80ff82888788b77374958bffff97557178708bffff9450537458ac2835c00990dbed002b6ab5cf0c9eff8b888b8a8c89beff80ff83888789b97874868cffff99597575728cffff955452656caaa93f400990dbee002b6ab5cffc9eff8b898e8a8d89c1ff80ff848a888abc7b757e8dffff9c5c7974788effff9958545f78aa2c45c00990dbef002b6ab5d0ec9eff8c8b8f8b8e8ac6ff80ff868b8a8cc07b77858effffa05c7876818fffff9d58576676abb145400990dbf0002b6ab5d1dc9eff8d8c908c8f8bc7ff80ff888c8b8dc17b7a8c90ffffa15c78788690ffff9e575a6d76acb2c5c00990dbf1002b6ab5d2cc9eff8e7184
15052729,181.434,2026-09-25T02:39:45.434000+00:00,DP0SNX,CQ,271,0,86A240404040E088A060A69CB06103F02706DA3818258E918D908CC6FF80FF898D8C8FC07C7A9191FFFFA15E79798791FFFF9E595A7179ACB3C6C00990DBF2002B6AB5D3BC9EFF8F8F938E918EC4FF80FF8A8E8D90BE7E7A9792FFFF9F5F7B788692FFFF9B5B5A777CACB347400990DBF3002B6AB5D4AC9EFF9090958F928FC1FF80FF8B8F8E91BB7F7A9F94FFFF9C617C788594FFFF985C5A7F7FACB2C7C00990DBF4002B6AB5D59C9EFF919197909490BBFF80FF8B908F92B5807AA895FFFF97627D798295FFFF935D5A8780AD31C6C00990DBF5002B6AB5D68C9EFF929198919591B1FF80FF8C908F93AB817AB397FFFF8E637C797F96FFFF8A5D5A927BACAFC3400990DBF6002B6AB5D77C8267,2706da3818258e918d908cc6ff80ff898d8c8fc07c7a9191ffffa15e79798791ffff9e595a7179acb3c6c00990dbf2002b6ab5d3bc9eff8f8f938e918ec4ff80ff8a8e8d90be7e7a9792ffff9f5f7b788692ffff9b5b5a777cacb347400990dbf3002b6ab5d4ac9eff9090958f928fc1ff80ff8b8f8e91bb7f7a9f94ffff9c617c788594ffff985c5a7f7facb2c7c00990dbf4002b6ab5d59c9eff919197909490bbff80ff8b908f92b5807aa895ffff97627d798295ffff935d5a8780ad31c6c00990dbf5002b6ab5d68c9eff929198919591b1ff80ff8c908f93ab817ab397ffff8e637c797f96ffff8a5d5a927bacafc3400990dbf6002b6ab5d77c8267
15052729,181.809,2026-09-25T02:39:45.809000+00:00,DP0SNX,CQ,271,1,86A240404040E088A060A69CB06103F02706DB3918289EFF939198929692A5FF80FF8B908F939F7E7ABC98FFFF82617A7A7A97FFFF7E5A5B9970ADAE3B400990DBF7002B6AB5D86C9EFF939198929793ADFF80FF8A908E92A77B79B899FFFF8B5F76797A98FFFF87575A9569ACAE39400990DBF8002B6AB5D95C9EFF949097929792BEFF80FF8A908F92B6797AAA99FFFF995C747A7C98FFFF945459896BADAEBC400990DBF9002B6AB5DA4C9EFF949197939792C5FF80FF8B918F92BD787CA499FFFFA05B737C7E98FFFF9A545C846BAEAFBDC00990DBFA002B6AB5DB3C9EFF949196939792A2FF80FF8B9190939F777F8E99FFFF8059737E8099FFFF7B535E6D5FAFB035C00990DBFB002B6A9C80,2706db3918289eff939198929692a5ff80ff8b908f939f7e7abc98ffff82617a7a7a97ffff7e5a5b9970adae3b400990dbf7002b6ab5d86c9eff939198929793adff80ff8a908e92a77b79b899ffff8b5f76797a98ffff87575a9569acae39400990dbf8002b6ab5d95c9eff949097929792beff80ff8a908f92b6797aaa99ffff995c747a7c98ffff945459896badaebc400990dbf9002b6ab5da4c9eff949197939792c5ff80ff8b918f92bd787ca499ffffa05b737c7e98ffff9a545c846baeafbdc00990dbfa002b6ab5db3c9eff949196939792a2ff80ff8b9190939f777f8e99ffff8059737e8099ffff7b535e6d5fafb035c00990dbfb002b6a9c80
15052729,182.169,2026-09-25T02:39:46.169000+00:00,DP0SNX,CQ,146,0,86A240404040E088A060A69CB06103F02700DC4F18000864E64F00736AB5DEF4821CDA15303FC280000000000001CDA175ABA628000000000000029600000C0222266801321011B6341005061046D8D542C0A464A352B5C0C2324FF05AB03C720068BDE405670462006A3E6603E78337B5FF28FB4320028FE20067C0640073000A0067C06380F20069A300028B0060F03F21,2700dc4f18000864e64f00736ab5def4821cda15303fc280000000000001cda175aba628000000000000029600000c0222266801321011b6341005061046d8d542c0a464a352b5c0c2324ff05ab03c720068bde405670462006a3e6603e78337b5ff28fb4320028fe20067c0640073000a0067c06380f20069a300028b0060f03f21
15052729,183.434,2026-09-25T02:39:47.434000+00:00,DP0SNX,CQ,271,1,86A240404040E088A060A69CB06103F02706DE3B1828B89C878686AAB9B99C2BFF062023FF012224FF0402FFFF010D0C00005A4C00008404800000000040092CDBF100416AB54E9C9ECAFF9C9CCAFF9C84CBFF9C9CFFFF9D8685848486B8B89C878686A3B9B99C29FF061E28FF011B25FF0402FFFF010E120006664C00008483010000000040092CDBF200416AB54F8C9ECBFF9C9CCAFF9C85CBFF9C9BFFFF9C8684848486BABA9C8585859DB9B99C13FF060223FF011614FF043AFFFF011E070604670000008300030000000040092CDBF300416AB5507C9ECBFF9C9CCBFF9C84CBFF9C9CFFFF9D8584848586BABA9C8585859CB9B99C13FF060224FF010110FF040BFFFF0101010C11530000A6B4,2706de3b1828b89c878686aab9b99c2bff062023ff012224ff0402ffff010d0c00005a4c00008404800000000040092cdbf100416ab54e9c9ecaff9c9ccaff9c84cbff9c9cffff9d8685848486b8b89c878686a3b9b99c29ff061e28ff011b25ff0402ffff010e120006664c00008483010000000040092cdbf200416ab54f8c9ecbff9c9ccaff9c85cbff9c9bffff9c8684848486baba9c8585859db9b99c13ff060223ff011614ff043affff011e070604670000008300030000000040092cdbf300416ab5507c9ecbff9c9ccbff9c84cbff9c9cffff9d8584848586baba9c8585859cb9b99c13ff060224ff010110ff040bffff0101010c11530000a6b4
15052729,185.084,2026-09-25T02:39:49.084000+00:00,DP0SNX,CQ,271,0,86A240404040E088A060A69CB06103F02706E13D18329DFFFF9D8684858486BABA9C8685869BB9B99C13FF060224FF010613FF0402FFFF0105031004380000008100058000000040092CDBF800416AB5552C9ECAFF9C9DCAFF9C84CBFF9D9DFFFF9D8584858586BABA9C8585869CB9B99D13FF060229FF010310FF0402FFFF0102021009310000008100090000000040092CDBF900416AB5561C9ECBFF9C9DCAFF9C84CBFF9D9DFFFF9D8584858486BABA9C8585869DB9B99D13FF060227FF010012FF0402FFFF0100000E0B2A0000008000078000000040092CDBFA00416AB5570C9ECAFF9C9DCAFF9C84CBFF9C9DFFFF9D8584858586BABA9C8585869EB9B99C13FF060228FF010012FF0403C589,2706e13d18329dffff9d8684858486baba9c8685869bb9b99c13ff060224ff010613ff0402ffff0105031004380000008100058000000040092cdbf800416ab5552c9ecaff9c9dcaff9c84cbff9d9dffff9d8584858586baba9c8585869cb9b99d13ff060229ff010310ff0402ffff0102021009310000008100090000000040092cdbf900416ab5561c9ecbff9c9dcaff9c84cbff9d9dffff9d8584858486baba9c8585869db9b99d13ff060227ff010012ff0402ffff0100000e0b2a0000008000078000000040092cdbfa00416ab5570c9ecaff9c9dcaff9c84cbff9c9dffff9d8584858586baba9c8585869eb9b99c13ff060228ff010012ff0403c589
15052729,186.194,2026-09-25T02:39:50.194000+00:00,DP0SNX,CQ,146,0,86A240404040E088A060A69CB06103F02700E45118000864E65100736AB5DEF8821CDA19303FC280000000000001CDA1B5ABA628000000000000029600000C0222266801321011B633F005061046D8D3C2C0A464B594762043324FF0DAB03C7200683DE4856704620069BEE603E802B7B5FF28FB4320028FE20068406480F3000A0067406380F28069A300028B0060F07DBC,2700e45118000864e65100736ab5def8821cda19303fc280000000000001cda1b5aba628000000000000029600000c0222266801321011b633f005061046d8d3c2c0a464b594762043324ff0dab03c7200683de4856704620069bee603e802b7b5ff28fb4320028fe20068406480f3000a0067406380f28069a300028b0060f07dbc
15052729,187.085,2026-09-25T02:39:51.085000+00:00,DP0SNX,CQ,271,1,86A240404040E088A060A69CB06103F02706E540181D060223FF01000FFF0402FFFF0100FF0000FF00000080007F8000000040092CDC0200416AB55E8C9ECBFF9C9CCBFF9C81CBFF9C9CFFFF9D82818181ACBABA9C828282ACB9B99C13FF060222FF010014FF0407FFFF01FF000001000000008000008000000040092CDC0300416AB55F7C9ECBFF9C9CCBFF9C84CBFF9C9DFFFF9D85838484AEBABA9C848485ACB9B99C13FF060223FF010014FF0402FFFF01FFFF09180000000080000C8000000040092CDC0400416AB5606C9ECBFF9C9CCAFF9C84CBFF9C9CFFFF9D85838584A5BABA9C848485A4B9B99C13FF060222FF01FF14FF0402FFFF01000017120000000080000D8000000040092C80DB,2706e540181d060223ff01000fff0402ffff0100ff0000ff00000080007f8000000040092cdc0200416ab55e8c9ecbff9c9ccbff9c81cbff9c9cffff9d82818181acbaba9c828282acb9b99c13ff060222ff010014ff0407ffff01ff000001000000008000008000000040092cdc0300416ab55f7c9ecbff9c9ccbff9c84cbff9c9dffff9d85838484aebaba9c848485acb9b99c13ff060223ff010014ff0402ffff01ffff09180000000080000c8000000040092cdc0400416ab5606c9ecbff9c9ccaff9c84cbff9c9cffff9d85838584a5baba9c848485a4b9b99c13ff060222ff01ff14ff0402ffff01000017120000000080000d8000000040092c80db
15052729,187.46,2026-09-25T02:39:51.460000+00:00,DP0SNX,CQ,271,1,86A240404040E088A060A69CB06103F02706E6411846DC0500416AB5615C9ECBFF9C9CCBFF9C83CBFF9C9DFFFF9D85848383A6BABA9C868585A7B9B99C13FF060227FF010013FF0402FFFF01FF170000000000008980820000000040092CDC0600416AB5624C9ECBFF9C9CCBFF9C82CBFF9C9BFFFF9C84828282ABBABA9C848484A7B9B99C14FF060224FF010613FF042BFFFF0110000000000000008004000000000040092CDC0700416AB5633C9ECBFF9C9CCBFF9C85CBFF9C9DFFFF9D86858584AABABA9C868586A7B9B99C13FF060224FF011C13FF0402FFFF01220D0000000000008501000000000040092CDC0800416AB5642C9ECBFF9C9CCBFF9C84CBFF9C9DFFFF9D868684859BBABAB436,2706e6411846dc0500416ab5615c9ecbff9c9ccbff9c83cbff9c9dffff9d85848383a6baba9c868585a7b9b99c13ff060227ff010013ff0402ffff01ff170000000000008980820000000040092cdc0600416ab5624c9ecbff9c9ccbff9c82cbff9c9bffff9c84828282abbaba9c848484a7b9b99c14ff060224ff010613ff042bffff0110000000000000008004000000000040092cdc0700416ab5633c9ecbff9c9ccbff9c85cbff9c9dffff9d86858584aababa9c868586a7b9b99c13ff060224ff011c13ff0402ffff01220d0000000000008501000000000040092cdc0800416ab5642c9ecbff9c9ccbff9c84cbff9c9dffff9d868684859bbabab436
15052729,187.835,2026-09-25T02:39:51.835000+00:00,DP0SNX,CQ,271,2,86A240404040E088A060A69CB06103F02706E74218279C8686869EB9B99C14FF060224FF010313FF0402FFFF010317020E000000008700060000000040092CDC0900416AB5651C9ECBFF9C9CCAFF9C83CBFF9D9DFFFF9D84838383A2BABA9C848484A1B9B99C14FF060223FF010913FF0402FFFF010A010100000000008087800000000040092CDC0A00416AB5660C9ECBFF9C9CCBFF9C84CBFF9C9CFFFF9D858484859FBABA9C8585859EB9B99C13FF060224FF010112FF0404FFFF0101000D120000000080000A0000000040092CDC0B00416AB566FC9ECBFF9C9CCBFF9C85CBFF9D9DFFFF9D858485859CBABA9C8585869CB9B99C14FF060224FF010613FF0402FFFF010900100A0000000077B6,2706e74218279c8686869eb9b99c14ff060224ff010313ff0402ffff010317020e000000008700060000000040092cdc0900416ab5651c9ecbff9c9ccaff9c83cbff9d9dffff9d84838383a2baba9c848484a1b9b99c14ff060223ff010913ff0402ffff010a010100000000008087800000000040092cdc0a00416ab5660c9ecbff9c9ccbff9c84cbff9c9cffff9d858484859fbaba9c8585859eb9b99c13ff060224ff010112ff0404ffff0101000d120000000080000a0000000040092cdc0b00416ab566fc9ecbff9c9ccbff9c85cbff9d9dffff9d858485859cbaba9c8585869cb9b99c14ff060224ff010613ff0402ffff010900100a0000000077b6
15052729,188.194,2026-09-25T02:39:52.194000+00:00,DP0SNX,CQ,146,0,86A240404040E088A060A69CB06103F02700E85218000864E65200736AB5DEFA821CDA1B303FC280000000000001CDA1D5ABA628000000000000029600000C0222266801321011B633D005061046D8D5C2C0A464B588B62043324FF0BAB03C720068BDE485670462006A3EE603E802B7B5FF28FB4308028FE2006840648073008A0067406380F28069A300028B0060F0DA5F,2700e85218000864e65200736ab5defa821cda1b303fc280000000000001cda1d5aba628000000000000029600000c0222266801321011b633d005061046d8d5c2c0a464b588b62043324ff0bab03c720068bde485670462006a3ee603e802b7b5ff28fb4308028fe2006840648073008a0067406380f28069a300028b0060f0da5f
15052729,189.085,2026-09-25T02:39:53.085000+00:00,DP0SNX,CQ,271,1,86A240404040E088A060A69CB06103F02706E94318088100098000000040092CDC0C00416AB567EC9ECBFF9C9DCBFF9C84CBFF9C9CFFFF9D858485859EBABA9C8585869EB9B99C13FF060223FF010312FF0403FFFF0102020A0B000000008100090000000040092CDC0D00416AB568DC9ECBFF9C9DCAFF9C84CBFF9D9DFFFF9D858484859FBABA9C8585869DB9B99C13FF060224FF010213FF0402FFFF010203070E000000008100888000000040092CDC0E00416AB569CC9ECBFF9C9DCAFF9C84CBFF9C9DFFFF9D85848484A0BABA9C8585869CB9B99C13FF060224FF010113FF0402FFFF010100080D000000008001078000000040092CDC0F00416AB56ABC9ECBFF9C9DCAFF9C84CBFF9D9D87E7,2706e94318088100098000000040092cdc0c00416ab567ec9ecbff9c9dcbff9c84cbff9c9cffff9d858485859ebaba9c8585869eb9b99c13ff060223ff010312ff0403ffff0102020a0b000000008100090000000040092cdc0d00416ab568dc9ecbff9c9dcaff9c84cbff9d9dffff9d858484859fbaba9c8585869db9b99c13ff060224ff010213ff0402ffff010203070e000000008100888000000040092cdc0e00416ab569cc9ecbff9c9dcaff9c84cbff9c9dffff9d85848484a0baba9c8585869cb9b99c13ff060224ff010113ff0402ffff010100080d000000008001078000000040092cdc0f00416ab56abc9ecbff9c9dcaff9c84cbff9d9d87e7
15052729,189.46,2026-09-25T02:39:53.460000+00:00,DP0SNX,CQ,271,1,86A240404040E088A060A69CB06103F02706EA441831FFFF9D858485859DBABA9C85858699B9B99D14FF060224FF010312FF0402FFFF0103FF0F08000000008000078000000040092CDC1000416AB56BAC9ECBFF9C9DCBFF9C85CBFF9C9DFFFF9D8685858592BABA9C86868690B9B99C14FF060224FF010012FF0402FFFF01000B0C08000000008400070000000040092CDC1100416AB56C9C9ECAFF9C9DCAFF9C84CBFF9D9CFFFF9D85848484A6BABA9C858686A4B9B99D14FF060224FF010011FF0405FFFF01FF000012000000008004078000000040092CDC1200416AB56D8C9ECAFF9C9DCBFF9C85CBFF9C9CFFFF9C858485858FBABA9C8485855CB9B99C13FF060223FF011211FF042BFFA76F,2706ea441831ffff9d858485859dbaba9c85858699b9b99d14ff060224ff010312ff0402ffff0103ff0f08000000008000078000000040092cdc1000416ab56bac9ecbff9c9dcbff9c85cbff9c9dffff9d8685858592baba9c86868690b9b99c14ff060224ff010012ff0402ffff01000b0c08000000008400070000000040092cdc1100416ab56c9c9ecaff9c9dcaff9c84cbff9d9cffff9d85848484a6baba9c858686a4b9b99d14ff060224ff010011ff0405ffff01ff000012000000008004078000000040092cdc1200416ab56d8c9ecaff9c9dcbff9c85cbff9c9cffff9c858485858fbaba9c8485855cb9b99c13ff060223ff011211ff042bffa76f
15052729,189.835,2026-09-25T02:39:53.835000+00:00,DP0SNX,CQ,271,0,86A240404040E088A060A69CB06103F02706EB451812FF011AFF12000000000080007F8000000040092CDC1300416AB56E7C9ECAFF9C9DCAFF9C85CBFF9D9DFFFF9D86858584A4BABA9C868686A1B9B99D13FF060224FF011712FF0402FFFF01170600000000000083007F8000000040092CDC1400416AB56F6C9ECAFF9C9DCBFF9C82CBFF9C9DFFFF9D8382828212BABA9C83838312B9B99C14FF060223FF010013FF0402FFFF01FFFF0000FF00000080007F8000000040092CDC1500416AB5705C9ECBFF9C9DCAFF9C82CBFF9C9DFFFF9D8382828211BABA9C83838311B9B99D13FF060223FF010013FF0402FFFF01FF000000FF00000080007F8000000040092CDC1600416AB5714C9ECBFF543B,2706eb451812ff011aff12000000000080007f8000000040092cdc1300416ab56e7c9ecaff9c9dcaff9c85cbff9d9dffff9d86858584a4baba9c868686a1b9b99d13ff060224ff011712ff0402ffff01170600000000000083007f8000000040092cdc1400416ab56f6c9ecaff9c9dcbff9c82cbff9c9dffff9d8382828212baba9c83838312b9b99c14ff060223ff010013ff0402ffff01ffff0000ff00000080007f8000000040092cdc1500416ab5705c9ecbff9c9dcaff9c82cbff9c9dffff9d8382828211baba9c83838311b9b99d13ff060223ff010013ff0402ffff01ff000000ff00000080007f8000000040092cdc1600416ab5714c9ecbff543b
15052729,190.194,2026-09-25T02:39:54.194000+00:00,DP0SNX,CQ,146,2,86A240404040E088A060A69CB06103F02700EC5318000864E65300736AB5DEFC821CDA1D303FC280000000000001CDA1F5ABA628000000000000029600000C0222266801321011B6343005061046D8D642C0A464B580362043324FF0BAB03C720068BDE4856704620069BEE603E802B7B57F28FB4308028FE2006840648073000A0067C06380F20069A300028B0060F0E353,2700ec5318000864e65300736ab5defc821cda1d303fc280000000000001cda1f5aba628000000000000029600000c0222266801321011b6343005061046d8d642c0a464b580362043324ff0bab03c720068bde4856704620069bee603e802b7b57f28fb4308028fe2006840648073000a0067c06380f20069a300028b0060f0e353
15052729,191.085,2026-09-25T02:39:55.085000+00:00,DP0SNX,CQ,271,0,86A240404040E088A060A69CB06103F02702EDB11800087AC656006C6AB5DEFC9EFFFC00000001FDFC000000000000000F7FC00000001FDFC00000000000000000000000000000000000000000000000000000000000000000000000000000000CC00033000CD00000F000000000000000000000000000000000000000000000F1A880003E6A2000000990DBFE002B6AB5DEFC9EFF8E8D898D908C79FF80FF868C8B8C77787B8090FFFF5959777A7491FFFF56575A603CADAAB140092CDC1700416AB5DEFC9ECBFF9C9CCBFF9C81CBFF9B9CFFFF9C818181811DBABA9C8181811DB9B99C12FF060223FF010013FF2902FFFF04FF000000FF000000FF7FFF81800000400878EDA6004C6AB5DEFC3FA2,2702edb11800087ac656006c6ab5defc9efffc00000001fdfc000000000000000f7fc00000001fdfc00000000000000000000000000000000000000000000000000000000000000000000000000000000cc00033000cd00000f000000000000000000000000000000000000000000000f1a880003e6a2000000990dbfe002b6ab5defc9eff8e8d898d908c79ff80ff868c8b8c77787b8090ffff5959777a7491ffff56575a603cadaab140092cdc1700416ab5defc9ecbff9c9ccbff9c81cbff9b9cffff9c818181811dbaba9c8181811db9b99c12ff060223ff010013ff2902ffff04ff000000ff000000ff7fff81800000400878eda6004c6ab5defc3fa2
15052729,191.441,2026-09-25T02:39:55.441000+00:00,DP0SNX,CQ,121,0,86A240404040E088A060A69CB06103F02702EEB218499E0000000000000080000000000000000000000000000000800000000000000000003200000000000000000000000000000000000000000000000000000000000000090000000000000882C03E00116AB5DEFD9E81A0D66F0877000070B4049F2349E6,2702eeb218499e0000000000000080000000000000000000000000000000800000000000000000003200000000000000000000000000000000000000000000000000000000000000090000000000000882c03e00116ab5defd9e81a0d66f0877000070b4049f2349e6
15052729,191.685,2026-09-25T02:39:55.685000+00:00,DP0SNX,CQ,271,0,86A240404040E088A060A69CB06103F02706EF46183B9C9CCBFF9C82CBFF9C9DFFFF9D8382828211BABA9C83838311B9B99C14FF060224FF010013FF0402FFFF01FFFF0000FF00000080007F8000000040092CDC1800416AB5723C9ECBFF9C9DCBFF9C82CBFF9D9DFFFF9D8282828111BABA9C82828311B9B99C13FF060224FF010012FF0402FFFF0100FF0000FF00000080007F8000000040092CDC1900416AB5732C9ECBFF9C9CCAFF9C81CBFF9C9DFFFF9D8281818112BABA9C82828213B9B99C13FF060223FF010013FF0402FFFF01FF000000FF00000080007F8000000040092CDC1A00416AB5741C9ECBFF9C9CCBFF9C81CBFF9C9CFFFF9C82818181AFBABA9C828282B0B9B99C12FF060DDB,2706ef46183b9c9ccbff9c82cbff9c9dffff9d8382828211baba9c83838311b9b99c14ff060224ff010013ff0402ffff01ffff0000ff00000080007f8000000040092cdc1800416ab5723c9ecbff9c9dcbff9c82cbff9d9dffff9d8282828111baba9c82828311b9b99c13ff060224ff010012ff0402ffff0100ff0000ff00000080007f8000000040092cdc1900416ab5732c9ecbff9c9ccaff9c81cbff9c9dffff9d8281818112baba9c82828213b9b99c13ff060223ff010013ff0402ffff01ff000000ff00000080007f8000000040092cdc1a00416ab5741c9ecbff9c9ccbff9c81cbff9c9cffff9c82818181afbaba9c828282b0b9b99c12ff060ddb
15052729,192.044,2026-09-25T02:39:56.044000+00:00,DP0SNX,CQ,146,0,86A240404040E088A060A69CB06103F02700F05418000864E65400736AB5DEFE821CDA1F303FC280000000000001CDA215ABA628000000000000029600000C0222266801321011B633F005061046D8D642C0A464B58B762043324FF0BAB03C720068BDE4856704620069BEE603E80337B57F28FB4320028FE2006840640073000A0067406400F28069A300028B0060F06615,2700f05418000864e65400736ab5defe821cda1f303fc280000000000001cda215aba628000000000000029600000c0222266801321011b633f005061046d8d642c0a464b58b762043324ff0bab03c720068bde4856704620069bee603e80337b57f28fb4320028fe2006840640073000a0067406400f28069a300028b0060f06615
15052729,192.935,2026-09-25T02:39:56.935000+00:00,DP0SNX,CQ,271,0,86A240404040E088A060A69CB06103F02706F147181C0224FF010112FF041DFFFF01010000000000000080007F8000000040092CDC1B00416AB5750C9ECBFF9C9CCBFF9C83CBFF9D9CFFFF9D858384846CBABA9C858585B2B9B99C13FF060224FF010014FF0402FFFF01000200210000000080008D0000000040092CDC1C00416AB575FC9ECBFF9C9CCBFF9C84CBFF9C9DFFFF9D85838484B1BABA9C848485ADB9B99C13FF060222FF010012FF0402FFFF01FFFF07190000000080000B8000000040092CDC1D00416AB576EC9ECBFF9C9CCAFF9C84CBFF9C9DFFFF9D84838484A9BABA9C848485A5B9B99C13FF060223FF010013FF0402FFFF0100FF0F12000000008000090000000040092CDC696C,2706f147181c0224ff010112ff041dffff01010000000000000080007f8000000040092cdc1b00416ab5750c9ecbff9c9ccbff9c83cbff9d9cffff9d858384846cbaba9c858585b2b9b99c13ff060224ff010014ff0402ffff01000200210000000080008d0000000040092cdc1c00416ab575fc9ecbff9c9ccbff9c84cbff9c9dffff9d85838484b1baba9c848485adb9b99c13ff060222ff010012ff0402ffff01ffff07190000000080000b8000000040092cdc1d00416ab576ec9ecbff9c9ccaff9c84cbff9c9dffff9d84838484a9baba9c848485a5b9b99c13ff060223ff010013ff0402ffff0100ff0f12000000008000090000000040092cdc696c
15052729,193.31,2026-09-25T02:39:57.310000+00:00,DP0SNX,CQ,271,2,86A240404040E088A060A69CB06103F02706F24818451E00416AB577DC9ECBFF9C9CCBFF9C84CBFF9C9DFFFF9D848485849DBABA9C8484859BB9B99C13FF060223FF010013FF0402FFFF010001140D000000008100090000000040092CDC1F00416AB578CC9ECBFF9C9CCBFF9C85CBFF9C9CFFFF9D85858584A7BABA9C868585A3B9B99C13FF060223FF010B13FF0410FFFF010F0F0700000000008700800000000040092CDC2000416AB579BC9ECBFF9C9CCAFF9C84CBFF9C9CFFFF9D85848584A4BABA9C858585A2B9B99C14FF060227FF010113FF0402FFFF01000009130000000080000D0000000040092CDC2100416AB57AAC9ECBFF9C9CCAFF9C85CBFF9C9CFFFF9D858485859FBABA9C7515,2706f24818451e00416ab577dc9ecbff9c9ccbff9c84cbff9c9dffff9d848485849dbaba9c8484859bb9b99c13ff060223ff010013ff0402ffff010001140d000000008100090000000040092cdc1f00416ab578cc9ecbff9c9ccbff9c85cbff9c9cffff9d85858584a7baba9c868585a3b9b99c13ff060223ff010b13ff0410ffff010f0f0700000000008700800000000040092cdc2000416ab579bc9ecbff9c9ccaff9c84cbff9c9cffff9d85848584a4baba9c858585a2b9b99c14ff060227ff010113ff0402ffff01000009130000000080000d0000000040092cdc2100416ab57aac9ecbff9c9ccaff9c85cbff9c9cffff9d858485859fbaba9c7515
15052729,193.685,2026-09-25T02:39:57.685000+00:00,DP0SNX,CQ,271,2,86A240404040E088A060A69CB06103F02706F34918268585869EB9B99C13FF060223FF010614FF0406FFFF0107000F09000000008000088000000040092CDC2200416AB57B9C9ECBFF9C9CCBFF9C85CBFF9C9CFFFF9D868486859CBABA9C8585869CB9B99C13FF060224FF010613FF0402FFFF0108011605000000008080070000000040092CDC2300416AB57C8C9ECBFF9C9CCBFF9C85CBFF9D9DFFFF9D8684858597BABA9C8686869AB9B99C13FF060223FF010413FF0402FFFF0104010B0B000000008380890000000040092CDC2400416AB57D7C9ECBFF9C9DCBFF9C84CBFF9C9CFFFF9D86848484A2BABA9C858586A0B9B99C13FF060223FF010413FF0404FFFF010401020A0000000080CB70,2706f34918268585869eb9b99c13ff060223ff010614ff0406ffff0107000f09000000008000088000000040092cdc2200416ab57b9c9ecbff9c9ccbff9c85cbff9c9cffff9d868486859cbaba9c8585869cb9b99c13ff060224ff010613ff0402ffff0108011605000000008080070000000040092cdc2300416ab57c8c9ecbff9c9ccbff9c85cbff9d9dffff9d8684858597baba9c8686869ab9b99c13ff060223ff010413ff0402ffff0104010b0b000000008380890000000040092cdc2400416ab57d7c9ecbff9c9dcbff9c84cbff9c9cffff9d86848484a2baba9c858586a0b9b99c13ff060223ff010413ff0404ffff010401020a0000000080cb70
15052729,194.044,2026-09-25T02:39:58.044000+00:00,DP0SNX,CQ,146,0,86A240404040E088A060A69CB06103F02700F45518000864E65500736AB5DF00821CDA21303FC280000000000001CDA235ABA628000000000000029600000C0222266801321011B633F005061046D8D4C2C0A464B58D762043324FF11AB03C720068BDE485670462006A3EE683E80337B57F28FB4320028FE2006840640073000A0067406380F28069A300028B0060F0F31F,2700f45518000864e65500736ab5df00821cda21303fc280000000000001cda235aba628000000000000029600000c0222266801321011b633f005061046d8d4c2c0a464b58d762043324ff11ab03c720068bde485670462006a3ee683e80337b57f28fb4320028fe2006840640073000a0067406380f28069a300028b0060f0f31f
15052729,194.935,2026-09-25T02:39:58.935000+00:00,DP0SNX,CQ,271,0,86A240404040E088A060A69CB06103F02706F54A180701080000000040092CDC2500416AB57E6C9ECBFF9C9DCAFF9C85CBFF9D9DFFFF9D858485859EBABA9C8585869BB9B99D13FF060229FF010514FF0402FFFF0106001306000000008000070000000040092CDC2600416AB57F5C9ECBFF9C9DCAFF9C84CBFF9C9CFFFF9D868484859BBABA9C8686869BB9B99C14FF060224FF010612FF0408FFFF010503010D000000008300888000000040092CDC2700416AB5804C9ECBFF9C9DCBFF9C84CBFF9D9DFFFF9D85848585A0BABA9C8585859DB9B99C13FF060226FF010413FF0402FFFF0105001206000000008000838000000040092CDC2800416AB5813C9ECBFF9C9DCAFF9C84CBFF9C9CFFA132,2706f54a180701080000000040092cdc2500416ab57e6c9ecbff9c9dcaff9c85cbff9d9dffff9d858485859ebaba9c8585869bb9b99d13ff060229ff010514ff0402ffff0106001306000000008000070000000040092cdc2600416ab57f5c9ecbff9c9dcaff9c84cbff9c9cffff9d868484859bbaba9c8686869bb9b99c14ff060224ff010612ff0408ffff010503010d000000008300888000000040092cdc2700416ab5804c9ecbff9c9dcbff9c84cbff9d9dffff9d85848585a0baba9c8585859db9b99c13ff060226ff010413ff0402ffff0105001206000000008000838000000040092cdc2800416ab5813c9ecbff9c9dcaff9c84cbff9c9cffa132
15052729,195.31,2026-09-25T02:39:59.310000+00:00,DP0SNX,CQ,271,1,86A240404040E088A060A69CB06103F02706F64B1830FF9D8685858597BABA9C86868698B9B99C13FF060224FF010013FF0415FFFF010012000A000000008602060000000040092CDC2900416AB5822C9ECBFF9C9DCBFF9C85CBFF9D9DFFFF9D84858585A0BABA9C8484849EB9B99D13FF060224FF010112FF0402FFFF01010516FF0000000083007F8000000040092CDC2A00416AB5831C9ECAFF9C9CCAFF9C84CBFF9C9DFFFF9D83838484A4BABA9C838383A3B9B99D13FF060223FF010412FF0402FFFF0102000E000000000080007F8000000040092CDC2B00416AB5840C9ECBFF9C9DCBFF9C84CBFF9C9CFFFF9D838485849CBABA9C8383839DB9B99C13FF060224FF010213FF0408FFFF2749,2706f64b1830ff9d8685858597baba9c86868698b9b99c13ff060224ff010013ff0415ffff010012000a000000008602060000000040092cdc2900416ab5822c9ecbff9c9dcbff9c85cbff9d9dffff9d84858585a0baba9c8484849eb9b99d13ff060224ff010112ff0402ffff01010516ff0000000083007f8000000040092cdc2a00416ab5831c9ecaff9c9ccaff9c84cbff9c9dffff9d83838484a4baba9c838383a3b9b99d13ff060223ff010412ff0402ffff0102000e000000000080007f8000000040092cdc2b00416ab5840c9ecbff9c9dcbff9c84cbff9c9cffff9d838485849cbaba9c8383839db9b99c13ff060224ff010213ff0408ffff2749
15052729,195.685,2026-09-25T02:39:59.685000+00:00,DP0SNX,CQ,271,1,86A240404040E088A060A69CB06103F02706F74C18110102001AFF0000000080007F8000000040092CDC2C00416AB584FC9ECBFF9C9CCBFF9C82CBFF9C9DFFFF9D838282823BBABA9C8383833CB9B99C14FF060223FF010012FF0402FFFF0100FF0000FF00000080007F8000000040092CDC2D00416AB585EC9ECBFF9C9CCBFF9C82CBFF9D9DFFFF9D8382828210BABA9C83838310B9B99D13FF060224FF010012FF0402FFFF0100000000FF00000080007F8000000040092CDC2E00416AB586DC9ECBFF9C9DCBFF9C82CBFF9C9DFFFF9D8382828210BABA9C82828311B9B99C14FF060224FF010013FF0402FFFF01FFFF0000FF00000080007F8000000040092CDC2F00416AB587CC9ECBFF9CD6F1,2706f74c18110102001aff0000000080007f8000000040092cdc2c00416ab584fc9ecbff9c9ccbff9c82cbff9c9dffff9d838282823bbaba9c8383833cb9b99c14ff060223ff010012ff0402ffff0100ff0000ff00000080007f8000000040092cdc2d00416ab585ec9ecbff9c9ccbff9c82cbff9d9dffff9d8382828210baba9c83838310b9b99d13ff060224ff010012ff0402ffff0100000000ff00000080007f8000000040092cdc2e00416ab586dc9ecbff9c9dcbff9c82cbff9c9dffff9d8382828210baba9c82828311b9b99c14ff060224ff010013ff0402ffff01ffff0000ff00000080007f8000000040092cdc2f00416ab587cc9ecbff9cd6f1
15052729,196.044,2026-09-25T02:40:00.044000+00:00,DP0SNX,CQ,146,0,86A240404040E088A060A69CB06103F02700F85618000864E65600736AB5DF02821CDA23303FC280000000000001CDA255ABA628000000000000029600000C0222266801321011B6341005061046D8D542C0A464B596F62043324FF0BAB03C720068BDE4856704E2006A3EE603E80337B57F28FB4308028FE2006840648073000A0067C06380F28069A300028B0060F0A0BF,2700f85618000864e65600736ab5df02821cda23303fc280000000000001cda255aba628000000000000029600000c0222266801321011b6341005061046d8d542c0a464b596f62043324ff0bab03c720068bde4856704e2006a3ee603e80337b57f28fb4308028fe2006840648073000a0067c06380f28069a300028b0060f0a0bf
15052729,196.937,2026-09-25T02:40:00.937000+00:00,DP0SNX,CQ,91,2,86A240404040E088A060A69CB06103F02702F9B318000BB6C14E003C6AB5DF03BCF401A0D66F216200F001A0D66F215900946B60DF8A21100FA7408BFFA4700BFF966644A701AA575C969419770185F3BC332748FF714247C03897,2702f9b318000bb6c14e003c6ab5df03bcf401a0d66f216200f001a0d66f215900946b60df8a21100fa7408bffa4700bff966644a701aa575c969419770185f3bc332748ff714247c03897
15052729,197.535,2026-09-25T02:40:01.535000+00:00,DP0SNX,CQ,271,2,86A240404040E088A060A69CB06103F02706FB4E181B24FF01FF13FF0427FFFF01FF000E03000000008000018000000040092CDC3300416AB58B8C9ECBFF9C9CCBFF9C84CBFF9C9CFFFF9D85838484A7BABA9C858585ABB9B99C13FF060222FF010013FF0407FFFF01000300200000000080048B8000000040092CDC3400416AB58C7C9ECBFF9C9CCBFF9C83CBFF9C9CFFFF9D858584849ABABA9C868586AAB9B99C13FF060228FF010013FF0406FFFF0100160009000000008801868000000040092CDC3500416AB58D6C9ECBFF9C9CCAFF9C84CBFF9C9CFFFF9D85848484A0BABA9C868586A1B9B99C13FF060226FF010013FF0409FFFF01000D0015000000008805858000000040092CDC366CD1,2706fb4e181b24ff01ff13ff0427ffff01ff000e03000000008000018000000040092cdc3300416ab58b8c9ecbff9c9ccbff9c84cbff9c9cffff9d85838484a7baba9c858585abb9b99c13ff060222ff010013ff0407ffff01000300200000000080048b8000000040092cdc3400416ab58c7c9ecbff9c9ccbff9c83cbff9c9cffff9d858584849ababa9c868586aab9b99c13ff060228ff010013ff0406ffff0100160009000000008801868000000040092cdc3500416ab58d6c9ecbff9c9ccaff9c84cbff9c9cffff9d85848484a0baba9c868586a1b9b99c13ff060226ff010013ff0409ffff01000d0015000000008805858000000040092cdc366cd1
15052729,197.894,2026-09-25T02:40:01.894000+00:00,DP0SNX,CQ,146,0,86A240404040E088A060A69CB06103F02700FC5718000864E65700736AB5DF04821CDA25303FC280000000000001CDA275ABA628000000000000029600000C0222266801321011B6341005061046D8D742C0A464B589F62043326FF0BAB03C720068BD64856704E20069BEE603E802B7B57F28FB4308028FE20067C06400F3000A0067C06380F28069A300028B0060F0430C,2700fc5718000864e65700736ab5df04821cda25303fc280000000000001cda275aba628000000000000029600000c0222266801321011b6341005061046d8d742c0a464b589f62043326ff0bab03c720068bd64856704e20069bee603e802b7b57f28fb4308028fe20067c06400f3000a0067c06380f28069a300028b0060f0430c
15052729,199.893,2026-09-25T02:40:03.893000+00:00,DP0SNX,CQ,146,1,86A240404040E088A060A69CB06103F02700005818000864E65800736AB5DF06821CDA27303FC280000000000001CDA295ABA628000000000000029600000C0222266801321011B6343005061046D8D642C0A464B580B62043326FF0DAB03C720068BDE485670462006A3EE603E802B7B57F28FB4320028FE20067C0640073000A0067C06380F28069A300028B0060F06037,2700005818000864e65800736ab5df06821cda27303fc280000000000001cda295aba628000000000000029600000c0222266801321011b6343005061046d8d642c0a464b580b62043326ff0dab03c720068bde485670462006a3ee603e802b7b57f28fb4320028fe20067c0640073000a0067c06380f28069a300028b0060f06037
15052729,200.81,2026-09-25T02:40:04.810000+00:00,DP0SNX,CQ,271,0,86A240404040E088A060A69CB06103F027060152182F9D85868585A2BABA9C858585A1B9B99C13FF060223FF010013FF0408FFFF0100140704000000008700008000000040092CDC4100416AB598AC9ECBFF9C9DCBFF9C85CBFF9D9DFFFF9D85868585A2BABA9C8685859FB9B99C14FF060223FF010112FF0402FFFF0101100CFF0000000087807F8000000040092CDC4200416AB5999C9ECBFF9C9CCAFF9C84CBFF9C9CFFFF9D85848484A2BABA9C858586A0B9B99C13FF060224FF010013FF0407FFFF0100FF04120000000080000A0000000040092CDC4300416AB59A8C9ECBFF9C9CCBFF9C82CBFF9C9DFFFF9D8282828211BABA9C82828311B9B99C13FF060224FF010013FF0402FFFF01DE88,27060152182f9d85868585a2baba9c858585a1b9b99c13ff060223ff010013ff0408ffff0100140704000000008700008000000040092cdc4100416ab598ac9ecbff9c9dcbff9c85cbff9d9dffff9d85868585a2baba9c8685859fb9b99c14ff060223ff010112ff0402ffff0101100cff0000000087807f8000000040092cdc4200416ab5999c9ecbff9c9ccaff9c84cbff9c9cffff9d85848484a2baba9c858586a0b9b99c13ff060224ff010013ff0407ffff0100ff04120000000080000a0000000040092cdc4300416ab59a8c9ecbff9c9ccbff9c82cbff9c9dffff9d8282828211baba9c82828311b9b99c13ff060224ff010013ff0402ffff01de88
15052729,201.56,2026-09-25T02:40:05.560000+00:00,DP0SNX,CQ,271,0,86A240404040E088A060A69CB06103F0270603541839CBFF9C81CBFF9C9DFFFF9D8281818111BABA9C82828211B9B99C13FF060224FF010013FF0402FFFF01FFFF0000FF00000080007F8000000040092CDC4800416AB59F3C9ECBFF9C9CCAFF9C81CBFF9C9CFFFF9D82818181AFBABA9C828282B0B9B99C13FF060228FF010013FF0406FFFF0100000003000000008000018000000040092CDC4900416AB5A02C9ECBFF9C9CCBFF9C84CBFF9C9CFFFF9D84848484ABBABA9C848484AAB9B99C13FF060222FF010012FF0402FFFF01FF0A130B000000008500058000000040092CDC4A00416AB5A11C9ECBFF9C9CCBFF9C84CBFF9C9CFFFF9D85848585B2BABA9C848485B1B9B99C12FF060224F3E1,270603541839cbff9c81cbff9c9dffff9d8281818111baba9c82828211b9b99c13ff060224ff010013ff0402ffff01ffff0000ff00000080007f8000000040092cdc4800416ab59f3c9ecbff9c9ccaff9c81cbff9c9cffff9d82818181afbaba9c828282b0b9b99c13ff060228ff010013ff0406ffff0100000003000000008000018000000040092cdc4900416ab5a02c9ecbff9c9ccbff9c84cbff9c9cffff9d84848484abbaba9c848484aab9b99c13ff060222ff010012ff0402ffff01ff0a130b000000008500058000000040092cdc4a00416ab5a11c9ecbff9c9ccbff9c84cbff9c9cffff9d85848585b2baba9c848485b1b9b99c12ff060224f3e1
15052729,201.918,2026-09-25T02:40:05.918000+00:00,DP0SNX,CQ,146,1,86A240404040E088A060A69CB06103F02700045918000864E65900736AB5DF08821CDA29303FC280000000000001CDA2B5ABA628000000000000029600000C0222266801321011B633F005061046D8D642C0A464B58BB62043326FF09AB03C7200683DE505670462006A3EE6846802B7B57F28FB4320028FE2006840648073000A0067C06380F20069A300028B0060F08672,2700045918000864e65900736ab5df08821cda29303fc280000000000001cda2b5aba628000000000000029600000c0222266801321011b633f005061046d8d642c0a464b58bb62043326ff09ab03c7200683de505670462006a3ee6846802b7b57f28fb4320028fe2006840648073000a0067c06380f20069a300028b0060f08672
15052729,202.835,2026-09-25T02:40:06.835000+00:00,DP0SNX,CQ,271,2,86A240404040E088A060A69CB06103F027060555181AFF01FF12FF0402FFFF0100FF10150000000080000B8000000040092CDC4B00416AB5A20C9ECBFF9C9CCBFF9C84CBFF9C9CFFFF9D85838484ABBABA9C858585A9B9B99C14FF060224FF010013FF0402FFFF01FF0006160000000080000B0000000040092CDC4C00416AB5A2FC9ECBFF9C9CCBFF9C84CBFF9C9CFFFF9C85838484A4BABA9C858586A1B9B99C13FF060223FF010012FF0408FFFF01FF00001A000000008000890000000040092CDC4D00416AB5A3EC9ECBFF9C9CCBFF9C83CBFF9C9CFFFF9C828384849EBABA9C8282839BB9B99C13FF060222FF010113FF041EFFFF0101FF0F09000000008000848000000040092CDC4E00BE52,27060555181aff01ff12ff0402ffff0100ff10150000000080000b8000000040092cdc4b00416ab5a20c9ecbff9c9ccbff9c84cbff9c9cffff9d85838484abbaba9c858585a9b9b99c14ff060224ff010013ff0402ffff01ff0006160000000080000b0000000040092cdc4c00416ab5a2fc9ecbff9c9ccbff9c84cbff9c9cffff9c85838484a4baba9c858586a1b9b99c13ff060223ff010012ff0408ffff01ff00001a000000008000890000000040092cdc4d00416ab5a3ec9ecbff9c9ccbff9c83cbff9c9cffff9c828384849ebaba9c8282839bb9b99c13ff060222ff010113ff041effff0101ff0f09000000008000848000000040092cdc4e00be52
15052729,203.21,2026-09-25T02:40:07.210000+00:00,DP0SNX,CQ,271,1,86A240404040E088A060A69CB06103F0270606561843416AB5A4DC9ECBFF9C9CCAFF9C84CBFF9C9CFFFF9D8685848598BABA9C8686869AB9B99C13FF060223FF010213FF0402FFFF010114010C000000008701070000000040092CDC4F00416AB5A5CC9ECBFF9C9CCBFF9C85CBFF9C9BFFFF9C83848584A0BABA9C8383839CB9B99C13FF060224FF010814FF043CFFFF0108001603000000008001820000000040092CDC5000416AB5A6BC9ECBFF9C9CCBFF9C84CBFF9C9AFFFF9C84848484A2BABA9C848485A0B9B99C13FF060223FF010113FF0462FFFF01000200120000000081090E0000000040092CDC5100416AB5A7AC9ECBFF9C9CCAFF9C85CBFF9C9CFFFF9D8686858599BABA9C8685580F,270606561843416ab5a4dc9ecbff9c9ccaff9c84cbff9c9cffff9d8685848598baba9c8686869ab9b99c13ff060223ff010213ff0402ffff010114010c000000008701070000000040092cdc4f00416ab5a5cc9ecbff9c9ccbff9c85cbff9c9bffff9c83848584a0baba9c8383839cb9b99c13ff060224ff010814ff043cffff0108001603000000008001820000000040092cdc5000416ab5a6bc9ecbff9c9ccbff9c84cbff9c9affff9c84848484a2baba9c848485a0b9b99c13ff060223ff010113ff0462ffff01000200120000000081090e0000000040092cdc5100416ab5a7ac9ecbff9c9ccaff9c85cbff9c9cffff9d8686858599baba9c8685580f
15052729,203.944,2026-09-25T02:40:07.944000+00:00,DP0SNX,CQ,146,1,86A240404040E088A060A69CB06103F02700085A18000864E65A00736AB5DF0A821CDA2B303FC280000000000001CDA2D5ABA628000000000000029600000C0222266801321011B6347005061046D8D5C2C0A464B58D762043326FF09AB03C7200683DE485E70562006A3EE683E802B7B57F28FB4320028FE20067C0640073000A0067C06380F28069A300028B0060F09A8F,2700085a18000864e65a00736ab5df0a821cda2b303fc280000000000001cda2d5aba628000000000000029600000c0222266801321011b6347005061046d8d5c2c0a464b58d762043326ff09ab03c7200683de485e70562006a3ee683e802b7b57f28fb4320028fe20067c0640073000a0067c06380f28069a300028b0060f09a8f
15052729,205.21,2026-09-25T02:40:09.210000+00:00,DP0SNX,CQ,271,2,86A240404040E088A060A69CB06103F027060A59182E85848584A2BABA9C858586A1B9B99C13FF060229FF010012FF0403FFFF01FFFF0E05000000008000088000000040092CDC5900416AB5AF2C9ECAFF9C9DCAFF9C84CBFF9C9DFFFF9D85848585A4BABA9C858586A1B9B99C13FF060224FF010012FF0402FFFF0100000C0A000000008000090000000040092CDC5A00416AB5B01C9ECBFF9C9DCAFF9C82CBFF9C9DFFFF9D8282828219BABA9C82828328B9B99C13FF060223FF010013FF0402FFFF01FF000000FF00000080007F8000000040092CDC5B00416AB5B10C9ECAFF9C9CCAFF9C82CBFF9D9CFFFF9D8282828210BABA9C82828211B9B99D14FF060229FF010013FF0402FFFF01FF4D7F,27060a59182e85848584a2baba9c858586a1b9b99c13ff060229ff010012ff0403ffff01ffff0e05000000008000088000000040092cdc5900416ab5af2c9ecaff9c9dcaff9c84cbff9c9dffff9d85848585a4baba9c858586a1b9b99c13ff060224ff010012ff0402ffff0100000c0a000000008000090000000040092cdc5a00416ab5b01c9ecbff9c9dcaff9c82cbff9c9dffff9d8282828219baba9c82828328b9b99c13ff060223ff010013ff0402ffff01ff000000ff00000080007f8000000040092cdc5b00416ab5b10c9ecaff9c9ccaff9c82cbff9d9cffff9d8282828210baba9c82828211b9b99d14ff060229ff010013ff0402ffff01ff4d7f
15052729,205.585,2026-09-25T02:40:09.585000+00:00,DP0SNX,CQ,271,1,86A240404040E088A060A69CB06103F027060B5A180FFF0000FF00000080007F8000000040092CDC5C00416AB5B1FC9ECBFF9C9DCAFF9C82CBFF9C9DFFFF9D8282828211BABA9C82828211B9B99C14FF060229FF010013FF0402FFFF01FFFF0000FF00000080007F8000000040092CDC5D00416AB5B2EC9ECBFF9C9CCAFF9C81CBFF9C9DFFFF9D8181818110BABA9C81818210B9B99C13FF060227FF010013FF0402FFFF0100000000FF00000080007F8000000040092CDC5E00416AB5B3DC9ECBFF9C9CCBFF9C81CBFF9C9DFFFF9D828181811FBABA9C82828221B9B99C13FF060224FF010013FF0402FFFF01FF000000FF00000080007F8000000040092CDC5F00416AB5B4CC9ECBFF9C9CCBEFB0,27060b5a180fff0000ff00000080007f8000000040092cdc5c00416ab5b1fc9ecbff9c9dcaff9c82cbff9c9dffff9d8282828211baba9c82828211b9b99c14ff060229ff010013ff0402ffff01ffff0000ff00000080007f8000000040092cdc5d00416ab5b2ec9ecbff9c9ccaff9c81cbff9c9dffff9d8181818110baba9c81818210b9b99c13ff060227ff010013ff0402ffff0100000000ff00000080007f8000000040092cdc5e00416ab5b3dc9ecbff9c9ccbff9c81cbff9c9dffff9d828181811fbaba9c82828221b9b99c13ff060224ff010013ff0402ffff01ff000000ff00000080007f8000000040092cdc5f00416ab5b4cc9ecbff9c9ccbefb0
15052729,205.944,2026-09-25T02:40:09.944000+00:00,DP0SNX,CQ,146,1,86A240404040E088A060A69CB06103F027000C5B18000864E65B00736AB5DF0C821CDA2D303FC280000000000001CDA2F5ABA628000000000000029600000C0222266801321011B6347005061046D8D6C2C0A464B599B62043326FF09AB03C720068BDE4056704E2006A3EE603E80337B57F28FB4308028FE2006840648072800A0067C06380F28069A300028B0060F0C589,27000c5b18000864e65b00736ab5df0c821cda2d303fc280000000000001cda2f5aba628000000000000029600000c0222266801321011b6347005061046d8d6c2c0a464b599b62043326ff09ab03c720068bde4056704e2006a3ee603e80337b57f28fb4308028fe2006840648072800a0067c06380f28069a300028b0060f0c589
15052729,206.841,2026-09-25T02:40:10.841000+00:00,DP0SNX,CQ,121,0,86A240404040E088A060A69CB06103F027020DB4180008C8E11000336AB5DF0C9E4D0001A008596832D81B68F9654523EC7DA2841A7AD17FFF80047FF57FFF7FFF7FFF1A58A14089647FFF7FFF7FFF3F08D2C1C600206AB5DF0D9E00000002000000000000000000000000000000000000000000000000EA90,27020db4180008c8e11000336ab5df0c9e4d0001a008596832d81b68f9654523ec7da2841a7ad17fff80047ff57fff7fff7fff1a58a14089647fff7fff7fff3f08d2c1c600206ab5df0d9e00000002000000000000000000000000000000000000000000000000ea90
15052729,207.085,2026-09-25T02:40:11.085000+00:00,DP0SNX,CQ,271,0,86A240404040E088A060A69CB06103F027060E5B1838FF9C81CBFF9C9BFFFF9C81818181B2BABA9C818181B3B9B99C13FF060223FF010013FF042FFFFF0100FF0003000000008000010000000040092CDC6000416AB5B5BC9ECBFF9C9CCAFF9C84CBFF9C9CFFFF9D85848484A7BABA9C858485A7B9B99C13FF060226FF010012FF0403FFFF01000310110000000082000A8000000040092CDC6100416AB5B6AC9ECBFF9C9CCAFF9C84CBFF9C9CFFFF9D85838484A6BABA9C858585B0B9B99C13FF060227FF010013FF0402FFFF010000001D0000000080000C0000000040092CDC6200416AB5B79C9ECBFF9C9CCBFF9C83CBFF9C9CFFFF9D84838383ADBABA9C848485AAB9B99C13FF060224FFA265,27060e5b1838ff9c81cbff9c9bffff9c81818181b2baba9c818181b3b9b99c13ff060223ff010013ff042fffff0100ff0003000000008000010000000040092cdc6000416ab5b5bc9ecbff9c9ccaff9c84cbff9c9cffff9d85848484a7baba9c858485a7b9b99c13ff060226ff010012ff0403ffff01000310110000000082000a8000000040092cdc6100416ab5b6ac9ecbff9c9ccaff9c84cbff9c9cffff9d85838484a6baba9c858585b0b9b99c13ff060227ff010013ff0402ffff010000001d0000000080000c0000000040092cdc6200416ab5b79c9ecbff9c9ccbff9c83cbff9c9cffff9d84838383adbaba9c848485aab9b99c13ff060224ffa265
15052729,207.46,2026-09-25T02:40:11.460000+00:00,DP0SNX,CQ,271,1,86A240404040E088A060A69CB06103F027060F5C1819010013FF0402FFFF0100000211000000008000068000000040092CDC6300416AB5B88C9ECBFF9C9CCAFF9C84CBFF9C9DFFFF9D85858484A5BABA9C868585A7B9B99C13FF060229FF010013FF0402FFFF0100180107000000008B80808000000040092CDC6400416AB5B97C9ECBFF9C9CCBFF9C84CBFF9C9BFFFF9C84848484A5BABA9C848485A5B9B99C13FF060223FF010113FF042BFFFF0101000017000000008000138000000040092CDC6500416AB5BA6C9ECBFF9C9CCBFF9C82CBFF9C9CFFFF9D84828382A3BABA9C84848486B9B99C14FF060223FF010613FF0402FFFF010601000000000000808A80A100000040092CDC6600416555,27060f5c1819010013ff0402ffff0100000211000000008000068000000040092cdc6300416ab5b88c9ecbff9c9ccaff9c84cbff9c9dffff9d85858484a5baba9c868585a7b9b99c13ff060229ff010013ff0402ffff0100180107000000008b80808000000040092cdc6400416ab5b97c9ecbff9c9ccbff9c84cbff9c9bffff9c84848484a5baba9c848485a5b9b99c13ff060223ff010113ff042bffff0101000017000000008000138000000040092cdc6500416ab5ba6c9ecbff9c9ccbff9c82cbff9c9cffff9d84828382a3baba9c84848486b9b99c14ff060223ff010613ff0402ffff010601000000000000808a80a100000040092cdc6600416555
15052729,208.194,2026-09-25T02:40:12.194000+00:00,DP0SNX,CQ,146,1,86A240404040E088A060A69CB06103F02700115C18000864E65C00736AB5DF0E821CDA2F303FC280000000000001CDA315ABA628000000000000029600000C0222266801321011B6341005061046D8D542C0A464B592362043326FF09AB03C720068BDE4856704E2006A3EE6036802B7B57F28FB4320028FE2006840648073000A0067C06380F28069A300028B0060F07DB2,2700115c18000864e65c00736ab5df0e821cda2f303fc280000000000001cda315aba628000000000000029600000c0222266801321011b6341005061046d8d542c0a464b592362043326ff09ab03c720068bde4856704e2006a3ee6036802b7b57f28fb4320028fe2006840648073000a0067c06380f28069a300028b0060f07db2
15052729,209.078,2026-09-25T02:40:13.078000+00:00,DP0SNX,CQ,212,1,86A240404040E088A060A69CB06103F0270212B5180008D3C1D100206AB5DF0E9E00000002000000008080000000000000000000000000000000000000087DC4C400536AB5DF0E9E0006B0524905FB05F905F905F8000004E1000004E1000000000000010B0000000000000000000000000000000000000000000000000000000000A153332DB6000C000002700138000000040000555508E6C21B00346AB5DF0F9E718915A51D7C882D71ADE33C71EE5D2E78BD918E8FECA22F728DD3173FACDE2F71B9C3BF7FCEC52C7885E1FA59FCB32DD81F,270212b5180008d3c1d100206ab5df0e9e00000002000000008080000000000000000000000000000000000000087dc4c400536ab5df0e9e0006b0524905fb05f905f905f8000004e1000004e1000000000000010b0000000000000000000000000000000000000000000000000000000000a153332db6000c000002700138000000040000555508e6c21b00346ab5df0f9e718915a51d7c882d71ade33c71ee5d2e78bd918e8feca22f728dd3173facde2f71b9c3bf7fcec52c7885e1fa59fcb32dd81f
15052729,209.785,2026-09-25T02:40:13.785000+00:00,DP0SNX,CQ,271,2,86A240404040E088A060A69CB06103F02706145F180400000040092CDC6D00416AB5C1EC9ECBFF9C9CCAFF9C84CBFF9D9DFFFF9D858485859EBABA9C8585869DB9B99C13FF060224FF010012FF0403FFFF0100FF0F08000000008000088000000040092CDC6E00416AB5C2DC9ECAFF9C9DCBFF9C84CBFF9D9DFFFF9D858485849FBABA9C8585869EB9B99C13FF060223FF010012FF0402FFFF0100FF0E08000000008000088000000040092CDC6F00416AB5C3CC9ECBFF9C9CCAFF9C84CBFF9C9DFFFF9D85848585A1BABA9C858586A0B9B99C14FF060226FF010012FF0403FFFF01FFFF0D0A000000008000088000000040092CDC7000416AB5C4BC9ECBFF9C9DCAFF9C84CBFF9D9DFFFF9D8561E7,2706145f180400000040092cdc6d00416ab5c1ec9ecbff9c9ccaff9c84cbff9d9dffff9d858485859ebaba9c8585869db9b99c13ff060224ff010012ff0403ffff0100ff0f08000000008000088000000040092cdc6e00416ab5c2dc9ecaff9c9dcbff9c84cbff9d9dffff9d858485849fbaba9c8585869eb9b99c13ff060223ff010012ff0402ffff0100ff0e08000000008000088000000040092cdc6f00416ab5c3cc9ecbff9c9ccaff9c84cbff9c9dffff9d85848585a1baba9c858586a0b9b99c14ff060226ff010012ff0403ffff01ffff0d0a000000008000088000000040092cdc7000416ab5c4bc9ecbff9c9dcaff9c84cbff9d9dffff9d8561e7
15052729,210.144,2026-09-25T02:40:14.144000+00:00,DP0SNX,CQ,146,0,86A240404040E088A060A69CB06103F02700155D18000864E65D00736AB5DF10821CDA31303FC280000000000001CDA335ABA628000000000000029600000C0222266801321011B6347005061046D8D4C2C0A464B593362043326FF09AB03C7200683DE5056784E20069BEE603E802B7B57F28FB4300028FE20067C06480F3000A0067406400F28069A300028B0060F0BAD2,2700155d18000864e65d00736ab5df10821cda31303fc280000000000001cda335aba628000000000000029600000c0222266801321011b6347005061046d8d4c2c0a464b593362043326ff09ab03c7200683de5056784e20069bee603e802b7b57f28fb4300028fe20067c06480f3000a0067406400f28069a300028b0060f0bad2
15052729,211.06,2026-09-25T02:40:15.060000+00:00,DP0SNX,CQ,271,1,86A240404040E088A060A69CB06103F027061660182D848484A1BABA9C8585869FB9B99C14FF060224FF01FF12FF0402FFFF0100FF0B0A000000008000080000000040092CDC7100416AB5C5AC9ECAFF9C9DCBFF9C82CBFF9C9DFFFF9D838282822BBABA9C82828332B9B99C13FF060223FF010012FF0402FFFF01FFFF00FFFF00000080007F8000000040092CDC7200416AB5C69C9ECBFF9C9DCAFF9C82CBFF9D9DFFFF9D8282828212BABA9C82828212B9B99C14FF060224FF010012FF0402FFFF01FFFF0000FF00000080007F8000000040092CDC7300416AB5C78C9ECBFF9C9DCAFF9C82CBFF9C9DFFFF9D8282828211BABA9C82828211B9B99C13FF060222FF010013FF0402FFFF0100FFFCEC,27061660182d848484a1baba9c8585869fb9b99c14ff060224ff01ff12ff0402ffff0100ff0b0a000000008000080000000040092cdc7100416ab5c5ac9ecaff9c9dcbff9c82cbff9c9dffff9d838282822bbaba9c82828332b9b99c13ff060223ff010012ff0402ffff01ffff00ffff00000080007f8000000040092cdc7200416ab5c69c9ecbff9c9dcaff9c82cbff9d9dffff9d8282828212baba9c82828212b9b99c14ff060224ff010012ff0402ffff01ffff0000ff00000080007f8000000040092cdc7300416ab5c78c9ecbff9c9dcaff9c82cbff9c9dffff9d8282828211baba9c82828211b9b99c13ff060222ff010013ff0402ffff0100fffcec
15052729,211.435,2026-09-25T02:40:15.435000+00:00,DP0SNX,CQ,271,0,86A240404040E088A060A69CB06103F027061761180E0000FF00000080007F8000000040092CDC7400416AB5C87C9ECBFF9C9CCAFF9C82CBFF9C9DFFFF9D8282828111BABA9C81828211B9B99C13FF060224FF010013FF0402FFFF01FFFF0000FF00000080007F8000000040092CDC7500416AB5C96C9ECBFF9C9CCBFF9C81CBFF9C9DFFFF9D8181818111BABA9C81818111B9B99C13FF060223FF010013FF0402FFFF0100000000FF00000080007F8000000040092CDC7600416AB5CA5C9ECBFF9C9CCAFF9C81CBFF9C9CFFFF9D82818181ACBABA9C828282ADB9B99C13FF060228FF010012FF0402FFFF0100FF0102000000008000018000000040092CDC7700416AB5CB4C9ECBFF9C9DCBFFEC8E,27061761180e0000ff00000080007f8000000040092cdc7400416ab5c87c9ecbff9c9ccaff9c82cbff9c9dffff9d8282828111baba9c81828211b9b99c13ff060224ff010013ff0402ffff01ffff0000ff00000080007f8000000040092cdc7500416ab5c96c9ecbff9c9ccbff9c81cbff9c9dffff9d8181818111baba9c81818111b9b99c13ff060223ff010013ff0402ffff0100000000ff00000080007f8000000040092cdc7600416ab5ca5c9ecbff9c9ccaff9c81cbff9c9cffff9d82818181acbaba9c828282adb9b99c13ff060228ff010012ff0402ffff0100ff0102000000008000018000000040092cdc7700416ab5cb4c9ecbff9c9dcbffec8e
15052729,211.81,2026-09-25T02:40:15.810000+00:00,DP0SNX,CQ,271,0,86A240404040E088A060A69CB06103F02706186218379C84CBFF9C9CFFFF9D85838484B0BABA9C848485AEB9B99C13FF060224FF010013FF0409FFFF01FFFF051D0000000080000E8000000040092CDC7800416AB5CC3C9ECBFF9C9CCBFF9C83CBFF9C9DFFFF9D85838484A5BABA9C848585A6B9B99C13FF060223FF010013FF0402FFFF01FF00011C0000000080000B8000000040092CDC7900416AB5CD2C9ECBFF9C9CCBFF9C84CBFF9C9DFFFF9D85838484A9BABA9C858585A7B9B99C13FF060224FF010013FF0402FFFF0100FF10110000000081000A8000000040092CDC7A00416AB5CE1C9ECBFF9C9CCAFF9C83CBFF9C9CFFFF9D85838484AABABA9C858586A6B9B99C14FF060224FF01D725,2706186218379c84cbff9c9cffff9d85838484b0baba9c848485aeb9b99c13ff060224ff010013ff0409ffff01ffff051d0000000080000e8000000040092cdc7800416ab5cc3c9ecbff9c9ccbff9c83cbff9c9dffff9d85838484a5baba9c848585a6b9b99c13ff060223ff010013ff0402ffff01ff00011c0000000080000b8000000040092cdc7900416ab5cd2c9ecbff9c9ccbff9c84cbff9c9dffff9d85838484a9baba9c858585a7b9b99c13ff060224ff010013ff0402ffff0100ff10110000000081000a8000000040092cdc7a00416ab5ce1c9ecbff9c9ccaff9c83cbff9c9cffff9d85838484aababa9c858586a6b9b99c14ff060224ff01d725
15052729,213.06,2026-09-25T02:40:17.060000+00:00,DP0SNX,CQ,271,0,86A240404040E088A060A69CB06103F027061A6318180013FF0404FFFF0100FF011B0000000080000B8000000040092CDC7B00416AB5CF0C9ECBFF9C9CCBFF9C83CBFF9C9CFFFF9D85838484A5BABA9C858586A0B9B99C22FF060222FF010114FF0404FFFF010100001A0000000080000A8000000040092CDC7C00416AB5CFFC9ECBFF9C9CCBFF9C83CBFF9C9DFFFF9D858384849FBABA9C8585869BB9B99C13FF060224FF010213FF0402FFFF0102000117000000008000898000000040092CDC7D00416AB5D0EC9ECBFF9C9CCAFF9C84CBFF9C9DFFFF9D858384849FBABA9C8585869CB9B99C13FF060224FF010213FF0402FFFF0102000910000000008000878000000040092CDC7E00416A799D,27061a6318180013ff0404ffff0100ff011b0000000080000b8000000040092cdc7b00416ab5cf0c9ecbff9c9ccbff9c83cbff9c9cffff9d85838484a5baba9c858586a0b9b99c22ff060222ff010114ff0404ffff010100001a0000000080000a8000000040092cdc7c00416ab5cffc9ecbff9c9ccbff9c83cbff9c9dffff9d858384849fbaba9c8585869bb9b99c13ff060224ff010213ff0402ffff0102000117000000008000898000000040092cdc7d00416ab5d0ec9ecbff9c9ccaff9c84cbff9c9dffff9d858384849fbaba9c8585869cb9b99c13ff060224ff010213ff0402ffff0102000910000000008000878000000040092cdc7e00416a799d
15052729,213.435,2026-09-25T02:40:17.435000+00:00,DP0SNX,CQ,271,1,86A240404040E088A060A69CB06103F027061B641841B5D1DC9ECBFF9C9DCBFF9C84CBFF9D9DFFFF9D85838485A0BABA9C8585869CB9B99D14FF060224FF010013FF0402FFFF010100090D000000008000878000000040092CDC7F00416AB5D2CC9ECBFF9C9DCAFF9C84CBFF9D9DFFFF9D85838484A0BABA9C8585869BB9B99C13FF060224FF010013FF0403FFFF0101000C0E000000008000880000000040092CDC8000416AB5D3BC9ECBFF9C9DCAFF9C84CBFF9C9DFFFF9D858484849FBABA9C8585869BB9B99D13FF060223FF010112FF0404FFFF0101FF0A0C000000008000088000000040092CDC8100416AB5D4AC9ECBFF9C9DCAFF9C84CBFF9D9DFFFF9D858485859EBABA9C8585869A7983,27061b641841b5d1dc9ecbff9c9dcbff9c84cbff9d9dffff9d85838485a0baba9c8585869cb9b99d14ff060224ff010013ff0402ffff010100090d000000008000878000000040092cdc7f00416ab5d2cc9ecbff9c9dcaff9c84cbff9d9dffff9d85838484a0baba9c8585869bb9b99c13ff060224ff010013ff0403ffff0101000c0e000000008000880000000040092cdc8000416ab5d3bc9ecbff9c9dcaff9c84cbff9c9dffff9d858484849fbaba9c8585869bb9b99d13ff060223ff010112ff0404ffff0101ff0a0c000000008000088000000040092cdc8100416ab5d4ac9ecbff9c9dcaff9c84cbff9d9dffff9d858485859ebaba9c8585869a7983
15052729,213.81,2026-09-25T02:40:17.810000+00:00,DP0SNX,CQ,271,1,86A240404040E088A060A69CB06103F027061C651822B9B99D14FF060229FF010413FF0402FFFF0103001109000000008000078000000040092CDC8200416AB5D59C9ECAFF9C9DCBFF9C84CBFF9C9DFFFF9D858485859DBABA9C8585869AB9B99D13FF060224FF010312FF0404FFFF0103000F09000000008000070000000040092CDC8300416AB5D68C9ECAFF9C9DCAFF9C85CBFF9D9DFFFF9D858485859DBABA9C8585869BB9B99D13FF060224FF010112FF0403FFFF0101FF100A000000008000078000000040092CDC8400416AB5D77C9ECAFF9C9DCAFF9C84CBFF9D9DFFFF9D858485859FBABA9C8585859DB9B99D13FF060224FF010012FF0402FFFF0100FF11090000000080000780006CD8,27061c651822b9b99d14ff060229ff010413ff0402ffff0103001109000000008000078000000040092cdc8200416ab5d59c9ecaff9c9dcbff9c84cbff9c9dffff9d858485859dbaba9c8585869ab9b99d13ff060224ff010312ff0404ffff0103000f09000000008000070000000040092cdc8300416ab5d68c9ecaff9c9dcaff9c85cbff9d9dffff9d858485859dbaba9c8585869bb9b99d13ff060224ff010112ff0403ffff0101ff100a000000008000078000000040092cdc8400416ab5d77c9ecaff9c9dcaff9c84cbff9d9dffff9d858485859fbaba9c8585859db9b99d13ff060224ff010012ff0402ffff0100ff11090000000080000780006cd8
15052729,214.169,2026-09-25T02:40:18.169000+00:00,DP0SNX,CQ,146,1,86A240404040E088A060A69CB06103F027001D5F18000864E65F00736AB5DF14821CDA35303FC280000000000001CDA375ABA628000000000000029600000C022226680132101196347005061046D8D342C0A464B587362043326FF0FAB03C7200683DE4856704E2006A3EE603E802B7B57F28FB4320028FE20067C0640073008A0067406380F28069A300028B0060F09DA8,27001d5f18000864e65f00736ab5df14821cda35303fc280000000000001cda375aba628000000000000029600000c022226680132101196347005061046d8d342c0a464b587362043326ff0fab03c7200683de4856704e2006a3ee603e802b7b57f28fb4320028fe20067c0640073008a0067406380f28069a300028b0060f09da8
15052729,215.06,2026-09-25T02:40:19.060000+00:00,DP0SNX,CQ,271,1,86A240404040E088A060A69CB06103F027061E661803000040092CDC8500416AB5D86C9ECAFF9C9DCAFF9C84CBFF9C9DFFFF9D85848584A4BABA9C858586A3B9B99D12FF060224FF010012FF0403FFFF0100FF090B000000008000090000000040092CDC8600416AB5D95C9ECAFF9C9DCAFF9C84CBFF9D9DFFFF9D85848484A2BABA9C858586A1B9B99D13FF070223FF010011FF0403FFFF01FFFF060F000000008000090000000040092CDC8700416AB5DA4C9ECAFF9C9DCBFF9C84CBFF9D9DFFFF9D85848484A2BABA9C858586A0B9B99D13FF060224FF010012FF0402FFFF0100FF080D000000008000090000000040092CDC8800416AB5DB3C9ECAFF9C9DCBFF9C82CBFF9D9DFFFF9D838203ED,27061e661803000040092cdc8500416ab5d86c9ecaff9c9dcaff9c84cbff9c9dffff9d85848584a4baba9c858586a3b9b99d12ff060224ff010012ff0403ffff0100ff090b000000008000090000000040092cdc8600416ab5d95c9ecaff9c9dcaff9c84cbff9d9dffff9d85848484a2baba9c858586a1b9b99d13ff070223ff010011ff0403ffff01ffff060f000000008000090000000040092cdc8700416ab5da4c9ecaff9c9dcbff9c84cbff9d9dffff9d85848484a2baba9c858586a0b9b99d13ff060224ff010012ff0402ffff0100ff080d000000008000090000000040092cdc8800416ab5db3c9ecaff9c9dcbff9c82cbff9d9dffff9d838203ed
15052729,215.436,2026-09-25T02:40:19.436000+00:00,DP0SNX,CQ,271,0,86A240404040E088A060A69CB06103F027061F67182C828230BABA9C83838338B9B99D12FF060223FF010012FF0402FFFF01FFFF0000FF00000080007F8000000040092CDC8900416AB5DC2C9ECAFF9C9DCBFF9C82CBFF9D9DFFFF9D8382828211BABA9C83838311B9B99D13FF060223FF010012FF0402FFFF01FFFF00FFFF00000080007F8000000040092CDC8A00416AB5DD1C9ECBFF9C9DCBFF9C82CBFF9D9DFFFF9D8282828210BABA9C82828211B9B99C13FF060224FF010012FF0402FFFF01FF000000FF00000080007F8000000040092CDC8B00416AB5DE0C9ECBFF9C9DCBFF9C82CBFF9D9DFFFF9D8282828211BABA9C82828212B9B99C12FF060224FF010013FF0402FFFF0100000004B9,27061f67182c828230baba9c83838338b9b99d12ff060223ff010012ff0402ffff01ffff0000ff00000080007f8000000040092cdc8900416ab5dc2c9ecaff9c9dcbff9c82cbff9d9dffff9d8382828211baba9c83838311b9b99d13ff060223ff010012ff0402ffff01ffff00ffff00000080007f8000000040092cdc8a00416ab5dd1c9ecbff9c9dcbff9c82cbff9d9dffff9d8282828210baba9c82828211b9b99c13ff060224ff010012ff0402ffff01ff000000ff00000080007f8000000040092cdc8b00416ab5de0c9ecbff9c9dcbff9c82cbff9d9dffff9d8282828211baba9c82828212b9b99c12ff060224ff010013ff0402ffff0100000004b9
15052729,216.169,2026-09-25T02:40:20.169000+00:00,DP0SNX,CQ,146,0,86A240404040E088A060A69CB06103F02700216018000864E66000736AB5DF16821CDA37303FC280000000000001CDA395ABA628000000000000029600000C022226680132101196347005061046D8D3C2C0A464B583362043326FF0FAB03C720068BDE405670462006A3EE6046802B7B57F28FB4300028FE2006840640073000A0067406380F28069A300028B0060F06F6E,2700216018000864e66000736ab5df16821cda37303fc280000000000001cda395aba628000000000000029600000c022226680132101196347005061046d8d3c2c0a464b583362043326ff0fab03c720068bde405670462006a3ee6046802b7b57f28fb4300028fe2006840640073000a0067406380f28069a300028b0060f06f6e
15052729,217.085,2026-09-25T02:40:21.085000+00:00,DP0SNX,CQ,271,0,86A240404040E088A060A69CB06103F0270622691838E11500336AB54CEC826A000124A032B2F5BEF968F9654523EC81BF84927C687F9C80167FEEC2D9154B97011A53A546850C7FFF7FFF7FFFFF08C8E11600336AB54CFC826A0002A49F6BAB40BFEC68F9654523EC842A84FC7FB87FBA800D7FF6C17C120B82201A53A48C84BE7FFF7FFF7FFFFF08C8E11700336AB54D0C826A0002A49F03A4D6C00268F9654523EC83FC851480747FD180097FFBC162130F70781A53A3D384737FFF7FFF7FFFFF08C8E11800336AB54D1C826A0001249E989FE1C00B68F9654523EC84C08530804C7FD180177FFCC14F15DE62C91A54A318842A7FFF7FFF7FFFFF08C8E11900336AB54D2C826A0001249E79662D,270622691838e11500336ab54cec826a000124a032b2f5bef968f9654523ec81bf84927c687f9c80167feec2d9154b97011a53a546850c7fff7fff7fffff08c8e11600336ab54cfc826a0002a49f6bab40bfec68f9654523ec842a84fc7fb87fba800d7ff6c17c120b82201a53a48c84be7fff7fff7fffff08c8e11700336ab54d0c826a0002a49f03a4d6c00268f9654523ec83fc851480747fd180097ffbc162130f70781a53a3d384737fff7fff7fffff08c8e11800336ab54d1c826a0001249e989fe1c00b68f9654523ec84c08530804c7fd180177ffcc14f15de62c91a54a318842a7fff7fff7fffff08c8e11900336ab54d2c826a0001249e79662d
15052729,217.46,2026-09-25T02:40:21.460000+00:00,DP0SNX,CQ,271,0,86A240404040E088A060A69CB06103F02706236A18299C3FBFCC68F9654523EC856C86177EF57FD880117FFFC190194B58CD1A54A25C83E47FFF7FFF7FFFFF08C8E11A00336AB54D3C826A0001249E539987BF9668F9654523EC83CD86797F3A7FD7801B7FFAC1C81C8151911A54A1A183A07FFF7FFF7FFFFF08C8E11B00336AB54D4C826A0002A49DC8974ABFAC68F9654523EC837384D681D67FE7800B7FFAC23F1F9C4C021A54A0E6835F7FFF7FFF7FFFFF08C8E11C00336AB54D5C826A0002A49CDF954ABFE568F9654523EC835384CE820E7FEC80198004C33422B847BE1A54A02D831F7FFF7FFF7FFFFF08C8E11D00336AB54D6C826A0001249C599409BFA568F9654523EC82B883CA8472A2,2706236a18299c3fbfcc68f9654523ec856c86177ef57fd880117fffc190194b58cd1a54a25c83e47fff7fff7fffff08c8e11a00336ab54d3c826a0001249e539987bf9668f9654523ec83cd86797f3a7fd7801b7ffac1c81c8151911a54a1a183a07fff7fff7fffff08c8e11b00336ab54d4c826a0002a49dc8974abfac68f9654523ec837384d681d67fe7800b7ffac23f1f9c4c021a54a0e6835f7fff7fff7fffff08c8e11c00336ab54d5c826a0002a49cdf954abfe568f9654523ec835384ce820e7fec80198004c33422b847be1a54a02d831f7fff7fff7fffff08c8e11d00336ab54d6c826a0001249c599409bfa568f9654523ec82b883ca8472a2
15052729,217.834,2026-09-25T02:40:21.834000+00:00,DP0SNX,CQ,271,0,86A240404040E088A060A69CB06103F02706246B181A0F7FEC80137FF9C410255D44891A549F7282E27FFF7FFF7FFFFF08C8E11E00336AB54D7C826A0001249BC792D8BF9168F9654523EC81B085AA80FF7FE980118005C50227DE41EC1A549EB682A57FFF7FFF7FFFFF08C8E11F00336AB54D8C826A0001249ADE91D7BFDA68F9654523EC848585CB802C7FEC80147FFFC60529CB405E1A549DFA826B7FFF7FFF7FFFFF08C8E12000336AB54D9C826A0002A4999F90BDC04568F9654523EC82C284C2826B7FEE80117FFEC7832BE83F361A549D3E82317FFF7FFF7FFFFF08C8E12100336AB54DAC826A0002A499939095BF9D68F9654523EC82A184E1825D7FF480108005C8632D923E0F1A54CBBE,2706246b181a0f7fec80137ff9c410255d44891a549f7282e27fff7fff7fffff08c8e11e00336ab54d7c826a0001249bc792d8bf9168f9654523ec81b085aa80ff7fe980118005c50227de41ec1a549eb682a57fff7fff7fffff08c8e11f00336ab54d8c826a0001249ade91d7bfda68f9654523ec848585cb802c7fec80147fffc60529cb405e1a549dfa826b7fff7fff7fffff08c8e12000336ab54d9c826a0002a4999f90bdc04568f9654523ec82c284c2826b7fee80117ffec7832be83f361a549d3e82317fff7fff7fffff08c8e12100336ab54dac826a0002a499939095bf9d68f9654523ec82a184e1825d7ff480108005c8632d923e0f1a54cbbe
15052729,218.194,2026-09-25T02:40:22.194000+00:00,DP0SNX,CQ,146,0,86A240404040E088A060A69CB06103F02700256118000864E66100736AB5DF18821CDA39303FC280000000000001CDA3B5ABA628000000000000029600000C022226680132101196343005061046D8D542C0A464B585B62043326FF11AB03C720068BDE4856704E20069BEE603E802B7B57F28FB4320028FE2006840640073000A0067406380F28069A300028B0060F0A0F0,2700256118000864e66100736ab5df18821cda39303fc280000000000001cda3b5aba628000000000000029600000c022226680132101196343005061046d8d542c0a464b585b62043326ff11ab03c720068bde4856704e20069bee603e802b7b57f28fb4320028fe2006840640073000a0067406380f28069a300028b0060f0a0f0
15052729,219.109,2026-09-25T02:40:23.109000+00:00,DP0SNX,CQ,271,1,86A240404040E088A060A69CB06103F02706266C180B9C8281FA7FFF7FFF7FFFFF08C8E12200336AB54DBC826A00012498438FF6BFFF68F9654523EC844E8629803D7FE480148001C9BE2ED23E021A559BCC81C57FFF7FFF7FFFFF08C8E12300336AB54DCC826A00012497628F6DC03868F9654523EC812F84C682E47FEE800C7FFBCAE5304A3D831A559B0C818F7FFF7FFF7FFFFF08C8E12400336AB54DDC826A00012496698F22C06968F9654523EC82D0826D84CD7FF880107FF9CC4331633DC31A559A50815A7FFF7FFF7FFFFF08C8E12500336AB54DEC826A0002A195DB8ECCBFD368F9654523EC820E84DF82437FFD80148001CE5D33E53D491A55999481277FFF7FFF7FFFFF08C8E1264279,2706266c180b9c8281fa7fff7fff7fffff08c8e12200336ab54dbc826a00012498438ff6bfff68f9654523ec844e8629803d7fe480148001c9be2ed23e021a559bcc81c57fff7fff7fffff08c8e12300336ab54dcc826a00012497628f6dc03868f9654523ec812f84c682e47fee800c7ffbcae5304a3d831a559b0c818f7fff7fff7fffff08c8e12400336ab54ddc826a00012496698f22c06968f9654523ec82d0826d84cd7ff880107ff9cc4331633dc31a559a50815a7fff7fff7fffff08c8e12500336ab54dec826a0002a195db8eccbfd368f9654523ec820e84df82437ffd80148001ce5d33e53d491a55999481277fff7fff7fffff08c8e1264279
15052729,219.844,2026-09-25T02:40:23.844000+00:00,DP0SNX,CQ,146,0,86A240404040E088A060A69CB06103F02700286218000864E66200736AB5DF1A821CDA3B303FC280000000000001CDA3D5ABA628000000000000029600000C02222668013210119633F005061046D8D5C2C0A464B58B362043326FF0BAB03C720068BDE485670462006A3EE583E78337B57F28FB4300028FE2006840640073800A0067406380F28069A300028B0060F0EEC9,2700286218000864e66200736ab5df1a821cda3b303fc280000000000001cda3d5aba628000000000000029600000c02222668013210119633f005061046d8d5c2c0a464b58b362043326ff0bab03c720068bde485670462006a3ee583e78337b57f28fb4300028fe2006840640073800a0067406380f28069a300028b0060f0eec9
15052729,221.117,2026-09-25T02:40:25.117000+00:00,DP0SNX,CQ,121,1,86A240404040E088A060A69CB06103F027022AB718499E0000000000000080000000000000000000000000000000800000000000000000003200000000000000000000000000000000000000000000000000000000000000090000000000000882C03F00116AB5DF1B9E81A0D66F7DAB000070B479CF231502,27022ab718499e0000000000000080000000000000000000000000000000800000000000000000003200000000000000000000000000000000000000000000000000000000000000090000000000000882c03f00116ab5df1b9e81a0d66f7dab000070b479cf231502
15052729,221.734,2026-09-25T02:40:25.734000+00:00,DP0SNX,CQ,271,1,86A240404040E088A060A69CB06103F027062C6F1818F6800B8002D7E63AD741C21A5692F67F837FFF7FFF7FFFFF08C8E12F00336AB54E8C826A0002A18F388F98C00468F9654523EC8110850280E17FF8800B7FFFD8AA3B65423A1A56923A7F587FFF7FFF7FFFFF08C8E13000336AB54E9C826A0002A18EAE8FD5BFED68F9654523EC80FE850480AF7FFD800D8004D9AF3C3442D11A56917D7F2D7FFF7FFF7FFFFF08C8E13100336AB54EAC826A0002A18DE88F46C02168F9654523EC80E484F1809A8003800D8007DAA43DB442971A5690C17F037FFF7FFF7FFFFF08C8E13200336AB54EBC826A0001218DBD903DBFDD68F9654523EC823084D07E207FE980117FFEDB1C3D8B43721A5790044501,27062c6f1818f6800b8002d7e63ad741c21a5692f67f837fff7fff7fffff08c8e12f00336ab54e8c826a0002a18f388f98c00468f9654523ec8110850280e17ff8800b7fffd8aa3b65423a1a56923a7f587fff7fff7fffff08c8e13000336ab54e9c826a0002a18eae8fd5bfed68f9654523ec80fe850480af7ffd800d8004d9af3c3442d11a56917d7f2d7fff7fff7fffff08c8e13100336ab54eac826a0002a18de88f46c02168f9654523ec80e484f1809a8003800d8007daa43db442971a5690c17f037fff7fff7fffff08c8e13200336ab54ebc826a0001218dbd903dbfdd68f9654523ec823084d07e207fe980117ffedb1c3d8b43721a5790044501
15052729,222.094,2026-09-25T02:40:26.094000+00:00,DP0SNX,CQ,146,1,86A240404040E088A060A69CB06103F027002D6318000864E66300736AB5DF1C821CDA3D303FC280000000000001CDA3F5ABA628000000000000029600000C022226680132101196349005061046D8D542C0A464B58A762043326FF0DAB03C720068BCE486E705E2006A3EE603E802B7B57F28FB4320028FE2006840648073000A0067406380F28069A300028B0060F07C61,27002d6318000864e66300736ab5df1c821cda3d303fc280000000000001cda3f5aba628000000000000029600000c022226680132101196349005061046d8d542c0a464b58a762043326ff0dab03c720068bce486e705e2006a3ee603e802b7b57f28fb4320028fe2006840648073000a0067406380f28069a300028b0060f07c61
15052729,224.169,2026-09-25T02:40:28.169000+00:00,DP0SNX,CQ,146,0,86A240404040E088A060A69CB06103F02700316418000864E66400736AB5DF1E821CDA3F303FC280000000000001CDA415ABA628000000000000029600000C022226680132101196347005061046D8D4C2C0A464B58FF5C063326FF11AB03C720068BDE4856704E2006A3EE603E802B7B57F28FB4320028FE20068406480F3808A0067406380F28069A300028B0060F0DFCE,2700316418000864e66400736ab5df1e821cda3f303fc280000000000001cda415aba628000000000000029600000c022226680132101196347005061046d8d4c2c0a464b58ff5c063326ff11ab03c720068bde4856704e2006a3ee603e802b7b57f28fb4320028fe20068406480f3808a0067406380f28069a300028b0060f0dfce
15052729,225.084,2026-09-25T02:40:29.084000+00:00,DP0SNX,CQ,271,1,86A240404040E088A060A69CB06103F02706327318160880008383CDACE5AC1A625143029D7FFF7FFF7FFFFF08C8E14000336AB557D09E4D0001252D9B5F44127968F9654523EC79DF7CCD8217800180067FFB85DBCB31E7691A625BFFFC577FFF7FFF7FFFFF08C8E14100336AB558C09E4D000125381460701DCF68F9654523EC796B7E6E7FB97FF98009800689D1C588EB031A6366ECF8D77FFF7FFF7FFFFF08C8E14200336AB559B09E4D0001A0476D61F92FE768F9654523EC79D680C87EC97FFB800780087FFF7FFF7FFF1A6271EAF63F7FFF7FFF7FFF7F08C8E14300336AB55AA09E4D0001A051936B884FFB68F9654523EC7C1F846E7FE77FFA800580107FFF7FFF7FFF1A617CF0F3FEED1B,2706327318160880008383cdace5ac1a625143029d7fff7fff7fffff08c8e14000336ab557d09e4d0001252d9b5f44127968f9654523ec79df7ccd8217800180067ffb85dbcb31e7691a625bfffc577fff7fff7fffff08c8e14100336ab558c09e4d000125381460701dcf68f9654523ec796b7e6e7fb97ff98009800689d1c588eb031a6366ecf8d77fff7fff7fffff08c8e14200336ab559b09e4d0001a0476d61f92fe768f9654523ec79d680c87ec97ffb800780087fff7fff7fff1a6271eaf63f7fff7fff7fff7f08c8e14300336ab55aa09e4d0001a051936b884ffb68f9654523ec7c1f846e7fe77ffa800580107fff7fff7fff1a617cf0f3feed1b
15052729,225.869,2026-09-25T02:40:29.869000+00:00,DP0SNX,CQ,146,1,86A240404040E088A060A69CB06103F02700346518000864E66500736AB5DF20821CDA41303FC280000000000001CDA435ABA628000000000000029600000C022226680132101196347005061046D8D442C0A464B58435C063326FF0DAB03C720068BDE485E704E2006A3EE603E80337B57F28FB4300028FE2006840640073008A0067C06380F20069A300028B0060F0169D,2700346518000864e66500736ab5df20821cda41303fc280000000000001cda435aba628000000000000029600000c022226680132101196347005061046d8d442c0a464b58435c063326ff0dab03c720068bde485e704e2006a3ee603e80337b57f28fb4300028fe2006840640073008a0067c06380f20069a300028b0060f0169d
15052729,227.134,2026-09-25T02:40:31.134000+00:00,DP0SNX,CQ,271,0,86A240404040E088A060A69CB06103F0270636761823654523EC80CF7ADF83317FDA7FAF804BFB7575D45FCB1A549E7172377FFF7FFF7FFFFF08C8E14D00336AB564009E4D0002A1EB438CB767E168F9654523EC7D5B7EF17BE27F9880657F9BE7F3356A7C2B1A56936E6F477FFF7FFF7FFFFF08C8E14E00336AB564F09E4D0002A2EF6275FCBAB868F9654523EC7DFD8446802C8013800B7FD407B454677C9D1A5888636CE67FFF7FFF7FFFFF08C8E14F00336AB565E09E4D0002A511AF9B51BE8A68F9654523EC7F24840F7FE68020800280303009B1FBD68D1A5A7D546AB37FFF7FFF7FFFFF08C8E15000336AB566D09E4D0001250EE98724FF0468F9654523EC81648086823E80058011803BB9,270636761823654523ec80cf7adf83317fda7faf804bfb7575d45fcb1a549e7172377fff7fff7fffff08c8e14d00336ab564009e4d0002a1eb438cb767e168f9654523ec7d5b7ef17be27f9880657f9be7f3356a7c2b1a56936e6f477fff7fff7fffff08c8e14e00336ab564f09e4d0002a2ef6275fcbab868f9654523ec7dfd8446802c8013800b7fd407b454677c9d1a5888636ce67fff7fff7fffff08c8e14f00336ab565e09e4d0002a511af9b51be8a68f9654523ec7f24840f7fe68020800280303009b1fbd68d1a5a7d546ab37fff7fff7fffff08c8e15000336ab566d09e4d0001250ee98724ff0468f9654523ec81648086823e80058011803bb9
15052729,227.869,2026-09-25T02:40:31.869000+00:00,DP0SNX,CQ,146,2,86A240404040E088A060A69CB06103F02700386618000864E66600736AB5DF22821CDA43303FC280000000000001CDA455ABA628000000000000029600000C02222668013210119634D005061046D8D442C0A464B58CF5C063326FF0BAB03C720068BDE405670462006A3EE683E802B7B4FF28FB4320028FE2006840648073000A0067C06380F28069A300028B0060F06A52,2700386618000864e66600736ab5df22821cda43303fc280000000000001cda455aba628000000000000029600000c02222668013210119634d005061046d8d442c0a464b58cf5c063326ff0bab03c720068bde405670462006a3ee683e802b7b4ff28fb4320028fe2006840648073000a0067c06380f28069a300028b0060f06a52
15052729,228.759,2026-09-25T02:40:32.759000+00:00,DP0SNX,CQ,271,2,86A240404040E088A060A69CB06103F02706397818057FFF7FFFFF08C8E15500336AB56B809E4D00012319D080ECFB5868F9654523EC82797CA686CE7FF0800F8026B28DDC52C8D41A6147A2066A7FFF7FFF7FFFFF08C8E15600336AB56C709E4D0002A5326B78F4413F68F9654523EC77B8811782D47FEA8020802DAB795636F0E51A62515AF22F7FFF7FFF7FFFFF08C8E15700336AB56D609E4D000122412ABA48969668F9654523EC853D8741814B7FF08043803E0F33AEE959CB1A625C16EBF67FFF7FFF7FFFFF08C8E15800336AB56E509E4D000121C927B9D19A4768F9654523EC7D5E7B4184297FB67FC7802ADEAF46B13FB41A636703E8787FFF7FFF7FFFFF08C8E15900336AB56F402107,2706397818057fff7fffff08c8e15500336ab56b809e4d00012319d080ecfb5868f9654523ec82797ca686ce7ff0800f8026b28ddc52c8d41a6147a2066a7fff7fff7fffff08c8e15600336ab56c709e4d0002a5326b78f4413f68f9654523ec77b8811782d47fea8020802dab795636f0e51a62515af22f7fff7fff7fffff08c8e15700336ab56d609e4d000122412aba48969668f9654523ec853d8741814b7ff08043803e0f33aee959cb1a625c16ebf67fff7fff7fffff08c8e15800336ab56e509e4d000121c927b9d19a4768f9654523ec7d5e7b4184297fb67fc7802adeaf46b13fb41a636703e8787fff7fff7fffff08c8e15900336ab56f402107
15052729,229.135,2026-09-25T02:40:33.135000+00:00,DP0SNX,CQ,271,0,86A240404040E088A060A69CB06103F027063A7918309E4D0001A0C3197A8BC5EE68F9654523EC7AA47DA07DAE7F32801F7FF47FFF7FFF7FFF1A6271FFE5E27FFF7FFF7FFF7F08C8E15A00336AB570309E4D0001A0653171437DC668F9654523EC833E83F27E6F7F3780287FC67FFF7FFF7FFF1A617D04E3A17FFF7FFF7FFF7F08C8E15B00336AB571209E4D0001A03F1AA28D3DF768F9654523EC8052823484B57F3D7FD67FBC7FFF7FFF7FFF1A5F880CE1707FFF7FFF7FFF7F08C8E15C00336AB572109E4D0001A0CA347E167F3368F9654523EC841383E77F957F397FCC7FFC7FFF7FFF7FFF1A5C9312DF127FFF7FFF7FFF7F08C8E15D00336AB573009E4D0001A07B076409935C68F965451ADE,27063a7918309e4d0001a0c3197a8bc5ee68f9654523ec7aa47da07dae7f32801f7ff47fff7fff7fff1a6271ffe5e27fff7fff7fff7f08c8e15a00336ab570309e4d0001a0653171437dc668f9654523ec833e83f27e6f7f3780287fc67fff7fff7fff1a617d04e3a17fff7fff7fff7f08c8e15b00336ab571209e4d0001a03f1aa28d3df768f9654523ec8052823484b57f3d7fd67fbc7fff7fff7fff1a5f880ce1707fff7fff7fff7f08c8e15c00336ab572109e4d0001a0ca347e167f3368f9654523ec841383e77f957f397fcc7ffc7fff7fff7fff1a5c9312df127fff7fff7fff7f08c8e15d00336ab573009e4d0001a07b076409935c68f965451ade
15052729,229.534,2026-09-25T02:40:33.534000+00:00,DP0SNX,CQ,271,0,86A240404040E088A060A69CB06103F027063B7A182123EC83E37A3081A97F3C802880147FFF7FFF7FFF1A599E11DC2A7FFF7FFF7FFF3F08C8E15E00336AB573F09E4D0001A01FD2930C97FB68F9654523EC85247C9F7AC17F4A80337FB97FFF7FFF7FFF1A57A8F8D7CB7FFF7FFF7FFF3F08C8E15F00336AB574E09E4D00012555E77DD7AE3168F9654523EC7A767CA183B080217FFF8021B47459FCEE641A54B37FCE0D7FFF7FFF7FFFFF08C8E16000336AB575D09E4D0002A5307291D5EB2A68F9654523EC7B3686C97D5E8000802080095B00AD7CF1C71A53BA9DA0397FFF7FFF7FFFFF08C8E16100336AB576C09E4D0002A22F0F6E3803F968F9654523EC822387187EA38005801F801623359E,27063b7a182123ec83e37a3081a97f3c802880147fff7fff7fff1a599e11dc2a7fff7fff7fff3f08c8e15e00336ab573f09e4d0001a01fd2930c97fb68f9654523ec85247c9f7ac17f4a80337fb97fff7fff7fff1a57a8f8d7cb7fff7fff7fff3f08c8e15f00336ab574e09e4d00012555e77dd7ae3168f9654523ec7a767ca183b080217fff8021b47459fcee641a54b37fce0d7fff7fff7fffff08c8e16000336ab575d09e4d0002a5307291d5eb2a68f9654523ec7b3686c97d5e8000802080095b00ad7cf1c71a53ba9da0397fff7fff7fffff08c8e16100336ab576c09e4d0002a22f0f6e3803f968f9654523ec822387187ea38005801f801623359e
15052729,229.894,2026-09-25T02:40:33.894000+00:00,DP0SNX,CQ,146,0,86A240404040E088A060A69CB06103F027003C6718000864E66700736AB5DF24821CDA45303FC280000000000001CDA475ABA628000000000000029600000C02222668013210119634B005061046D8D442C0A464A38DB64025326FF0FAB03C7200683BE488E707E2006A3EE603E78337B57F28FB4320028FE2006840648073000A0067C06380F28069A300028B0060F0B800,27003c6718000864e66700736ab5df24821cda45303fc280000000000001cda475aba628000000000000029600000c02222668013210119634b005061046d8d442c0a464a38db64025326ff0fab03c7200683be488e707e2006a3ee603e78337b57f28fb4320028fe2006840648073000a0067c06380f28069a300028b0060f0b800
15052729,230.784,2026-09-25T02:40:34.784000+00:00,DP0SNX,CQ,271,1,86A240404040E088A060A69CB06103F027063D7B181261B818C4421A52B3C8705C7FFF7FFF7FFFFF08C8E16200336AB577B09E4D00012354E05DD24BBC68F9654523EC86AF80C1848C7FF37FFF802D5C24F982923D1A53A944664A7FFF7FFF7FFFFF08C8E16300336AB578A09E4D0002A137724EEA71E468F9654523EC81027A8182A87FF57FE98006F609B12279FD1A549E5C61D87FFF7FFF7FFFFF08C8E16400336AB579909E4D000125138D7DC5012168F9654523EC854483EC7F3E7FC7800D7FD15486D1FED8261A5693575EE97FFF7FFF7FFFFF08C8E16500336AB57A809E4D0002A303088489EF7A68F9654523EC823083017E7C801280028000420ADC3DBF871A58884D5C897FFF7FFF335F,27063d7b181261b818c4421a52b3c8705c7fff7fff7fffff08c8e16200336ab577b09e4d00012354e05dd24bbc68f9654523ec86af80c1848c7ff37fff802d5c24f982923d1a53a944664a7fff7fff7fffff08c8e16300336ab578a09e4d0002a137724eea71e468f9654523ec81027a8182a87ff57fe98006f609b12279fd1a549e5c61d87fff7fff7fffff08c8e16400336ab579909e4d000125138d7dc5012168f9654523ec854483ec7f3e7fc7800d7fd15486d1fed8261a5693575ee97fff7fff7fffff08c8e16500336ab57a809e4d0002a303088489ef7a68f9654523ec823083017e7c801280028000420adc3dbf871a58884d5c897fff7fff335f
15052729,231.159,2026-09-25T02:40:35.159000+00:00,DP0SNX,CQ,271,0,86A240404040E088A060A69CB06103F027063E7C18037FFFFF08C8E16600336AB57B709E4D00012303A27247FEA768F9654523EC83FA821E81667FFD800D801B5AC1EA7EBC751A5A7D3F5A577FFF7FFF7FFFFF08C8E16700336AB57C609E4D0002A315FD652334F268F9654523EC80907F6C82F780018016801BAED7CF3CD8F21A5B723358167FFF7FFF7FFFFF08C8E16800336AB57D509E4D0002A535BC7D6D7A5068F9654523EC7D0A81D281397FF08022802671529843FCCF1A5D673355817FFF7FFF7FFFFF08C8E16900336AB57E409E4D000123158F924CC53A68F9654523EC832582E481E87FFE801C803441C4D2E6CB151A5E5C4052087FFF7FFF7FFFFF08C8E16A00336AB57F309E4D21B9,27063e7c18037fffff08c8e16600336ab57b709e4d00012303a27247fea768f9654523ec83fa821e81667ffd800d801b5ac1ea7ebc751a5a7d3f5a577fff7fff7fffff08c8e16700336ab57c609e4d0002a315fd652334f268f9654523ec80907f6c82f780018016801baed7cf3cd8f21a5b723358167fff7fff7fffff08c8e16800336ab57d509e4d0002a535bc7d6d7a5068f9654523ec7d0a81d281397ff08022802671529843fccf1a5d673355817fff7fff7fffff08c8e16900336ab57e409e4d000123158f924cc53a68f9654523ec832582e481e87ffe801c803441c4d2e6cb151a5e5c4052087fff7fff7fffff08c8e16a00336ab57f309e4d21b9
15052729,231.534,2026-09-25T02:40:35.534000+00:00,DP0SNX,CQ,271,0,86A240404040E088A060A69CB06103F027063F7D182E0002A5144D6AED2B3668F9654523EC7E1F7E9684BC7FF5801B803BC550AA9CE2CD1A5F517F4BDF7FFF7FFF7FFFFF08C8E16B00336AB580209E4D0001A030759677950968F9654523EC7FD4874E81107FEF803D803F7FFF7FFF7FFF1A6047BC38137FFF7FFF7FFFFF08C8E16C00336AB581109E4D0002A11B327E86268368F9654523EC7C677C3485AC7FEF7FFA8057E4CD8378CECA1A6147B1F5BD7FFF7FFF7FFFFF08C8E16D00336AB582009E4D000123FD83A3D7DCE368F9654523EC85D085B884EF7FD9805A805F3BD9DD8F495D1A62516FE1C47FFF7FFF7FFFFF08C8E16E00336AB582F09E4D0002A20FF29ACD9CD768F9654523EC6EC1,27063f7d182e0002a5144d6aed2b3668f9654523ec7e1f7e9684bc7ff5801b803bc550aa9ce2cd1a5f517f4bdf7fff7fff7fffff08c8e16b00336ab580209e4d0001a030759677950968f9654523ec7fd4874e81107fef803d803f7fff7fff7fff1a6047bc38137fff7fff7fffff08c8e16c00336ab581109e4d0002a11b327e86268368f9654523ec7c677c3485ac7fef7ffa8057e4cd8378ceca1a6147b1f5bd7fff7fff7fffff08c8e16d00336ab582009e4d000123fd83a3d7dce368f9654523ec85d085b884ef7fd9805a805f3bd9dd8f495d1a62516fe1c47fff7fff7fffff08c8e16e00336ab582f09e4d0002a20ff29acd9cd768f9654523ec6ec1
15052729,231.894,2026-09-25T02:40:35.894000+00:00,DP0SNX,CQ,146,0,86A240404040E088A060A69CB06103F02700406818000864E66800736AB5DF26821CDA47303FC280000000000001CDA495ABA628000000000000029600000C02222668013210119634D005061046D8D5C2C0A464A382F64025326FF1DAB03C7200683DE4856704E2006A3EE683E802B7B57F28FB4318028FE20068406480F3000A0067C06380F28069A300028B0060F0A49A,2700406818000864e66800736ab5df26821cda47303fc280000000000001cda495aba628000000000000029600000c02222668013210119634d005061046d8d5c2c0a464a382f64025326ff1dab03c7200683de4856704e2006a3ee683e802b7b57f28fb4318028fe20068406480f3000a0067c06380f28069a300028b0060f0a49a
15052729,232.785,2026-09-25T02:40:36.785000+00:00,DP0SNX,CQ,271,2,86A240404040E088A060A69CB06103F02706417E181F7E5684C7878580467FE580A60ADA4EFA6FFD1A625C2DDB947FFF7FFF7FFFFF08C8E16F00336AB583E09E4D0002A20026A177BB7A68F9654523EC7E23839887457FF27FCF80C40E7178B745611A63671AD81A7FFF7FFF7FFFFF08C8E17000336AB584D09E4D0001A0F62A9BE20B9D68F9654523EC7F3D829386757FF6803F80CD7FFF7FFF7FFF1A627218D5847FFF7FFF7FFF7F08C8E17100336AB585C09E4D0001A00A40988D4A3D68F9654523EC7FA683BA84AB80077FFB80D77FFF7FFF7FFF1A617D1DD3447FFF7FFF7FFF7F08C8E17200336AB586B09E4D0001A0F9BF8C169AB268F9654523EC84EF7E2D81497FD57FCF80CE7FFF7F38A5,2706417e181f7e5684c7878580467fe580a60ada4efa6ffd1a625c2ddb947fff7fff7fffff08c8e16f00336ab583e09e4d0002a20026a177bb7a68f9654523ec7e23839887457ff27fcf80c40e7178b745611a63671ad81a7fff7fff7fffff08c8e17000336ab584d09e4d0001a0f62a9be20b9d68f9654523ec7f3d829386757ff6803f80cd7fff7fff7fff1a627218d5847fff7fff7fff7f08c8e17100336ab585c09e4d0001a00a40988d4a3d68f9654523ec7fa683ba84ab80077ffb80d77fff7fff7fff1a617d1dd3447fff7fff7fff7f08c8e17200336ab586b09e4d0001a0f9bf8c169ab268f9654523ec84ef7e2d81497fd57fcf80ce7fff7f38a5
15052729,233.185,2026-09-25T02:40:37.185000+00:00,DP0SNX,CQ,271,0,86A240404040E088A060A69CB06103F02706427F1810FF7FFF1A5F8822D1137FFF7FFF7FFF7F08C8E17300336AB587A09E4D0001A0F7C27A2CE06B68F9654523EC7F9A7BD87B737FC1800480C07FFF7FFF7FFF1A5C9329CEB57FFF7FFF7FFF7F08C8E17400336AB588909E4D0001A0FD6C6D7326C068F9654523EC800E7FAD78707FE3802B80C67FFF7FFF7FFF1A599E26CBCB7FFF7FFF7FFF3F08C8E17500336AB589809E4D0001A0FD436D5E69D468F9654523EC7F937EEE77EA80157FEF80D27FFF7FFF7FFF1A57A90DC7677FFF7FFF7FFF3F08C8E17600336AB58A709E4D0002A6CAA476A2806968F9654523EC7FF487CF7DB17F997F398030969080C702021A54B393BD937FFF7FFF7FFF2942,2706427f1810ff7fff1a5f8822d1137fff7fff7fff7f08c8e17300336ab587a09e4d0001a0f7c27a2ce06b68f9654523ec7f9a7bd87b737fc1800480c07fff7fff7fff1a5c9329ceb57fff7fff7fff7f08c8e17400336ab588909e4d0001a0fd6c6d7326c068f9654523ec800e7fad78707fe3802b80c67fff7fff7fff1a599e26cbcb7fff7fff7fff3f08c8e17500336ab589809e4d0001a0fd436d5e69d468f9654523ec7f937eee77ea80157fef80d27fff7fff7fff1a57a90dc7677fff7fff7fff3f08c8e17600336ab58a709e4d0002a6caa476a2806968f9654523ec7ff487cf7db17f997f398030969080c702021a54b393bd937fff7fff7fff2942
15052729,234.835,2026-09-25T02:40:38.835000+00:00,DP0SNX,CQ,271,2,86A240404040E088A060A69CB06103F027064581182C2513CB871CCCFB68F9654523EC7E1C83EF7C477FF47FE67FEB2C5381C0E0D91A5693404E8B7FFF7FFF7FFFFF08C8E17C00336AB590109E4D0001252FD29E62C20468F9654523EC7CFD831B7D82801C7FFF80008837C001EE891A5888364C2B7FFF7FFF7FFFFF08C8E17D00336AB591009E4D0002A1517CA368B40A68F9654523EC7EB4833F7DDC80007FF57FFCD0CECEDDBC481A5A7D2949FA7FFF7FFF7FFFFF08C8E17E00336AB591F09E4D0001216B11872FA78F68F9654523EC7DD883CC7E5D7FE97FE77FEEE75BCB7083191A5B721D47B97FFF7FFF7FFFFF08C8E17F00336AB592E09E4D00012549E16EA474F468F9654523EC7CAC1A71,27064581182c2513cb871cccfb68f9654523ec7e1c83ef7c477ff47fe67feb2c5381c0e0d91a5693404e8b7fff7fff7fffff08c8e17c00336ab590109e4d0001252fd29e62c20468f9654523ec7cfd831b7d82801c7fff80008837c001ee891a5888364c2b7fff7fff7fffff08c8e17d00336ab591009e4d0002a1517ca368b40a68f9654523ec7eb4833f7ddc80007ff57ffcd0ceceddbc481a5a7d2949fa7fff7fff7fffff08c8e17e00336ab591f09e4d0001216b11872fa78f68f9654523ec7dd883cc7e5d7fe97fe77feee75bcb7083191a5b721d47b97fff7fff7fffff08c8e17f00336ab592e09e4d00012549e16ea474f468f9654523ec7cac1a71
15052729,235.234,2026-09-25T02:40:39.234000+00:00,DP0SNX,CQ,271,1,86A240404040E088A060A69CB06103F027064682181D808780F67FDB80057FE47F3BD4D9DFD41A5D671B45237FFF7FFF7FFFFF08C8E18000336AB593D09E4D0002A5372C76126F9668F9654523EC7B8E82A880CE80078007801373A293EDFDD41A5E5C2841A67FFF7FFF7FFFFF08C8E18100336AB594C09E4D00012543B97D87875768F9654523EC7DE486857EEE8003801080086223B651EFFC1A5F51693B747FFF7FFF7FFFFF08C8E18200336AB595B09E4D0002A53E748E309FFD68F9654523EC837386517F40800A801080004EA6CE52D8651A6047AD27667FFF7FFF7FFFFF08C8E18300336AB596A09E4D000123244E9E5ECEC468F9654523EC87DE814082A38017800C801F6986FAA89CBD60,27064682181d808780f67fdb80057fe47f3bd4d9dfd41a5d671b45237fff7fff7fffff08c8e18000336ab593d09e4d0002a5372c76126f9668f9654523ec7b8e82a880ce80078007801373a293edfdd41a5e5c2841a67fff7fff7fffff08c8e18100336ab594c09e4d00012543b97d87875768f9654523ec7de486857eee8003801080086223b651effc1a5f51693b747fff7fff7fffff08c8e18200336ab595b09e4d0002a53e748e309ffd68f9654523ec837386517f40800a801080004ea6ce52d8651a6047ad27667fff7fff7fffff08c8e18300336ab596a09e4d000123244e9e5ecec468f9654523ec87de814082a38017800c801f6986faa89cbd60
15052729,235.61,2026-09-25T02:40:39.610000+00:00,DP0SNX,CQ,271,1,86A240404040E088A060A69CB06103F027064783180EDC1A6147C3E5097FFF7FFF7FFFFF08C8E18400336AB597909E4D0002A11CBC97C3058868F9654523EC8255799384F07FF880028027E23FCE7E97DF1A625184D1597FFF7FFF7FFFFF08C8E18500336AB598809E4D000121426AB4ACF48868F9654523EC82CF7720813F7FD47FE97FE5F3A9B24F6A371A625C43CB337FFF7FFF7FFFFF08C8E18600336AB599709E4D0002A544C48516A2FF68F9654523EC86F282B17FE080077FFC7FFB46B29EDDEE361A63672FC7BC7FFF7FFF7FFFFF08C8E18700336AB59A609E4D0001A06C178DB6A84268F9654523EC85337DDF7C3480107FEE80047FFF7FFF7FFF1A62722EC5277FFF7FFF7FFF7F08E96D,27064783180edc1a6147c3e5097fff7fff7fffff08c8e18400336ab597909e4d0002a11cbc97c3058868f9654523ec8255799384f07ff880028027e23fce7e97df1a625184d1597fff7fff7fffff08c8e18500336ab598809e4d000121426ab4acf48868f9654523ec82cf7720813f7fd47fe97fe5f3a9b24f6a371a625c43cb337fff7fff7fffff08c8e18600336ab599709e4d0002a544c48516a2ff68f9654523ec86f282b17fe080077ffc7ffb46b29eddee361a63672fc7bc7fff7fff7fffff08c8e18700336ab59a609e4d0001a06c178db6a84268f9654523ec85337ddf7c3480107fee80047fff7fff7fff1a62722ec5277fff7fff7fff7f08e96d
15052729,235.994,2026-09-25T02:40:39.994000+00:00,DP0SNX,CQ,146,0,86A240404040E088A060A69CB06103F02700486A18000864E66A00736AB5DF2A821CDA4B303FC280000000000001CDA4D5ABA628000000000000029600000C02222668013210119634D005061046D8D542C0A464A382B64025326FF11AB03C720068BDE405670462006A3EE603E80337B57F28FB4318028FE20068406480F3000A0067C06380F28069A300028B0060F0164D,2700486a18000864e66a00736ab5df2a821cda4b303fc280000000000001cda4d5aba628000000000000029600000c02222668013210119634d005061046d8d542c0a464a382b64025326ff11ab03c720068bde405670462006a3ee603e80337b57f28fb4318028fe20068406480f3000a0067c06380f28069a300028b0060f0164d
15052729,237.135,2026-09-25T02:40:41.135000+00:00,DP0SNX,CQ,271,1,86A240404040E088A060A69CB06103F027064A841839C8E18800336AB59B509E4D0001A0834E8C109EC268F9654523EC83987CBB7CE080017FED7FFA7FFF7FFF7FFF1A617D34C2E77FFF7FFF7FFF7F08C8E18A00336AB59C409E4D0001A081DB79698B5468F9654523EC84847F947CE67FF07FF07FE87FFF7FFF7FFF1A5F883BC0B67FFF7FFF7FFF7F08C8E18B00336AB59D309E4D0001A051338BF260D268F9654523EC81F885AA82D17FD380057FE37FFF7FFF7FFF1A5C9340BE577FFF7FFF7FFF7F08C8E18C00336AB59E209E4D0001A099D6A1D1EC7E68F9654523EC7D677D1F86117FEF803D7FEA7FFF7FFF7FFF1A599E3EBB6C7FFF7FFF7FFF3F08C8E18D00336AB59F109E4D0001A04DC4AC,27064a841839c8e18800336ab59b509e4d0001a0834e8c109ec268f9654523ec83987cbb7ce080017fed7ffa7fff7fff7fff1a617d34c2e77fff7fff7fff7f08c8e18a00336ab59c409e4d0001a081db79698b5468f9654523ec84847f947ce67ff07ff07fe87fff7fff7fff1a5f883bc0b67fff7fff7fff7f08c8e18b00336ab59d309e4d0001a051338bf260d268f9654523ec81f885aa82d17fd380057fe37fff7fff7fff1a5c9340be577fff7fff7fff7f08c8e18c00336ab59e209e4d0001a099d6a1d1ec7e68f9654523ec7d677d1f86117fef803d7fea7fff7fff7fff1a599e3ebb6c7fff7fff7fff3f08c8e18d00336ab59f109e4d0001a04dc4ac
15052729,237.535,2026-09-25T02:40:41.535000+00:00,DP0SNX,CQ,271,1,86A240404040E088A060A69CB06103F027064B85182ACA83C8E67D68F9654523EC793681BA846E803580297FEA7FFF7FFF7FFF1A57A923B7027FFF7FFF7FFF3F08C8E18E00336AB5A0009E4D000123EDC8BAB02C1F68F9654523EC791186A27F9380007FE08002A6F4F31DA82E1A54B3A9AD137FFF7FFF7FFFFF08C8E18F00336AB5A0F09E4D00012569C6A07D7BC068F9654523EC7B7A7C7284AA7FF180037FDB6AA0D622DC3C1A53BA9D7E1E7FFF7FFF7FFFFF08C8E19000336AB5A1E09E4D0002A56D2F9AF254C068F9654523EC7FE07AE18559800C80047FE32F73BED5CD1E1A52B39F4F647FFF7FFF7FFFFF08C8E19100336AB5A2D09E4D0002A2652DA4A83ECA68F9654523EC841A7A30CAFC,27064b85182aca83c8e67d68f9654523ec793681ba846e803580297fea7fff7fff7fff1a57a923b7027fff7fff7fff3f08c8e18e00336ab5a0009e4d000123edc8bab02c1f68f9654523ec791186a27f9380007fe08002a6f4f31da82e1a54b3a9ad137fff7fff7fffff08c8e18f00336ab5a0f09e4d00012569c6a07d7bc068f9654523ec7b7a7c7284aa7ff180037fdb6aa0d622dc3c1a53ba9d7e1e7fff7fff7fffff08c8e19000336ab5a1e09e4d0002a56d2f9af254c068f9654523ec7fe07ae18559800c80047fe32f73bed5cd1e1a52b39f4f647fff7fff7fffff08c8e19100336ab5a2d09e4d0002a2652da4a83eca68f9654523ec841a7a30cafc
15052729,237.894,2026-09-25T02:40:41.894000+00:00,DP0SNX,CQ,146,1,86A240404040E088A060A69CB06103F027004C6B18000864E66B00736AB5DF2C821CDA4D303FC280000000000001CDA4F5ABA628000000000000029600000C02222668013210119634B005061046D8D442C0A464A38C764025326FF0BAB03C7200683C6488E70762006A3EE603E80337B57F28FB4300028FE20067C0640073000A0067406380F28069A300028B0060F05431,27004c6b18000864e66b00736ab5df2c821cda4d303fc280000000000001cda4f5aba628000000000000029600000c02222668013210119634b005061046d8d442c0a464a38c764025326ff0bab03c7200683c6488e70762006a3ee603e80337b57f28fb4300028fe20067c0640073000a0067406380f28069a300028b0060f05431
15052729,238.796,2026-09-25T02:40:42.796000+00:00,DP0SNX,CQ,153,0,86A240404040E088A060A69CB06103F027024DB9180008D3C1D200206AB5DF2C9E00000002000000008080000000000000000000000000000000000000087DC4C500536AB5DF2C9E0006BF524905FC05FA05FA05F9000004E2000004E2000000000000010B0000000000000000000000000000000000000000000000000000000000A153332DB6000C00000270013800000004000055555D6F,27024db9180008d3c1d200206ab5df2c9e00000002000000008080000000000000000000000000000000000000087dc4c500536ab5df2c9e0006bf524905fc05fa05fa05f9000004e2000004e2000000000000010b0000000000000000000000000000000000000000000000000000000000a153332db6000c00000270013800000004000055555d6f
15052729,239.061,2026-09-25T02:40:43.061000+00:00,DP0SNX,CQ,83,0,86A240404040E088A060A69CB06103F027024EBA180008E6C21C00346AB5DF2D9E718955A51D7C882D71AD233C71EE5D2E788DD18E8FECA22F728D13173FACDE2E71B903BF7FCEC52C78BD21FA59FCB32D5E23,27024eba180008e6c21c00346ab5df2d9e718955a51d7c882d71ad233c71ee5d2e788dd18e8feca22f728d13173facde2e71b903bf7fcec52c78bd21fa59fcb32d5e23
15052729,239.285,2026-09-25T02:40:43.285000+00:00,DP0SNX,CQ,271,1,86A240404040E088A060A69CB06103F027064F86181B830F8004800E7FEC1D4D7421D0A01A53A91745807FFF7FFF7FFFFF08C8E19200336AB5A3C09E4D0002A29961B4E52FC068F9654523EC7E7679B47F027FF4801580341476C0CC98EB1A549E2D41197FFF7FFF7FFFFF08C8E19300336AB5A4B09E4D000121FE85B11435BB68F9654523EC800483B87B2D801E800E8035F4958767B44E1A56932C3E2E7FFF7FFF7FFFFF08C8E19400336AB5A5A09E4D0002A26FF3A0544E5668F9654523EC7F5A7BDC7F4F7FEC805E803012F6C11290211A58881F3BCE7FFF7FFF7FFFFF08C8E19500336AB5A6909E4D0002A45346B024FA1D68F9654523EC819880CF7CA980167FDA8062CE0222B2A7E71A8DD1,27064f86181b830f8004800e7fec1d4d7421d0a01a53a91745807fff7fff7fffff08c8e19200336ab5a3c09e4d0002a29961b4e52fc068f9654523ec7e7679b47f027ff4801580341476c0cc98eb1a549e2d41197fff7fff7fffff08c8e19300336ab5a4b09e4d000121fe85b11435bb68f9654523ec800483b87b2d801e800e8035f4958767b44e1a56932c3e2e7fff7fff7fffff08c8e19400336ab5a5a09e4d0002a26ff3a0544e5668f9654523ec7f5a7bdc7f4f7fec805e803012f6c11290211a58881f3bce7fff7fff7fffff08c8e19500336ab5a6909e4d0002a45346b024fa1d68f9654523ec819880cf7ca980167fda8062ce0222b2a7e71a8dd1
15052729,239.659,2026-09-25T02:40:43.659000+00:00,DP0SNX,CQ,271,0,86A240404040E088A060A69CB06103F027065087180C5A7D12399D7FFF7FFF7FFFFF08C8E19600336AB5A7809E4D0002A1E78C8F204BEE68F9654523EC7F997C7F7FE48050807D7FDFFA385D1A70E71A5B7206375C7FFF7FFF7FFFFF08C8E19700336AB5A8709E4D0002A4047366ECA8B068F9654523EC80418128846E80627FCD7FAC333832B4C3301A5D670334C47FFF7FFF7FFFFF08C8E19800336AB5A9609E4D000123F3CD56BADE9468F9654523EC7D4A7E2B84BD7FDE7FC47FAD2ACED824A4D31A5E5C1331457FFF7FFF7FFFFF08C8E19900336AB5AA509E4D0002A551205AB9942968F9654523EC7E7387377F55801D7FE57FA6CB12B326DA2B1A5F51532B077FFF7FFF7FFFFF08C8E195E3,27065087180c5a7d12399d7fff7fff7fffff08c8e19600336ab5a7809e4d0002a1e78c8f204bee68f9654523ec7f997c7f7fe48050807d7fdffa385d1a70e71a5b7206375c7fff7fff7fffff08c8e19700336ab5a8709e4d0002a4047366eca8b068f9654523ec80418128846e80627fcd7fac333832b4c3301a5d670334c47fff7fff7fffff08c8e19800336ab5a9609e4d000123f3cd56bade9468f9654523ec7d4a7e2b84bd7fde7fc47fad2aced824a4d31a5e5c1331457fff7fff7fffff08c8e19900336ab5aa509e4d0002a551205ab9942968f9654523ec7e7387377f55801d7fe57fa6cb12b326da2b1a5f51532b077fff7fff7fffff08c8e195e3
15052729,240.019,2026-09-25T02:40:44.019000+00:00,DP0SNX,CQ,146,0,86A240404040E088A060A69CB06103F02700516C18000864E66C00736AB5DF2E821CDA4F303FC280000000000001CDA515ABA628000000000000029600000C02222668013210119634B005061046D8D342C0A464A38AB64025326FF09AB03C720068BDE4856704E2006A3EE683E802B7B57F28FB3B18028FE20068406480F3000A0067406380F28069A300028B0060F05347,2700516c18000864e66c00736ab5df2e821cda4f303fc280000000000001cda515aba628000000000000029600000c02222668013210119634b005061046d8d342c0a464a38ab64025326ff09ab03c720068bde4856704e2006a3ee683e802b7b57f28fb3b18028fe20068406480f3000a0067406380f28069a300028b0060f05347
15052729,240.935,2026-09-25T02:40:44.935000+00:00,DP0SNX,CQ,271,2,86A240404040E088A060A69CB06103F02706528818379A00336AB5AB409E4D000123161D46790F9D68F9654523EC79497DFB82A080157FED7FF35EE3E810C2C31A60479C16B27FFF7FFF7FFFFF08C8E19B00336AB5AC309E4D0002A3122F5924FD5B68F9654523EC7B857B7983E27FF77FFA7FF56D80E148D1191A6147D3D45B7FFF7FFF7FFFFF08C8E19C00336AB5AD209E4D00012522E756F40FCC68F9654523EC7ABB7B7181668001800B80077C78D7C3DD191A62519AC0EE7FFF7FFF7FFFFF08C8E19D00336AB5AE109E4D0002A53B89524C340B68F9654523EC794A7E227E748000800880078C4AD24AE1431A625C5ABAD27FFF7FFF7FFFFF08C8E19E00336AB5AF009E4D00012556D1566DF1,2706528818379a00336ab5ab409e4d000123161d46790f9d68f9654523ec79497dfb82a080157fed7ff35ee3e810c2c31a60479c16b27fff7fff7fffff08c8e19b00336ab5ac309e4d0002a3122f5924fd5b68f9654523ec7b857b7983e27ff77ffa7ff56d80e148d1191a6147d3d45b7fff7fff7fffff08c8e19c00336ab5ad209e4d00012522e756f40fcc68f9654523ec7abb7b7181668001800b80077c78d7c3dd191a62519ac0ee7fff7fff7fffff08c8e19d00336ab5ae109e4d0002a53b89524c340b68f9654523ec794a7e227e748000800880078c4ad24ae1431a625c5abad27fff7fff7fffff08c8e19e00336ab5af009e4d00012556d1566df1
15052729,241.31,2026-09-25T02:40:45.310000+00:00,DP0SNX,CQ,271,2,86A240404040E088A060A69CB06103F02706538918282D583968F9654523EC7A92811B7BDF8000800680059207CE1AE3CA1A636748B75D7FFF7FFF7FFFFF08C8E19F00336AB5AFF09E4D0001A0573E6685684968F9654523EC7D87843B7B7E7FE37FFB80097FFF7FFF7FFF1A627244B4CA7FFF7FFF7FFF7F08C8E1A000336AB5B0E09E4D0001A01FCF830764DA68F9654523EC80AB84FC82AC7FCC7FFD7FF57FFF7FFF7FFF1A617D49B28A7FFF7FFF7FFF7F08C8E1A100336AB5B1D09E4D0001A0EAB8A96963F868F9654523EC81B582A584647FE080107FE77FFF7FFF7FFF1A5F8850B0597FFF7FFF7FFF7F08C8E1A200336AB5B2C09E4D0001A04A3BA27AEA4C68F9654523EC7C30838C8440FC65,2706538918282d583968f9654523ec7a92811b7bdf8000800680059207ce1ae3ca1a636748b75d7fff7fff7fffff08c8e19f00336ab5aff09e4d0001a0573e6685684968f9654523ec7d87843b7b7e7fe37ffb80097fff7fff7fff1a627244b4ca7fff7fff7fff7f08c8e1a000336ab5b0e09e4d0001a01fcf830764da68f9654523ec80ab84fc82ac7fcc7ffd7ff57fff7fff7fff1a617d49b28a7fff7fff7fff7f08c8e1a100336ab5b1d09e4d0001a0eab8a96963f868f9654523ec81b582a584647fe080107fe77fff7fff7fff1a5f8850b0597fff7fff7fff7f08c8e1a200336ab5b2c09e4d0001a04a3ba27aea4c68f9654523ec7c30838c8440fc65
15052729,241.71,2026-09-25T02:40:45.710000+00:00,DP0SNX,CQ,271,0,86A240404040E088A060A69CB06103F02706548A18197FF4801A7FF57FFF7FFF7FFF1A5C9356ADF97FFF7FFF7FFF7F08C8E1A300336AB5B3B09E4D0001A030AF7225F2E468F9654523EC7B47863D7E4E7FF7801C7FFB7FFF7FFF7FFF1A599E56AB0C7FFF7FFF7FFF3F08C8E1A400336AB5B4A09E4D0001A0775460E52F9868F9654523EC7E79872383C07FD880167FFB7FFF7FFF7FFF1A57A93AA69D7FFF7FFF7FFF3F08C8E1A500336AB5B5909E4D0002A35C66667B528168F9654523EC862F816C83FC800D8018802F8230F289B9171A54B3BD9C997FFF7FFF7FFFFF08C8E1A600336AB5B6809E4D00012560248AA4A1F668F9654523EC7B6C7DDB856D7FF880288026C8639697E71B1A53BAABA2,2706548a18197ff4801a7ff57fff7fff7fff1a5c9356adf97fff7fff7fff7f08c8e1a300336ab5b3b09e4d0001a030af7225f2e468f9654523ec7b47863d7e4e7ff7801c7ffb7fff7fff7fff1a599e56ab0c7fff7fff7fff3f08c8e1a400336ab5b4a09e4d0001a0775460e52f9868f9654523ec7e79872383c07fd880167ffb7fff7fff7fff1a57a93aa69d7fff7fff7fff3f08c8e1a500336ab5b5909e4d0002a35c66667b528168f9654523ec862f816c83fc800d8018802f8230f289b9171a54b3bd9c997fff7fff7fffff08c8e1a600336ab5b6809e4d00012560248aa4a1f668f9654523ec7b6c7ddb856d7ff880288026c8639697e71b1a53baaba2
15052729,242.094,2026-09-25T02:40:46.094000+00:00,DP0SNX,CQ,146,0,86A240404040E088A060A69CB06103F02700556D18000864E66D00736AB5DF30821CDA51303FC280000000000001CDA535ABA628000000000000029600000C022226680132101196347005061046D8D342C0A464A398764025326FF1FAB03C720068BDE4856704E2006A3EE603E802B7B57F28FB4318028FE20068406480F3000A0067C06380F28069A300028B0060F05BAC,2700556d18000864e66d00736ab5df30821cda51303fc280000000000001cda535aba628000000000000029600000c022226680132101196347005061046d8d342c0a464a398764025326ff1fab03c720068bde4856704e2006a3ee603e802b7b57f28fb4318028fe20068406480f3000a0067c06380f28069a300028b0060f05bac
15052729,242.985,2026-09-25T02:40:46.985000+00:00,DP0SNX,CQ,271,0,86A240404040E088A060A69CB06103F02706568B180A9D6D1D7FFF7FFF7FFFFF08C8E1A700336AB5B7709E4D00012237286C92EC8F68F9654523EC7D6787D37F537FFB802C803018996661C6F61A52B3893EE67FFF7FFF7FFFFF08C8E1A800336AB5B8609E4D000121606B678883D168F9654523EC82507A5485727FDB80128046DE61D346973E1A53A901351C7FFF7FFF7FFFFF08C8E1A900336AB5B9509E4D0002A3F6FDA44010AA68F9654523EC7C81807C79EF7F397FF07FD2946CF6F5AA981A549E1630B97FFF7FFF7FFFFF08C8E1AA00336AB5BA409E4D0002A4F172780DB0EA68F9654523EC7FF1849E7C5F803D805A7FF41D922E75790B1A5693152DD07FFF7FFF7FFFFF08C8E1AB00EA96,2706568b180a9d6d1d7fff7fff7fffff08c8e1a700336ab5b7709e4d00012237286c92ec8f68f9654523ec7d6787d37f537ffb802c803018996661c6f61a52b3893ee67fff7fff7fffff08c8e1a800336ab5b8609e4d000121606b678883d168f9654523ec82507a5485727fdb80128046de61d346973e1a53a901351c7fff7fff7fffff08c8e1a900336ab5b9509e4d0002a3f6fda44010aa68f9654523ec7c81807c79ef7f397ff07fd2946cf6f5aa981a549e1630b97fff7fff7fffff08c8e1aa00336ab5ba409e4d0002a4f172780db0ea68f9654523ec7ff1849e7c5f803d805a7ff41d922e75790b1a5693152dd07fff7fff7fffff08c8e1ab00ea96
15052729,243.36,2026-09-25T02:40:47.360000+00:00,DP0SNX,CQ,271,1,86A240404040E088A060A69CB06103F02706578C1835336AB5BB309E4D000123392D5C54619A68F9654523EC7FB97D8283A37FE87FD18018BA76E334B7E41A5888072B717FFF7FFF7FFFFF08C8E1AC00336AB5BC209E4D0002A3E24C90B0176668F9654523EC82E47DE67E697FC17FDD7FC7AEB9F4AB67C11A5A7CFB29407FFF7FFF7FFFFF08C8E1AD00336AB5BD109E4D0001A0065E90B8BD6068F9654523EC7FFF84AA80A1801A80067FED7FFF7FFF7FFF1A5B71F126FE7FFF7FFF7FFFFF08C8E1AE00336AB5BE009E4D0002A51CA19984A5B468F9654523EC7F8C85B38082800C7FF68018259DA594D2791A5D66ED24667FFF7FFF7FFFFF08C8E1AF00336AB5BEF09E4D00012525D192DDCF356A,2706578c1835336ab5bb309e4d000123392d5c54619a68f9654523ec7fb97d8283a37fe87fd18018ba76e334b7e41a5888072b717fff7fff7fffff08c8e1ac00336ab5bc209e4d0002a3e24c90b0176668f9654523ec82e47de67e697fc17fdd7fc7aeb9f4ab67c11a5a7cfb29407fff7fff7fffff08c8e1ad00336ab5bd109e4d0001a0065e90b8bd6068f9654523ec7fff84aa80a1801a80067fed7fff7fff7fff1a5b71f126fe7fff7fff7fffff08c8e1ae00336ab5be009e4d0002a51ca19984a5b468f9654523ec7f8c85b38082800c7ff68018259da594d2791a5d66ed24667fff7fff7fffff08c8e1af00336ab5bef09e4d00012525d192ddcf356a
15052729,243.735,2026-09-25T02:40:47.735000+00:00,DP0SNX,CQ,271,2,86A240404040E088A060A69CB06103F02706588D18268A68F9654523EC8566819E81597FFC8002800D855CD8BDDC151A5E5BFD20E47FFF7FFF7FFFFF08C8E1B000336AB5BFE09E4D0002A5207687BBD61F68F9654523EC862D7F7883ED800280067FFA75BBD2E5E0FB1A5F513C1A9B7FFF7FFF7FFFFF08C8E1B100336AB5C0D09E4D00012526FC83BDD52268F9654523EC86E17D9883AC7FF980007FFA78D7CE28E51C1A60478D06097FFF7FFF7FFFFF08C8E1B200336AB5C1C09E4D0002A52D7585B3D45268F9654523EC86877C49821B7FFD80027FF17E56D44EE04B1A6147E4C3AE7FFF7FFF7FFFFF08C8E1B300336AB5C2B09E4D00012537728959D08B68F9654523EC85D27C4E804B7FFEA11E,2706588d18268a68f9654523ec8566819e81597ffc8002800d855cd8bddc151a5e5bfd20e47fff7fff7fffff08c8e1b000336ab5bfe09e4d0002a5207687bbd61f68f9654523ec862d7f7883ed800280067ffa75bbd2e5e0fb1a5f513c1a9b7fff7fff7fffff08c8e1b100336ab5c0d09e4d00012526fc83bdd52268f9654523ec86e17d9883ac7ff980007ffa78d7ce28e51c1a60478d06097fff7fff7fffff08c8e1b200336ab5c1c09e4d0002a52d7585b3d45268f9654523ec86877c49821b7ffd80027ff17e56d44ee04b1a6147e4c3ae7fff7fff7fffff08c8e1b300336ab5c2b09e4d00012537728959d08b68f9654523ec85d27c4e804b7ffea11e
15052729,244.094,2026-09-25T02:40:48.094000+00:00,DP0SNX,CQ,146,1,86A240404040E088A060A69CB06103F02700596E18000864E66E00736AB5DF32821CDA53303FC280000000000001CDA555ABA628000000000000029600000C022226680132101196347005061046D8D442C0A464A39E764025326FF1BAB03C720068BDE4856704E2006A3EE603E802B7B4FF28FB3B18028FE2006840640073800A0067C06380F28069A300028B0060F023DA,2700596e18000864e66e00736ab5df32821cda53303fc280000000000001cda555aba628000000000000029600000c022226680132101196347005061046d8d442c0a464a39e764025326ff1bab03c720068bde4856704e2006a3ee603e802b7b4ff28fb3b18028fe2006840640073800a0067c06380f28069a300028b0060f023da
15052729,244.985,2026-09-25T02:40:48.985000+00:00,DP0SNX,CQ,271,0,86A240404040E088A060A69CB06103F027065A8E18177FFA7FF2846FD7DBDCFA1A6251B1B0817FFF7FFF7FFFFF08C8E1B400336AB5C3A09E4D0002A5440E89BCC60B68F9654523EC853F7D367EAB7FFF80017FE98083D163E2C91A625C6FAA717FFF7FFF7FFFFF08C8E1B500336AB5C4909E4D0001254EC08986BBF068F9654523EC84877DD87E477FFA7FFF7FFA7E82C8F4E9281A63675FA6FE7FFF7FFF7FFFFF08C8E1B600336AB5C5809E4D0001A04F358F99B4F468F9654523EC84487DBC7EEE800380057FF07FFF7FFF7FFF1A62725DA46C7FFF7FFF7FFF7F08C8E1B700336AB5C6709E4D0001A03693986BABB268F9654523EC841B7EDD81BE800880147FE87FFF7FFF7FFF1A617D62A24ECB,27065a8e18177ffa7ff2846fd7dbdcfa1a6251b1b0817fff7fff7fffff08c8e1b400336ab5c3a09e4d0002a5440e89bcc60b68f9654523ec853f7d367eab7fff80017fe98083d163e2c91a625c6faa717fff7fff7fffff08c8e1b500336ab5c4909e4d0001254ec08986bbf068f9654523ec84877dd87e477ffa7fff7ffa7e82c8f4e9281a63675fa6fe7fff7fff7fffff08c8e1b600336ab5c5809e4d0001a04f358f99b4f468f9654523ec84487dbc7eee800380057ff07fff7fff7fff1a62725da46c7fff7fff7fff7f08c8e1b700336ab5c6709e4d0001a03693986babb268f9654523ec841b7edd81be800880147fe87fff7fff7fff1a617d62a24ecb
15052729,245.385,2026-09-25T02:40:49.385000+00:00,DP0SNX,CQ,271,1,86A240404040E088A060A69CB06103F027065B8F18082D7FFF7FFF7FFF7F08C8E1B800336AB5C7609E4D0001A0781BB92F408868F9654523EC80B082218487802A80107FDF7FFF7FFF7FFF1A5F88679FFC7FFF7FFF7FFF7F08C8E1B900336AB5C8509E4D0001A04D3E82C52CFA68F9654523EC7EC186548043802D7FDC7FEB7FFF7FFF7FFF1A5C936D9D9C7FFF7FFF7FFF7F08C8E1BA00336AB5C9409E4D0001A014519402185868F9654523EC7BEA866080287FEA7FCF7FE97FFF7FFF7FFF1A599E6C9AAC7FFF7FFF7FFF3F08C8E1BB00336AB5CA309E4D0001A0563FAEBBAF7868F9654523EC7D1D8033869A7FFD7FE07FE47FFF7FFF7FFF1A56A95096397FFF7FFF7FFF3F08C8E1BC00336AA910,27065b8f18082d7fff7fff7fff7f08c8e1b800336ab5c7609e4d0001a0781bb92f408868f9654523ec80b082218487802a80107fdf7fff7fff7fff1a5f88679ffc7fff7fff7fff7f08c8e1b900336ab5c8509e4d0001a04d3e82c52cfa68f9654523ec7ec186548043802d7fdc7feb7fff7fff7fff1a5c936d9d9c7fff7fff7fff7f08c8e1ba00336ab5c9409e4d0001a014519402185868f9654523ec7bea866080287fea7fcf7fe97fff7fff7fff1a599e6c9aac7fff7fff7fff3f08c8e1bb00336ab5ca309e4d0001a0563faebbaf7868f9654523ec7d1d8033869a7ffd7fe07fe47fff7fff7fff1a56a95096397fff7fff7fff3f08c8e1bc00336aa910
15052729,245.785,2026-09-25T02:40:49.785000+00:00,DP0SNX,CQ,271,0,86A240404040E088A060A69CB06103F027065C901833B5CB209E4D0002A567118E6359CB68F9654523EC81E07D318698800B7FFF7FD64DA6B8F3E6FA1A54B3D48C197FFF7FFF7FFFFF08C8E1BD00336AB5CC109E4D000125428A950823FF68F9654523EC866D846B81A080037FE87FD48BE0813CFF6F1A53BA9C5C0B7FFF7FFF7FFFFF08C8E1BE00336AB5CD009E4D0001231C27AE71FE7068F9654523EC7AB785377CF380027FFD7FE1A501D90ED4291A52B3762E6D7FFF7FFF7FFFFF08C8E1BF00336AB5CDF09E4D0002A532AD98B0D85B68F9654523EC79FA84627C8C7FE980167FF577AC99CAFD171A53A8E924B67FFF7FFF7FFFFF08C8E1C000336AB5CEE09E4D0002A5215E87B1D53368A299,27065c901833b5cb209e4d0002a567118e6359cb68f9654523ec81e07d318698800b7fff7fd64da6b8f3e6fa1a54b3d48c197fff7fff7fffff08c8e1bd00336ab5cc109e4d000125428a950823ff68f9654523ec866d846b81a080037fe87fd48be0813cff6f1a53ba9c5c0b7fff7fff7fffff08c8e1be00336ab5cd009e4d0001231c27ae71fe7068f9654523ec7ab785377cf380027ffd7fe1a501d90ed4291a52b3762e6d7fff7fff7fffff08c8e1bf00336ab5cdf09e4d0002a532ad98b0d85b68f9654523ec79fa84627c8c7fe980167ff577ac99cafd171a53a8e924b67fff7fff7fffff08c8e1c000336ab5cee09e4d0002a5215e87b1d53368a299
15052729,247.06,2026-09-25T02:40:51.060000+00:00,DP0SNX,CQ,271,0,86A240404040E088A060A69CB06103F027065E911824F9654523EC7D4084327B2F800F80107FE840FA80A7EF671A549E00205A7FFF7FFF7FFFFF08C8E1C100336AB5CFD09E4D0001252C30918CB64068F9654523EC7C2981B97CA180107FF37FE16F3A8911FE901A5692FC1D727FFF7FFF7FFFFF08C8E1C200336AB5D0C09E4D0002A53D538F85989868F9654523EC7BCB806E7E3D800480027FE78B3CAF52F6651A5887EF1B147FFF7FFF7FFFFF08C8E1C300336AB5D1B09E4D0001253B6E8C54936568F9654523EC7C5B82517EA0800280087FFE7FD7B336F54D1A5A7CE318E37FFF7FFF7FFFFF08C8E1C400336AB5D2A09E4D0002A53A108C7C977B68F9654523EC7E1185097EA780098008DE02,27065e911824f9654523ec7d4084327b2f800f80107fe840fa80a7ef671a549e00205a7fff7fff7fffff08c8e1c100336ab5cfd09e4d0001252c30918cb64068f9654523ec7c2981b97ca180107ff37fe16f3a8911fe901a5692fc1d727fff7fff7fffff08c8e1c200336ab5d0c09e4d0002a53d538f85989868f9654523ec7bcb806e7e3d800480027fe78b3caf52f6651a5887ef1b147fff7fff7fffff08c8e1c300336ab5d1b09e4d0001253b6e8c54936568f9654523ec7c5b82517ea0800280087ffe7fd7b336f54d1a5a7ce318e37fff7fff7fffff08c8e1c400336ab5d2a09e4d0002a53a108c7c977b68f9654523ec7e1185097ea780098008de02
15052729,247.81,2026-09-25T02:40:51.810000+00:00,DP0SNX,CQ,271,1,86A240404040E088A060A69CB06103F0270660931806FF7FFF7FFFFF08C8E1C900336AB5D7509E4D000123396A9E70C5C868F9654523EC86F17DAE80F37FFD7FF08000873BF867AAD31A6147F5B3037FFF7FFF7FFFFF08C8E1CA00336AB5D8409E4D0002A551178966A7CA68F9654523EC850180667D457FEA7FFA7FEB72C5D9E8DA231A6251C5A0187FFF7FFF7FFFFF08C8E1CB00336AB5D9309E4D0002A55D3979C3964968F9654523EC826081897C567FFB7FF87FF77C8EC501EBBF1A625C889A0F7FFF7FFF7FFFFF08C8E1CC00336AB5DA209E4D000125647473B189D668F9654523EC819981F87C917FF880067FF68182C2F8ED111A63677696A07FFF7FFF7FFFFF08C8E1CD00336AB5DB8493,270660931806ff7fff7fffff08c8e1c900336ab5d7509e4d000123396a9e70c5c868f9654523ec86f17dae80f37ffd7ff08000873bf867aad31a6147f5b3037fff7fff7fffff08c8e1ca00336ab5d8409e4d0002a551178966a7ca68f9654523ec850180667d457fea7ffa7feb72c5d9e8da231a6251c5a0187fff7fff7fffff08c8e1cb00336ab5d9309e4d0002a55d3979c3964968f9654523ec826081897c567ffb7ff87ff77c8ec501ebbf1a625c889a0f7fff7fff7fffff08c8e1cc00336ab5da209e4d000125647473b189d668f9654523ec819981f87c917ff880067ff68182c2f8ed111a63677696a07fff7fff7fffff08c8e1cd00336ab5db8493
15052729,248.17,2026-09-25T02:40:52.170000+00:00,DP0SNX,CQ,146,0,86A240404040E088A060A69CB06103F02700617018000864E67000736AB5DF36821CDA57303FC280000000000001CDA595ABA628000000000000029600000C022226680132101196341005061046D8D3C2C0A464A396764025326FF13AB03C720068BDE485670462006A3EE603E802B7B57F28FB3B00028FE20068406480F3008A0067C06380F20069A300028B0060F00B03,2700617018000864e67000736ab5df36821cda57303fc280000000000001cda595aba628000000000000029600000c022226680132101196341005061046d8d3c2c0a464a396764025326ff13ab03c720068bde485670462006a3ee603e802b7b57f28fb3b00028fe20068406480f3008a0067c06380f20069a300028b0060f00b03
15052729,249.085,2026-09-25T02:40:53.085000+00:00,DP0SNX,CQ,271,1,86A240404040E088A060A69CB06103F0270662941831109E4D0001A05BAE791579FF68F9654523EC80DC82FA7D1B7FE980077FEC7FFF7FFF7FFF1A627273940F7FFF7FFF7FFF7F08C8E1CE00336AB5DC009E4D0001A022A2A273717A68F9654523EC7F548344833D7FD380157FEA7FFF7FFF7FFF1A617D7891D07FFF7FFF7FFF7F08C8E1CF00336AB5DCF09E4D0001A09AE4A464D94D68F9654523EC7E7F7F7684498003802A7FFB7FFF7FFF7FFF1A5F88808F9F7FFF7FFF7FFF7F08C8E1D000336AB5DDE09E4D0001A04CC47B2BFF9668F9654523EC7C1A84AE8191802F802180037FFF7FFF7FFF1A5C93868D3D7FFF7FFF7FFF7F08D2C1C800206AB54CAF820000000200000000003C00080157BD,270662941831109e4d0001a05bae791579ff68f9654523ec80dc82fa7d1b7fe980077fec7fff7fff7fff1a627273940f7fff7fff7fff7f08c8e1ce00336ab5dc009e4d0001a022a2a273717a68f9654523ec7f548344833d7fd380157fea7fff7fff7fff1a617d7891d07fff7fff7fff7f08c8e1cf00336ab5dcf09e4d0001a09ae4a464d94d68f9654523ec7e7f7f7684498003802a7ffb7fff7fff7fff1a5f88808f9f7fff7fff7fff7f08c8e1d000336ab5dde09e4d0001a04cc47b2bff9668f9654523ec7c1a84ae8191802f802180037fff7fff7fff1a5c93868d3d7fff7fff7fff7f08d2c1c800206ab54caf820000000200000000003c00080157bd
15052729,249.485,2026-09-25T02:40:53.485000+00:00,DP0SNX,CQ,271,2,86A240404040E088A060A69CB06103F027066395180F0411CDE400008208DAFA040041047508D2C1C900206AB54CBF820000000200000000003C0810010111CE1408008088DAFE020040447508D2C1CA00206AB54CCF820000000600000000003C3010010511CDD008008288DAEE040041447508D2C1CB00206AB54CDF820000000600000000003BE018010211CE2808008108DB0E040040847508D2C1CC00206AB54CEF820000000200000000003BC810010611CDC008008308E6F6020041847508D2C1CD00206AB54CFF820000000200000000003BA810010311CDCC08008188E704040040C47508D2C1CE00206AB54D0F820000000200000000003B7810010011CDC408008008E6FA0000400629,27066395180f0411cde400008208dafa040041047508d2c1c900206ab54cbf820000000200000000003c0810010111ce1408008088dafe020040447508d2c1ca00206ab54ccf820000000600000000003c3010010511cdd008008288daee040041447508d2c1cb00206ab54cdf820000000600000000003be018010211ce2808008108db0e040040847508d2c1cc00206ab54cef820000000200000000003bc810010611cdc008008308e6f6020041847508d2c1cd00206ab54cff820000000200000000003ba810010311cdcc08008188e704040040c47508d2c1ce00206ab54d0f820000000200000000003b7810010011cdc408008008e6fa0000400629
15052729,249.845,2026-09-25T02:40:53.845000+00:00,DP0SNX,CQ,146,1,86A240404040E088A060A69CB06103F02700647118000864E67100736AB5DF38821CDA59303FC280000000000001CDA5B5ABA628000000000000029600000C022226680132101196341005061046D8D342C0A464A39BF64025326FF0FAB03C7200683DE4856704E2006A3EE603E802B7B57F28FB4300028FE20067C06400F3000A0067C06380F28069A300028B0060F0C6DD,2700647118000864e67100736ab5df38821cda59303fc280000000000001cda5b5aba628000000000000029600000c022226680132101196341005061046d8d342c0a464a39bf64025326ff0fab03c7200683de4856704e2006a3ee603e802b7b57f28fb4300028fe20067c06400f3000a0067c06380f28069a300028b0060f0c6dd
15052729,250.761,2026-09-25T02:40:54.761000+00:00,DP0SNX,CQ,271,0,86A240404040E088A060A69CB06103F0270265BB1800087AC658006C6AB5DF389EFFFC00000001FDFC000000000000000F7FC00000001FDFC00000000000000000000000000000000000000000000000000000000000000000000000000000000CC00033000CD00000F000000000000000000000000000000000000000000000F1A880003E6A2000000990DC00002B6AB5DF389EFF8E8D898D8F8C77FF80FF868C8B8C76797A8090FFFF585978797390FFFF55575A603BACAA30C0092CDC8D00416AB5DF389ECBFF9C9CCBFF9C81CBFF9B9CFFFF9C8181818139BABA9C81818139B9B99B12FF060223FF010012FF2A02FFFF04FFFF00FFFF000000FF7FFF8F800000400878EDA8004C6AB5DF38B56C,270265bb1800087ac658006c6ab5df389efffc00000001fdfc000000000000000f7fc00000001fdfc00000000000000000000000000000000000000000000000000000000000000000000000000000000cc00033000cd00000f000000000000000000000000000000000000000000000f1a880003e6a2000000990dc00002b6ab5df389eff8e8d898d8f8c77ff80ff868c8b8c76797a8090ffff585978797390ffff55575a603bacaa30c0092cdc8d00416ab5df389ecbff9c9ccbff9c81cbff9b9cffff9c8181818139baba9c81818139b9b99b12ff060223ff010012ff2a02ffff04ffff00ffff000000ff7fff8f800000400878eda8004c6ab5df38b56c
15052729,251.36,2026-09-25T02:40:55.360000+00:00,DP0SNX,CQ,271,0,86A240404040E088A060A69CB06103F0270667961802047908D2C1CF00206AB54D1F820000000200000000003B5810010411D5AC0C008208E6F4040041047908D2C1D000206AB54D2F820000000200000000003B4010010111D5A808008088E6EA040040447908D2C1D100206AB54D3F820000000200000000003B6018010611D58008008308E6E2040041847908D2C1D200206AB54D4F820000000200000000003B7008010311D57C08008188E6E2040040C47908D2C1D300206AB54D5F820000000200000000003B6010010011D58008008008E6DE040040047908D2C1D400206AB54D6F820000000200000000003B8818010511D5740C008288E6D6040041447908D2C1D500206AB54D7F821571,270667961802047908d2c1cf00206ab54d1f820000000200000000003b5810010411d5ac0c008208e6f4040041047908d2c1d000206ab54d2f820000000200000000003b4010010111d5a808008088e6ea040040447908d2c1d100206ab54d3f820000000200000000003b6018010611d58008008308e6e2040041847908d2c1d200206ab54d4f820000000200000000003b7008010311d57c08008188e6e2040040c47908d2c1d300206ab54d5f820000000200000000003b6010010011d58008008008e6de040040047908d2c1d400206ab54d6f820000000200000000003b8818010511d5740c008288e6d6040041447908d2c1d500206ab54d7f821571
15052729,251.736,2026-09-25T02:40:55.736000+00:00,DP0SNX,CQ,271,0,86A240404040E088A060A69CB06103F027066897181C0040000200000000003B7010010111D56C0C008088E6D6040040447908D2C1D600206AB54D8F820000000200000000003B5018010611D57C0C008308E6E2040041847908D2C1D700206AB54D9F820000100200000000003B5018010311D59808008188E6DC060040C47908D2C1D800206AB54DAF820000000200000000003B5010010011D5680C008008EAD6040040047908D2C1D900206AB54DBF820000000600000000003B5808010411D58804008208EADE040041047908D2C1DA00206AB54DCF820000000200000000003B6818010011D5740C008008EADE040040047B08D2C1DB00206AB54DDF820000100200000000003B88100192FF,27066897181c0040000200000000003b7010010111d56c0c008088e6d6040040447908d2c1d600206ab54d8f820000000200000000003b5018010611d57c0c008308e6e2040041847908d2c1d700206ab54d9f820000100200000000003b5018010311d59808008188e6dc060040c47908d2c1d800206ab54daf820000000200000000003b5010010011d5680c008008ead6040040047908d2c1d900206ab54dbf820000000600000000003b5808010411d58804008208eade040041047908d2c1da00206ab54dcf820000000200000000003b6818010011d5740c008008eade040040047b08d2c1db00206ab54ddf820000100200000000003b88100192ff
15052729,252.095,2026-09-25T02:40:56.095000+00:00,DP0SNX,CQ,146,1,86A240404040E088A060A69CB06103F02700697218000864E67200736AB5DF3A821CDA5B303FC280000000000001CDA5D5ABA628000000000000029600000C02222668013210119633F005061046D8D3C2C0A464A39FF64025326FF0FAB03C720068BDE4856704E2006A3EE683E802B7B57F28FB3B18028FE2006840648073000A0067C06380F28069A300028B0060F03DC8,2700697218000864e67200736ab5df3a821cda5b303fc280000000000001cda5d5aba628000000000000029600000c02222668013210119633f005061046d8d3c2c0a464a39ff64025326ff0fab03c720068bde4856704e2006a3ee683e802b7b57f28fb3b18028fe2006840648073000a0067c06380f28069a300028b0060f03dc8
15052729,252.986,2026-09-25T02:40:56.986000+00:00,DP0SNX,CQ,271,1,86A240404040E088A060A69CB06103F027066A98180F0511E59408008288EAE6040041447B08D2C1DC00206AB54DEF820000000200000000003B6018010211E57408008108EAD0040040847B08D2C1DD00206AB54DFF820000000200000000003B8810010711E5500C008388EAD0040041C47B08D2C1DE00206AB54E0F820000000200000000003B8010010411E56C08008208EADA040041047B08D2C1DF00206AB54E1F820000000200000000003B9818010111E5680C008088EADA000040447B08D2C1E000206AB54E2F820000000200000000003B8818010611E5680C008308EAE6040041847B08D2C1E100206AB54E3F820000000600000000003B8010010211E56C0C008108EAE4040040A2D1,27066a98180f0511e59408008288eae6040041447b08d2c1dc00206ab54def820000000200000000003b6018010211e57408008108ead0040040847b08d2c1dd00206ab54dff820000000200000000003b8810010711e5500c008388ead0040041c47b08d2c1de00206ab54e0f820000000200000000003b8010010411e56c08008208eada040041047b08d2c1df00206ab54e1f820000000200000000003b9818010111e5680c008088eada000040447b08d2c1e000206ab54e2f820000000200000000003b8818010611e5680c008308eae6040041847b08d2c1e100206ab54e3f820000000600000000003b8010010211e56c0c008108eae4040040a2d1
15052729,253.36,2026-09-25T02:40:57.360000+00:00,DP0SNX,CQ,271,1,86A240404040E088A060A69CB06103F027066B991802847B08D2C1E200206AB54E4F820000000200000000003BC010010711E54C0C008388EADE040041C47B08D2C1E300206AB54E5F820000000600000000003BA810010411E5700C008208F2EC040041047B08D2C1E400206AB54E6F820000000200000000003BC810010111E5580C008088F2E2040040447B08D2C1E500206AB54E7F820000000600000000003BB808010611E56008008308F2E6040041848108D2C1E600206AB54E8F820000000200000000003BC008010311ED6008008188F2F2040040C48108D2C1E700206AB54E9F820040000200000000003BC010010011ED600C008008F2F4020040048108D2C1E800206AB54EAF82492E,27066b991802847b08d2c1e200206ab54e4f820000000200000000003bc010010711e54c0c008388eade040041c47b08d2c1e300206ab54e5f820000000600000000003ba810010411e5700c008208f2ec040041047b08d2c1e400206ab54e6f820000000200000000003bc810010111e5580c008088f2e2040040447b08d2c1e500206ab54e7f820000000600000000003bb808010611e56008008308f2e6040041848108d2c1e600206ab54e8f820000000200000000003bc008010311ed6008008188f2f2040040c48108d2c1e700206ab54e9f820040000200000000003bc010010011ed600c008008f2f4020040048108d2c1e800206ab54eaf82492e
15052729,253.736,2026-09-25T02:40:57.736000+00:00,DP0SNX,CQ,271,1,86A240404040E088A060A69CB06103F027066C9A181C0040000200000000003B6018010511ED740C008288F2F2040041448108D2C1E900206AB54EBF820000000600000000003BC010010211ED500C008108F2F8040040848108D2C1EA00206AB54ECF820000000200000000003BB810010711ED5C08008388F2F6040041C48108D2C1EB00206AB54EDF820000000200000000003BD008010411ED600C008208F2FE020041048108D2C1EC00206AB54EEF820000000200000000003BC010010011ED680C008008F304040040048108D2C1ED00206AB54EFF820000000200000000003BF800020711EDFC00010388F2FE000081C48108D2C1EE00206AB54F7F9E00000002000000000000000000B502,27066c9a181c0040000200000000003b6018010511ed740c008288f2f2040041448108d2c1e900206ab54ebf820000000600000000003bc010010211ed500c008108f2f8040040848108d2c1ea00206ab54ecf820000000200000000003bb810010711ed5c08008388f2f6040041c48108d2c1eb00206ab54edf820000000200000000003bd008010411ed600c008208f2fe020041048108d2c1ec00206ab54eef820000000200000000003bc010010011ed680c008008f304040040048108d2c1ed00206ab54eff820000000200000000003bf800020711edfc00010388f2fe000081c48108d2c1ee00206ab54f7f9e00000002000000000000000000b502
15052729,254.094,2026-09-25T02:40:58.094000+00:00,DP0SNX,CQ,146,0,86A240404040E088A060A69CB06103F027006D7318000864E67300736AB5DF3C821CDA5D303FC280000000000001CDA5F5ABA628000000000000029600000C02222668013210119634700506104658D3C2C0A464A395B64025326FF0FAB03C720068BBE408E707620069BEE603E802B7B57F28FB3B18028FE2006840648073000A0067C06380F28069A300028B0060F0AFFC,27006d7318000864e67300736ab5df3c821cda5d303fc280000000000001cda5f5aba628000000000000029600000c02222668013210119634700506104658d3c2c0a464a395b64025326ff0fab03c720068bbe408e707620069bee603e802b7b57f28fb3b18028fe2006840648073000a0067c06380f28069a300028b0060f0affc
15052729,255.011,2026-09-25T02:40:59.011000+00:00,DP0SNX,CQ,271,2,86A240404040E088A060A69CB06103F027066E9B180F00000000000000000000000000000008D2C1EF00206AB5506F9E0000000200000000000000000000000000000000000000000000000008D2C1F000206AB5515F9E0000000200000000000000000000000000000000000000000000000008D2C1F100206AB5524F9E0000000200000000000000000000000000000000000000000000000008D2C1F200206AB5533F9E0000000200000000000000000000000000000000000000000000000008D2C1F300206AB5542F9E0000000200000000000000000000000000000000000000000000000008D2C1F400206AB5551F9E0000000200000000000000000000000000000000000000000000E13A,27066e9b180f00000000000000000000000000000008d2c1ef00206ab5506f9e0000000200000000000000000000000000000000000000000000000008d2c1f000206ab5515f9e0000000200000000000000000000000000000000000000000000000008d2c1f100206ab5524f9e0000000200000000000000000000000000000000000000000000000008d2c1f200206ab5533f9e0000000200000000000000000000000000000000000000000000000008d2c1f300206ab5542f9e0000000200000000000000000000000000000000000000000000000008d2c1f400206ab5551f9e0000000200000000000000000000000000000000000000000000e13a
15052729,255.386,2026-09-25T02:40:59.386000+00:00,DP0SNX,CQ,271,0,86A240404040E088A060A69CB06103F027066F9C1802000008D2C1F500206AB5560F9E0000000200000000000000000000000000000000000000000000000008D2C1F600206AB556FF9E0000000200000000000000000000000000000000000000000000000008D2C1F700206AB557EF9E0000000200000000000000000000000000000000000000000000000008D2C1F800206AB558DF9E0000000200000000000000000000000000000000000000000000000008D2C1F900206AB559CF9E0000000200000000000000000000000000000000000000000000000008D2C1FA00206AB55ABF9E0000000200000000000000000000000000000000000000000000000008D2C1FB00206AB55BAF9E3B44,27066f9c1802000008d2c1f500206ab5560f9e0000000200000000000000000000000000000000000000000000000008d2c1f600206ab556ff9e0000000200000000000000000000000000000000000000000000000008d2c1f700206ab557ef9e0000000200000000000000000000000000000000000000000000000008d2c1f800206ab558df9e0000000200000000000000000000000000000000000000000000000008d2c1f900206ab559cf9e0000000200000000000000000000000000000000000000000000000008d2c1fa00206ab55abf9e0000000200000000000000000000000000000000000000000000000008d2c1fb00206ab55baf9e3b44
15052729,255.762,2026-09-25T02:40:59.762000+00:00,DP0SNX,CQ,271,1,86A240404040E088A060A69CB06103F02706709D181C0000000200000000000000000000000000000000000000000000000008D2C1FC00206AB55C9F9E0000000200000000000000000000000000000000000000000000000008D2C1FD00206AB55D8F9E0000000200000000000000000000000000000000000000000000000008D2C1FE00206AB55E7F9E0000000200000000000000000000000000000000000000000000000008D2C1FF00206AB55F6F9E0000000200000000000000000000000000000000000000000000000008D2C20000206AB5605F9E0000000200000000000000000000000000000000000000000000000008D2C20100206AB5614F9E00000002000000000000000000E1EF,2706709d181c0000000200000000000000000000000000000000000000000000000008d2c1fc00206ab55c9f9e0000000200000000000000000000000000000000000000000000000008d2c1fd00206ab55d8f9e0000000200000000000000000000000000000000000000000000000008d2c1fe00206ab55e7f9e0000000200000000000000000000000000000000000000000000000008d2c1ff00206ab55f6f9e0000000200000000000000000000000000000000000000000000000008d2c20000206ab5605f9e0000000200000000000000000000000000000000000000000000000008d2c20100206ab5614f9e00000002000000000000000000e1ef
15052729,256.119,2026-09-25T02:41:00.119000+00:00,DP0SNX,CQ,146,0,86A240404040E088A060A69CB06103F02700717418000864E67400736AB5DF3E821CDA5F303FC280000000000001CDA615ABA628000000000000029600000C02222668013210119634900506104658D6C2C0A464A394B64025326FF1BAB03C720068BDE4856704E20069BEE603E802B7B57F28FB3B18028FE2006840640073008A0067C06380F28069A300028B0060F07E5F,2700717418000864e67400736ab5df3e821cda5f303fc280000000000001cda615aba628000000000000029600000c02222668013210119634900506104658d6c2c0a464a394b64025326ff1bab03c720068bde4856704e20069bee603e802b7b57f28fb3b18028fe2006840640073008a0067c06380f28069a300028b0060f07e5f
15052729,257.237,2026-09-25T02:41:01.237000+00:00,DP0SNX,CQ,271,1,86A240404040E088A060A69CB06103F02706739E180F00000000000000000000000000000008D2C20200206AB5623F9E0000000200000000000000000000000000000000000000000000000008D2C20300206AB5632F9E0000000200000000000000000000000000000000000000000000000008D2C20400206AB5641F9E0000000200000000000000000000000000000000000000000000000008D2C20500206AB5650F9E0000000200000000000000000000000000000000000000000000000008D2C20600206AB565FF9E0000000200000000000000000000000000000000000000000000000008D2C20700206AB566EF9E0000000200000000000000000000000000000000000000000000DFEC,2706739e180f00000000000000000000000000000008d2c20200206ab5623f9e0000000200000000000000000000000000000000000000000000000008d2c20300206ab5632f9e0000000200000000000000000000000000000000000000000000000008d2c20400206ab5641f9e0000000200000000000000000000000000000000000000000000000008d2c20500206ab5650f9e0000000200000000000000000000000000000000000000000000000008d2c20600206ab565ff9e0000000200000000000000000000000000000000000000000000000008d2c20700206ab566ef9e0000000200000000000000000000000000000000000000000000dfec
15052729,257.611,2026-09-25T02:41:01.611000+00:00,DP0SNX,CQ,271,1,86A240404040E088A060A69CB06103F02706749F1802000008D2C20800206AB567DF9E0000000200000000000000000000000000000000000000000000000008D2C20900206AB568CF9E0000000200000000000000000000000000000000000000000000000008D2C20A00206AB569BF9E0000000200000000000000000000000000000000000000000000000008D2C20B00206AB56AAF9E0000000200000000000000000000000000000000000000000000000008D2C20C00206AB56B9F9E0000000200000000000000000000000000000000000000000000000008D2C20D00206AB56C8F9E0000000200000000000000000000000000000000000000000000000008D2C20E00206AB56D7F9E2E99,2706749f1802000008d2c20800206ab567df9e0000000200000000000000000000000000000000000000000000000008d2c20900206ab568cf9e0000000200000000000000000000000000000000000000000000000008d2c20a00206ab569bf9e0000000200000000000000000000000000000000000000000000000008d2c20b00206ab56aaf9e0000000200000000000000000000000000000000000000000000000008d2c20c00206ab56b9f9e0000000200000000000000000000000000000000000000000000000008d2c20d00206ab56c8f9e0000000200000000000000000000000000000000000000000000000008d2c20e00206ab56d7f9e2e99
15052729,257.969,2026-09-25T02:41:01.969000+00:00,DP0SNX,CQ,146,1,86A240404040E088A060A69CB06103F02700757518000864E67500736AB5DF40821CDA61303FC280000000000001CDA635ABA628000000000000029600000C02222668013210119634D00506104658D542C0A464A386B64025326FF11AB03C720068BDE4856704E20069BE6603E80337B4FF28FB3B18028FE2006840648073000A0067406380F28069A300028B0060F00CB6,2700757518000864e67500736ab5df40821cda61303fc280000000000001cda635aba628000000000000029600000c02222668013210119634d00506104658d542c0a464a386b64025326ff11ab03c720068bde4856704e20069be6603e80337b4ff28fb3b18028fe2006840648073000a0067406380f28069a300028b0060f00cb6
15052729,258.862,2026-09-25T02:41:02.862000+00:00,DP0SNX,CQ,271,1,86A240404040E088A060A69CB06103F0270676A0181C0000000200000000000000000000000000000000000000000000000008D2C20F00206AB56E6F9E0000000200000000000000000000000000000000000000000000000008D2C21000206AB56F5F9E0000000200000000000000000000000000000000000000000000000008D2C21100206AB5704F9E0000000200000000000000000000000000000000000000000000000008D2C21200206AB5713F9E0000000200000000000000000000000000000000000000000000000008D2C21300206AB5722F9E0000000200000000000000000000000000000000000000000000000008D2C21400206AB5731F9E000000020000000000000000001EE5,270676a0181c0000000200000000000000000000000000000000000000000000000008d2c20f00206ab56e6f9e0000000200000000000000000000000000000000000000000000000008d2c21000206ab56f5f9e0000000200000000000000000000000000000000000000000000000008d2c21100206ab5704f9e0000000200000000000000000000000000000000000000000000000008d2c21200206ab5713f9e0000000200000000000000000000000000000000000000000000000008d2c21300206ab5722f9e0000000200000000000000000000000000000000000000000000000008d2c21400206ab5731f9e000000020000000000000000001ee5
15052729,259.237,2026-09-25T02:41:03.237000+00:00,DP0SNX,CQ,271,0,86A240404040E088A060A69CB06103F0270677A1180F00000000000000000000000000000008D2C21500206AB5740F9E0000000200000000000000000000000000000000000000000000000008D2C21600206AB574FF9E0000000200000000000000000000000000000000000000000000000008D2C21700206AB575EF9E0000000200000000000000000000000000000000000000000000000008D2C21800206AB576DF9E0000000200000000000000000000000000000000000000000000000008D2C21900206AB577CF9E0000000200000000000000000000000000000000000000000000000008D2C21A00206AB578BF9E0000000200000000000000000000000000000000000000000000A18A,270677a1180f00000000000000000000000000000008d2c21500206ab5740f9e0000000200000000000000000000000000000000000000000000000008d2c21600206ab574ff9e0000000200000000000000000000000000000000000000000000000008d2c21700206ab575ef9e0000000200000000000000000000000000000000000000000000000008d2c21800206ab576df9e0000000200000000000000000000000000000000000000000000000008d2c21900206ab577cf9e0000000200000000000000000000000000000000000000000000000008d2c21a00206ab578bf9e0000000200000000000000000000000000000000000000000000a18a
15052729,259.611,2026-09-25T02:41:03.611000+00:00,DP0SNX,CQ,271,1,86A240404040E088A060A69CB06103F0270678A21802000008D2C21B00206AB579AF9E0000000200000000000000000000000000000000000000000000000008D2C21C00206AB57A9F9E0000000200000000000000000000000000000000000000000000000008D2C21D00206AB57B8F9E0000000200000000000000000000000000000000000000000000000008D2C21E00206AB57C7F9E0000000200000000000000000000000000000000000000000000000008D2C21F00206AB57D6F9E0000000200000000000000000000000000000000000000000000000008D2C22000206AB57E5F9E0000000200000000000000000000000000000000000000000000000008D2C22100206AB57F4F9EE4B5,270678a21802000008d2c21b00206ab579af9e0000000200000000000000000000000000000000000000000000000008d2c21c00206ab57a9f9e0000000200000000000000000000000000000000000000000000000008d2c21d00206ab57b8f9e0000000200000000000000000000000000000000000000000000000008d2c21e00206ab57c7f9e0000000200000000000000000000000000000000000000000000000008d2c21f00206ab57d6f9e0000000200000000000000000000000000000000000000000000000008d2c22000206ab57e5f9e0000000200000000000000000000000000000000000000000000000008d2c22100206ab57f4f9ee4b5
15052729,259.969,2026-09-25T02:41:03.969000+00:00,DP0SNX,CQ,146,0,86A240404040E088A060A69CB06103F02700797618000864E67600736AB5DF42821CDA63303FC280000000000001CDA655ABA628000000000000029600000C02222668013210119634900506104658D642C0A464A38E764025326FF0DAB03C720068BDE405E70462006A3EE603E78337B4FF28FB3B00028FE2006840648073008A0067C06380F28069A300028B0060F08433,2700797618000864e67600736ab5df42821cda63303fc280000000000001cda655aba628000000000000029600000c02222668013210119634900506104658d642c0a464a38e764025326ff0dab03c720068bde405e70462006a3ee603e78337b4ff28fb3b00028fe2006840648073008a0067c06380f28069a300028b0060f08433
15052729,260.887,2026-09-25T02:41:04.887000+00:00,DP0SNX,CQ,271,0,86A240404040E088A060A69CB06103F027067AA3181C0000000200000000000000000000000000000000000000000000000008D2C22200206AB5803F9E0000000200000000000000000000000000000000000000000000000008D2C22300206AB5812F9E0000000200000000000000000000000000000000000000000000000008D2C22400206AB5821F9E0000000200000000000000000000000000000000000000000000000008D2C22500206AB5830F9E0000000200000000000000000000000000000000000000000000000008D2C22600206AB583FF9E0000000200000000000000000000000000000000000000000000000008D2C22700206AB584EF9E00000002000000000000000000231C,27067aa3181c0000000200000000000000000000000000000000000000000000000008d2c22200206ab5803f9e0000000200000000000000000000000000000000000000000000000008d2c22300206ab5812f9e0000000200000000000000000000000000000000000000000000000008d2c22400206ab5821f9e0000000200000000000000000000000000000000000000000000000008d2c22500206ab5830f9e0000000200000000000000000000000000000000000000000000000008d2c22600206ab583ff9e0000000200000000000000000000000000000000000000000000000008d2c22700206ab584ef9e00000002000000000000000000231c
15052729,261.262,2026-09-25T02:41:05.262000+00:00,DP0SNX,CQ,271,2,86A240404040E088A060A69CB06103F027067BA4180F00000000000000000000000000000008D2C22800206AB585DF9E0000000200000000000000000000000000000000000000000000000008D2C22900206AB586CF9E0000000200000000000000000000000000000000000000000000000008D2C22A00206AB587BF9E0000000200000000000000000000000000000000000000000000000008D2C22B00206AB588AF9E0000000200000000000000000000000000000000000000000000000008D2C22C00206AB5899F9E0000000200000000000000000000000000000000000000000000000008D2C22D00206AB58A8F9E0000000200000000000000000000000000000000000000000000348E,27067ba4180f00000000000000000000000000000008d2c22800206ab585df9e0000000200000000000000000000000000000000000000000000000008d2c22900206ab586cf9e0000000200000000000000000000000000000000000000000000000008d2c22a00206ab587bf9e0000000200000000000000000000000000000000000000000000000008d2c22b00206ab588af9e0000000200000000000000000000000000000000000000000000000008d2c22c00206ab5899f9e0000000200000000000000000000000000000000000000000000000008d2c22d00206ab58a8f9e0000000200000000000000000000000000000000000000000000348e
15052729,261.994,2026-09-25T02:41:05.994000+00:00,DP0SNX,CQ,146,0,86A240404040E088A060A69CB06103F027007D7718000864E67700736AB5DF44821CDA65303FC280000000000001CDA675ABA628000000000000029600000C02222668013210119634300506104658D542C0A464A383764025326FF0DAB03C720068BDE4856704620069BE6603E802B7B4FF28FB3B18028FE20067C06400F3808A0067C06380F20069A300028B0060F0D840,27007d7718000864e67700736ab5df44821cda65303fc280000000000001cda675aba628000000000000029600000c02222668013210119634300506104658d542c0a464a383764025326ff0dab03c720068bde4856704620069be6603e802b7b4ff28fb3b18028fe20067c06400f3808a0067c06380f20069a300028b0060f0d840
15052729,262.912,2026-09-25T02:41:06.911999999+00:00,DP0SNX,CQ,271,0,86A240404040E088A060A69CB06103F027067EA6181C0000000200000000000000000000000000000000000000000000000008D2C23500206AB5920F9E0000000200000000000000000000000000000000000000000000000008D2C23600206AB592FF9E0000000200000000000000000000000000000000000000000000000008D2C23700206AB593EF9E0000000200000000000000000000000000000000000000000000000008D2C23800206AB594DF9E0000000200000000000000000000000000000000000000000000000008D2C23900206AB595CF9E0000000200000000000000000000000000000000000000000000000008D2C23A00206AB596BF9E000000020000000000000000006C6C,27067ea6181c0000000200000000000000000000000000000000000000000000000008d2c23500206ab5920f9e0000000200000000000000000000000000000000000000000000000008d2c23600206ab592ff9e0000000200000000000000000000000000000000000000000000000008d2c23700206ab593ef9e0000000200000000000000000000000000000000000000000000000008d2c23800206ab594df9e0000000200000000000000000000000000000000000000000000000008d2c23900206ab595cf9e0000000200000000000000000000000000000000000000000000000008d2c23a00206ab596bf9e000000020000000000000000006c6c
15052729,263.287,2026-09-25T02:41:07.286999999+00:00,DP0SNX,CQ,271,0,86A240404040E088A060A69CB06103F027067FA7180F00000000000000000000000000000008D2C23B00206AB597AF9E0000000200000000000000000000000000000000000000000000000008D2C23C00206AB5989F9E0000000200000000000000000000000000000000000000000000000008D2C23D00206AB5998F9E0000000200000000000000000000000000000000000000000000000008D2C23E00206AB59A7F9E0000000200000000000000000000000000000000000000000000000008D2C23F00206AB59B6F9E0000000200000000000000000000000000000000000000000000000008D2C24000206AB59C5F9E00000002000000000000000000000000000000000000000000003B7D,27067fa7180f00000000000000000000000000000008d2c23b00206ab597af9e0000000200000000000000000000000000000000000000000000000008d2c23c00206ab5989f9e0000000200000000000000000000000000000000000000000000000008d2c23d00206ab5998f9e0000000200000000000000000000000000000000000000000000000008d2c23e00206ab59a7f9e0000000200000000000000000000000000000000000000000000000008d2c23f00206ab59b6f9e0000000200000000000000000000000000000000000000000000000008d2c24000206ab59c5f9e00000002000000000000000000000000000000000000000000003b7d
15052729,264.019,2026-09-25T02:41:08.019000+00:00,DP0SNX,CQ,146,0,86A240404040E088A060A69CB06103F02700817818000864E67800736AB5DF46821CDA67303FC280000000000001CDA695ABA628000000000000029600000C02222668013210119634500506104658D642C0A464A38635C045326FF09AB03C720068BDE405670462006A3EE603E802B7B4FF28FB3B18028FE2006840648073000A0067C06380F28069A300028B0060F0C8CB,2700817818000864e67800736ab5df46821cda67303fc280000000000001cda695aba628000000000000029600000c02222668013210119634500506104658d642c0a464a38635c045326ff09ab03c720068bde405670462006a3ee603e802b7b4ff28fb3b18028fe2006840648073000a0067c06380f28069a300028b0060f0c8cb
15052729,265.312,2026-09-25T02:41:09.312000+00:00,DP0SNX,CQ,271,0,86A240404040E088A060A69CB06103F0270683AA180F00000000000000000000000000000008D2C24E00206AB5A97F9E0000000200000000000000000000000000000000000000000000000008D2C24F00206AB5AA6F9E0000000200000000000000000000000000000000000000000000000008D2C25000206AB5AB5F9E0000000200000000000000000000000000000000000000000000000008D2C25100206AB5AC4F9E0000000200000000000000000000000000000000000000000000000008D2C25200206AB5AD3F9E0000000200000000000000000000000000000000000000000000000008D2C25300206AB5AE2F9E0000000200000000000000000000000000000000000000000000B199,270683aa180f00000000000000000000000000000008d2c24e00206ab5a97f9e0000000200000000000000000000000000000000000000000000000008d2c24f00206ab5aa6f9e0000000200000000000000000000000000000000000000000000000008d2c25000206ab5ab5f9e0000000200000000000000000000000000000000000000000000000008d2c25100206ab5ac4f9e0000000200000000000000000000000000000000000000000000000008d2c25200206ab5ad3f9e0000000200000000000000000000000000000000000000000000000008d2c25300206ab5ae2f9e0000000200000000000000000000000000000000000000000000b199
15052729,265.687,2026-09-25T02:41:09.687000+00:00,DP0SNX,CQ,271,0,86A240404040E088A060A69CB06103F0270684AB1802000008D2C25400206AB5AF1F9E0000000200000000000000000000000000000000000000000000000008D2C25500206AB5B00F9E0000000200000000000000000000000000000000000000000000000008D2C25600206AB5B0FF9E0000000200000000000000000000000000000000000000000000000008D2C25700206AB5B1EF9E0000000200000000000000000000000000000000000000000000000008D2C25800206AB5B2DF9E0000000200000000000000000000000000000000000000000000000008D2C25900206AB5B3CF9E0000000200000000000000000000000000000000000000000000000008D2C25A00206AB5B4BF9E9D24,270684ab1802000008d2c25400206ab5af1f9e0000000200000000000000000000000000000000000000000000000008d2c25500206ab5b00f9e0000000200000000000000000000000000000000000000000000000008d2c25600206ab5b0ff9e0000000200000000000000000000000000000000000000000000000008d2c25700206ab5b1ef9e0000000200000000000000000000000000000000000000000000000008d2c25800206ab5b2df9e0000000200000000000000000000000000000000000000000000000008d2c25900206ab5b3cf9e0000000200000000000000000000000000000000000000000000000008d2c25a00206ab5b4bf9e9d24
15052729,266.044,2026-09-25T02:41:10.043999999+00:00,DP0SNX,CQ,146,0,86A240404040E088A060A69CB06103F02700857918000864E67900736AB5DF48821CDA69303FC280000000000001CDA6B5ABA628000000000000029600000C02222668013210119634100506104658D542C0A464A382B5C045326FF09AB03C720068BDE4856704E2006A3EE603E782B734FF28FB3B18028FE20067C0640073808A0067406380F28069A300028B0060F0D0E0,2700857918000864e67900736ab5df48821cda69303fc280000000000001cda6b5aba628000000000000029600000c02222668013210119634100506104658d542c0a464a382b5c045326ff09ab03c720068bde4856704e2006a3ee603e782b734ff28fb3b18028fe20067c0640073808a0067406380f28069a300028b0060f0d0e0
15052729,266.941,2026-09-25T02:41:10.940999999+00:00,DP0SNX,CQ,121,1,86A240404040E088A060A69CB06103F0270286BE180008C8E1D100336AB5DF489E4D0001A00C635F87D62E68F9654523EC7D38852C7BA67FE57FFF7FF47FFF7FFF7FFF1A58A3FB885F7FFF7FFF7FFF3F08D2C25B00206AB5DF499E000000020000000000000000000000000000000000000000000000008AD1,270286be180008c8e1d100336ab5df489e4d0001a00c635f87d62e68f9654523ec7d38852c7ba67fe57fff7ff47fff7fff7fff1a58a3fb885f7fff7fff7fff3f08d2c25b00206ab5df499e000000020000000000000000000000000000000000000000000000008ad1
15052729,267.919,2026-09-25T02:41:11.918999999+00:00,DP0SNX,CQ,146,0,86A240404040E088A060A69CB06103F02700897A18000864E67A00736AB5DF4A821CDA6B303FC280000000000001CDA6D5ABA628000000000000029600000C02222668013210119634700506104658C5C2C0A464A38035C045326FF07AB03C720068BCE486E706E2006A3EE603E80337B4FF28FB3B18028FE20067C06400F3000A0067C06400F28069A300028B0060F01C68,2700897a18000864e67a00736ab5df4a821cda6b303fc280000000000001cda6d5aba628000000000000029600000c02222668013210119634700506104658c5c2c0a464a38035c045326ff07ab03c720068bce486e706e2006a3ee603e80337b4ff28fb3b18028fe20067c06400f3000a0067c06400f28069a300028b0060f01c68
15052729,268.82,2026-09-25T02:41:12.820000+00:00,DP0SNX,CQ,153,0,86A240404040E088A060A69CB06103F027028ABF180008D3C1D300206AB5DF4A9E00000002000000008080000000000000000000000000000000000000087DC4C600536AB5DF4A9E0006CE524905FD05FB05FB05FA000004E3000004E3000000000000010B0000000000000000000000000000000000000000000000000000000000A153332DB6000C0000027101380000000400005555297D,27028abf180008d3c1d300206ab5df4a9e00000002000000008080000000000000000000000000000000000000087dc4c600536ab5df4a9e0006ce524905fd05fb05fb05fa000004e3000004e3000000000000010b0000000000000000000000000000000000000000000000000000000000a153332db6000c0000027101380000000400005555297d
15052729,269.085,2026-09-25T02:41:13.084999999+00:00,DP0SNX,CQ,83,0,86A240404040E088A060A69CB06103F027028BC0180008E6C21D00346AB5DF4B9E718985A51D7C882D71AD533C71EE5D2E78A5018E8FECA22F728D43173FACDE2E71B933BF7FCEC52C78AD51FA59FCB32D0368,27028bc0180008e6c21d00346ab5df4b9e718985a51d7c882d71ad533c71ee5d2e78a5018e8feca22f728d43173facde2e71b933bf7fcec52c78ad51fa59fcb32d0368
15052729,269.312,2026-09-25T02:41:13.312000+00:00,DP0SNX,CQ,271,1,86A240404040E088A060A69CB06103F027068CAE1802000008D2C26800206AB5C0EF9E0000000200000000000000000000000000000000000000000000000008D2C26900206AB5C1DF9E0000000200000000000000000000000000000000000000000000000008D2C26A00206AB5C2CF9E0000000200000000000000000000000000000000000000000000000008D2C26B00206AB5C3BF9E0000000200000000000000000000000000000000000000000000000008D2C26C00206AB5C4AF9E0000000200000000000000000000000000000000000000000000000008D2C26D00206AB5C59F9E0000000200000000000000000000000000000000000000000000000008D2C26E00206AB5C68F9E2517,27068cae1802000008d2c26800206ab5c0ef9e0000000200000000000000000000000000000000000000000000000008d2c26900206ab5c1df9e0000000200000000000000000000000000000000000000000000000008d2c26a00206ab5c2cf9e0000000200000000000000000000000000000000000000000000000008d2c26b00206ab5c3bf9e0000000200000000000000000000000000000000000000000000000008d2c26c00206ab5c4af9e0000000200000000000000000000000000000000000000000000000008d2c26d00206ab5c59f9e0000000200000000000000000000000000000000000000000000000008d2c26e00206ab5c68f9e2517
15052729,269.687,2026-09-25T02:41:13.687000+00:00,DP0SNX,CQ,271,0,86A240404040E088A060A69CB06103F027068DAF181C0000000200000000000000000000000000000000000000000000000008D2C26F00206AB5C77F9E0000000200000000000000000000000000000000000000000000000008D2C27000206AB5C86F9E0000000200000000000000000000000000000000000000000000000008D2C27100206AB5C95F9E0000000200000000000000000000000000000000000000000000000008D2C27200206AB5CA4F9E0000000200000000000000000000000000000000000000000000000008D2C27300206AB5CB3F9E0000000200000000000000000000000000000000000000000000000008D2C27400206AB5CC2F9E000000020000000000000000006A5F,27068daf181c0000000200000000000000000000000000000000000000000000000008d2c26f00206ab5c77f9e0000000200000000000000000000000000000000000000000000000008d2c27000206ab5c86f9e0000000200000000000000000000000000000000000000000000000008d2c27100206ab5c95f9e0000000200000000000000000000000000000000000000000000000008d2c27200206ab5ca4f9e0000000200000000000000000000000000000000000000000000000008d2c27300206ab5cb3f9e0000000200000000000000000000000000000000000000000000000008d2c27400206ab5cc2f9e000000020000000000000000006a5f
15052729,270.044,2026-09-25T02:41:14.043999999+00:00,DP0SNX,CQ,146,0,86A240404040E088A060A69CB06103F027008E7B18000864E67B00736AB5DF4C821CDA6D303FC280000000000001CDA6F5ABA628000000000000029600000C02222668013210119634700506104658CD42C0A464A38B75C045326FF09AB03C7200683DE485668462006A3EE603E802B734FF28FB3B00028FE20067C0640073800A0067C06400F28069A300028B0060F02402,27008e7b18000864e67b00736ab5df4c821cda6d303fc280000000000001cda6f5aba628000000000000029600000c02222668013210119634700506104658cd42c0a464a38b75c045326ff09ab03c7200683de485668462006a3ee603e802b734ff28fb3b00028fe20067c0640073800a0067c06400f28069a300028b0060f02402
15052729,270.937,2026-09-25T02:41:14.937000+00:00,DP0SNX,CQ,271,0,86A240404040E088A060A69CB06103F027068FB0180F00000000000000000000000000000008D2C27500206AB5CD1F9E0000000200000000000000000000000000000000000000000000000008D2C27600206AB5CE0F9E0000000200000000000000000000000000000000000000000000000008D2C27700206AB5CEFF9E0000000200000000000000000000000000000000000000000000000008D2C27800206AB5CFEF9E0000000200000000000000000000000000000000000000000000000008D2C27900206AB5D0DF9E0000000200000000000000000000000000000000000000000000000008D2C27A00206AB5D1CF9E00000002000000000000000000000000000000000000000000001125,27068fb0180f00000000000000000000000000000008d2c27500206ab5cd1f9e0000000200000000000000000000000000000000000000000000000008d2c27600206ab5ce0f9e0000000200000000000000000000000000000000000000000000000008d2c27700206ab5ceff9e0000000200000000000000000000000000000000000000000000000008d2c27800206ab5cfef9e0000000200000000000000000000000000000000000000000000000008d2c27900206ab5d0df9e0000000200000000000000000000000000000000000000000000000008d2c27a00206ab5d1cf9e00000002000000000000000000000000000000000000000000001125
15052729,271.312,2026-09-25T02:41:15.312000+00:00,DP0SNX,CQ,271,2,86A240404040E088A060A69CB06103F0270690B11802000008D2C27B00206AB5D2BF9E0000000200000000000000000000000000000000000000000000000008D2C27C00206AB5D3AF9E0000000200000000000000000000000000000000000000000000000008D2C27D00206AB5D49F9E0000000200000000000000000000000000000000000000000000000008D2C27E00206AB5D58F9E0000000200000000000000000000000000000000000000000000000008D2C27F00206AB5D67F9E0000000200000000000000000000000000000000000000000000000008D2C28000206AB5D76F9E0000000200000000000000000000000000000000000000000000000008D2C28100206AB5D85F9E3C32,270690b11802000008d2c27b00206ab5d2bf9e0000000200000000000000000000000000000000000000000000000008d2c27c00206ab5d3af9e0000000200000000000000000000000000000000000000000000000008d2c27d00206ab5d49f9e0000000200000000000000000000000000000000000000000000000008d2c27e00206ab5d58f9e0000000200000000000000000000000000000000000000000000000008d2c27f00206ab5d67f9e0000000200000000000000000000000000000000000000000000000008d2c28000206ab5d76f9e0000000200000000000000000000000000000000000000000000000008d2c28100206ab5d85f9e3c32
15052729,271.687,2026-09-25T02:41:15.687000+00:00,DP0SNX,CQ,271,1,86A240404040E088A060A69CB06103F0270691B2181C0000000200000000000000000000000000000000000000000000000008D2C28200206AB5D94F9E0000000200000000000000000000000000000000000000000000000008D2C28300206AB5DA3F9E0000000200000000000000000000000000000000000000000000000008D2C28400206AB5DB2F9E0000000200000000000000000000000000000000000000000000000008D2C28500206AB5DC1F9E0000000200000000000000000000000000000000000000000000000008D2C28600206AB5DD0F9E0000000200000000000000000000000000000000000000000000000008D2C28700206AB5DDFF9E000000020000000000000000006B1A,270691b2181c0000000200000000000000000000000000000000000000000000000008d2c28200206ab5d94f9e0000000200000000000000000000000000000000000000000000000008d2c28300206ab5da3f9e0000000200000000000000000000000000000000000000000000000008d2c28400206ab5db2f9e0000000200000000000000000000000000000000000000000000000008d2c28500206ab5dc1f9e0000000200000000000000000000000000000000000000000000000008d2c28600206ab5dd0f9e0000000200000000000000000000000000000000000000000000000008d2c28700206ab5ddff9e000000020000000000000000006b1a
15052729,272.962,2026-09-25T02:41:16.962000+00:00,DP0SNX,CQ,271,0,86A240404040E088A060A69CB06103F0270693B3180F00000000000000000000000000000008D3C1D400206AB54CB0820000000200000000808000000000000000000000000000000000000008D3C1D500206AB54CC0820000000200000000808000000000000000000000000000000000000008D3C1D600206AB54CD0820000000200000000808000000000000000000000000000000000000008D3C1D700206AB54CE08282A29892FFFFFFFFFFC000000000000000000000000000000000000008D3C1D800206AB54CF082838E668EFFE9DE3B774000000000000000000000000000000000000008D3C1D900206AB54D00820000000200000000808000000000000000000000000000000000F62A,270693b3180f00000000000000000000000000000008d3c1d400206ab54cb0820000000200000000808000000000000000000000000000000000000008d3c1d500206ab54cc0820000000200000000808000000000000000000000000000000000000008d3c1d600206ab54cd0820000000200000000808000000000000000000000000000000000000008d3c1d700206ab54ce08282a29892ffffffffffc000000000000000000000000000000000000008d3c1d800206ab54cf082838e668effe9de3b774000000000000000000000000000000000000008d3c1d900206ab54d00820000000200000000808000000000000000000000000000000000f62a
15052729,273.712,2026-09-25T02:41:17.712000+00:00,DP0SNX,CQ,271,0,86A240404040E088A060A69CB06103F0270695B5181C8319B89600000000808000000000000000000000000000000000000008D3C1E100206AB54D80822910E8A28BAB1FFF774000000000000000000000000000000000000008D3C1E200206AB54D90828447810EFFDF559BFFC000000000000000000000000000000000000008D3C1E300206AB54DA0820000000200000000808000000000000000000000000000000000000008D3C1E400206AB54DB0820000000200000000808000000000000000000000000000000000000008D3C1E500206AB54DC082818093DE00000000808000000000000000000000000000000000000008D3C1E600206AB54DD0827A44F112F3D6D697FFC0000000E90A,270695b5181c8319b89600000000808000000000000000000000000000000000000008d3c1e100206ab54d80822910e8a28bab1fff774000000000000000000000000000000000000008d3c1e200206ab54d90828447810effdf559bffc000000000000000000000000000000000000008d3c1e300206ab54da0820000000200000000808000000000000000000000000000000000000008d3c1e400206ab54db0820000000200000000808000000000000000000000000000000000000008d3c1e500206ab54dc082818093de00000000808000000000000000000000000000000000000008d3c1e600206ab54dd0827a44f112f3d6d697ffc0000000e90a
15052729,274.069,2026-09-25T02:41:18.069000+00:00,DP0SNX,CQ,146,0,86A240404040E088A060A69CB06103F02700967D18000864E67D00736AB5DF50821CDA71303FC280000000000001CDA735ABA628000000000000029600000C02222668013210119634B00506104658D242C0A464A38C75C045326FF0FAB03C720068BDE4856704E2006A3EE683E802B734FF28FB3B00028FE20068406400F3808A0067C06380F28069A300028B0060F0978A,2700967d18000864e67d00736ab5df50821cda71303fc280000000000001cda735aba628000000000000029600000c02222668013210119634b00506104658d242c0a464a38c75c045326ff0fab03c720068bde4856704e2006a3ee683e802b734ff28fb3b00028fe20068406400f3808a0067c06380f28069a300028b0060f0978a
15052729,274.962,2026-09-25T02:41:18.962000+00:00,DP0SNX,CQ,271,1,86A240404040E088A060A69CB06103F0270697B6180F00000000000000000000000000000008D3C1E700206AB54DE08207C0C0923B0A042BFFC000000000000000000000000000000000000008D3C1E800206AB54DF0820000000200000000808000000000000000000000000000000000000008D3C1E900206AB54E00820000000200000000808000000000000000000000000000000000000008D3C1EA00206AB54E10820000000200000000808000000000000000000000000000000000000008D3C1EB00206AB54E208284008002FFC9B07B774000000000000000000000000000000000000008D3C1EC00206AB54E308278428112F0505677FFC0000000000000000000000000000000004E62,270697b6180f00000000000000000000000000000008d3c1e700206ab54de08207c0c0923b0a042bffc000000000000000000000000000000000000008d3c1e800206ab54df0820000000200000000808000000000000000000000000000000000000008d3c1e900206ab54e00820000000200000000808000000000000000000000000000000000000008d3c1ea00206ab54e10820000000200000000808000000000000000000000000000000000000008d3c1eb00206ab54e208284008002ffc9b07b774000000000000000000000000000000000000008d3c1ec00206ab54e308278428112f0505677ffc0000000000000000000000000000000004e62
15052729,275.712,2026-09-25T02:41:19.712000+00:00,DP0SNX,CQ,271,2,86A240404040E088A060A69CB06103F0270699B8181C0000000200000000808000000000000000000000000000000000000008D3C1F400206AB54EB0820000000200000000808000000000000000000000000000000000000008D3C1F500206AB54EC0822000001E76026277774000000000000000000000000000000000000008D3C1F600206AB54ED0828400706AFFC8F37B77C000000000000000000000000000000000000008D3C1F700206AB54EE08283C0208EFFC5A437774000000000000000000000000000000000000008D3C1F800206AB54EF0820000000200000000808000000000000000000000000000000000000008D3C1F900206AB54F00820000000200000000808000000061FD,270699b8181c0000000200000000808000000000000000000000000000000000000008d3c1f400206ab54eb0820000000200000000808000000000000000000000000000000000000008d3c1f500206ab54ec0822000001e76026277774000000000000000000000000000000000000008d3c1f600206ab54ed0828400706affc8f37b77c000000000000000000000000000000000000008d3c1f700206ab54ee08283c0208effc5a437774000000000000000000000000000000000000008d3c1f800206ab54ef0820000000200000000808000000000000000000000000000000000000008d3c1f900206ab54f00820000000200000000808000000061fd
15052729,276.069,2026-09-25T02:41:20.069000+00:00,DP0SNX,CQ,146,0,86A240404040E088A060A69CB06103F027009A7E18000864E67E00736AB5DF52821CDA73303FC280000000000001CDA755ABA628000000000000029600000C02222668013210119634700506104658D2C2C0A464A38DB5C045326FF19AB03C7200683D6406670562006A3EE603E8033734FF28FB3B18028FE20068C0648073000A0067C06380F28069A300028B0060F01ED8,27009a7e18000864e67e00736ab5df52821cda73303fc280000000000001cda755aba628000000000000029600000c02222668013210119634700506104658d2c2c0a464a38db5c045326ff19ab03c7200683d6406670562006a3ee603e8033734ff28fb3b18028fe20068c0648073000a0067c06380f28069a300028b0060f01ed8
15052729,276.962,2026-09-25T02:41:20.962000+00:00,DP0SNX,CQ,271,0,86A240404040E088A060A69CB06103F027069BB9180F00000000000000000000000000000008D3C1FA00206AB54F809E0000000200000000808000000000000000000000000000000000000008D3C1FB00206AB550709E05C020063E45309B774000000000000000000000000000000000000008D3C1FC00206AB551609E0000000200000000808000000000000000000000000000000000000008D3C1FD00206AB552509E0000000200000000808000000000000000000000000000000000000008D3C1FE00206AB553409E024070021C06C063F7C000000000000000000000000000000000000008D3C1FF00206AB554309E00000002000000008080000000000000000000000000000000008DF8,27069bb9180f00000000000000000000000000000008d3c1fa00206ab54f809e0000000200000000808000000000000000000000000000000000000008d3c1fb00206ab550709e05c020063e45309b774000000000000000000000000000000000000008d3c1fc00206ab551609e0000000200000000808000000000000000000000000000000000000008d3c1fd00206ab552509e0000000200000000808000000000000000000000000000000000000008d3c1fe00206ab553409e024070021c06c063f7c000000000000000000000000000000000000008d3c1ff00206ab554309e00000002000000008080000000000000000000000000000000008df8
15052729,277.712,2026-09-25T02:41:21.712000+00:00,DP0SNX,CQ,271,0,86A240404040E088A060A69CB06103F027069DBB181C0000000200000000808000000000000000000000000000000000000008D3C20700206AB55BB09E0000000200000000808000000000000000000000000000000000000008D3C20800206AB55CA09E0000000200000000808000000000000000000000000000000000000008D3C20900206AB55D909E0000000200000000808000000000000000000000000000000000000008D3C20A00206AB55E809E0000000200000000808000000000000000000000000000000000000008D3C20B00206AB55F709E0000000200000000808000000000000000000000000000000000000008D3C20C00206AB560609E090070124346019F77C0000000D2DC,27069dbb181c0000000200000000808000000000000000000000000000000000000008d3c20700206ab55bb09e0000000200000000808000000000000000000000000000000000000008d3c20800206ab55ca09e0000000200000000808000000000000000000000000000000000000008d3c20900206ab55d909e0000000200000000808000000000000000000000000000000000000008d3c20a00206ab55e809e0000000200000000808000000000000000000000000000000000000008d3c20b00206ab55f709e0000000200000000808000000000000000000000000000000000000008d3c20c00206ab560609e090070124346019f77c0000000d2dc
15052729,278.069,2026-09-25T02:41:22.069000+00:00,DP0SNX,CQ,146,0,86A240404040E088A060A69CB06103F027009E7F18000864E67F00736AB5DF54821CDA75303FC280000000000001CDA775ABA628000000000000029600000C02222668013210119634100506104658D342C0A464A396F5C045326FF11AB03C720068BDE485670462006A3EE603E8033734FF28FB3B18028FE2006840648073808A0067C06380F20069A300028B0060F0E43A,27009e7f18000864e67f00736ab5df54821cda75303fc280000000000001cda775aba628000000000000029600000c02222668013210119634100506104658d342c0a464a396f5c045326ff11ab03c720068bde485670462006a3ee603e8033734ff28fb3b18028fe2006840648073808a0067c06380f20069a300028b0060f0e43a
15052729,278.962,2026-09-25T02:41:22.962000+00:00,DP0SNX,CQ,271,1,86A240404040E088A060A69CB06103F027069FBC180F00000000000000000000000000000008D3C20D00206AB561509E0000000200000000808000000000000000000000000000000000000008D3C20E00206AB562409E5080D002C90A80577FC000000000000000000000000000000000000008D3C20F00206AB563309E0000000200000000808000000000000000000000000000000000000008D3C21000206AB564209E0ED4D02A57F2E297774000000000000000000000000000000000000008D3C21100206AB565109E0000000200000000808000000000000000000000000000000000000008D3C21200206AB566009E00000002000000008080000000000000000000000000000000004D92,27069fbc180f00000000000000000000000000000008d3c20d00206ab561509e0000000200000000808000000000000000000000000000000000000008d3c20e00206ab562409e5080d002c90a80577fc000000000000000000000000000000000000008d3c20f00206ab563309e0000000200000000808000000000000000000000000000000000000008d3c21000206ab564209e0ed4d02a57f2e297774000000000000000000000000000000000000008d3c21100206ab565109e0000000200000000808000000000000000000000000000000000000008d3c21200206ab566009e00000002000000008080000000000000000000000000000000004d92
15052729,279.337,2026-09-25T02:41:23.337000+00:00,DP0SNX,CQ,271,1,86A240404040E088A060A69CB06103F02706A0BD1802000008D3C21300206AB566F09E048030022D46008BFF4000000000000000000000000000000000000008D3C21400206AB567E09E090000024183D0AF774000000000000000000000000000000000000008D3C21500206AB568D09E0000000200000000808000000000000000000000000000000000000008D3C21600206AB569C09E0000000200000000808000000000000000000000000000000000000008D3C21700206AB56AB09E1380500E6506A13F77C000000000000000000000000000000000000008D3C21800206AB56BA09E0000000200000000808000000000000000000000000000000000000008D3C21900206AB56C909E5FA8,2706a0bd1802000008d3c21300206ab566f09e048030022d46008bff4000000000000000000000000000000000000008d3c21400206ab567e09e090000024183d0af774000000000000000000000000000000000000008d3c21500206ab568d09e0000000200000000808000000000000000000000000000000000000008d3c21600206ab569c09e0000000200000000808000000000000000000000000000000000000008d3c21700206ab56ab09e1380500e6506a13f77c000000000000000000000000000000000000008d3c21800206ab56ba09e0000000200000000808000000000000000000000000000000000000008d3c21900206ab56c909e5fa8
15052729,279.712,2026-09-25T02:41:23.712000+00:00,DP0SNX,CQ,271,1,86A240404040E088A060A69CB06103F02706A1BE181C0000000200000000808000000000000000000000000000000000000008D3C21A00206AB56D809E84048002FFD62067774000000000000000000000000000000000000008D3C21B00206AB56E709E0000000200000000808000000000000000000000000000000000000008D3C21C00206AB56F609E0000000200000000808000000000000000000000000000000000000008D3C21D00206AB570509E0000000200000000808000000000000000000000000000000000000008D3C21E00206AB571409E0000000200000000808000000000000000000000000000000000000008D3C21F00206AB572309E00000002000000008080000000C4C8,2706a1be181c0000000200000000808000000000000000000000000000000000000008d3c21a00206ab56d809e84048002ffd62067774000000000000000000000000000000000000008d3c21b00206ab56e709e0000000200000000808000000000000000000000000000000000000008d3c21c00206ab56f609e0000000200000000808000000000000000000000000000000000000008d3c21d00206ab570509e0000000200000000808000000000000000000000000000000000000008d3c21e00206ab571409e0000000200000000808000000000000000000000000000000000000008d3c21f00206ab572309e00000002000000008080000000c4c8
15052729,280.069,2026-09-25T02:41:24.069000+00:00,DP0SNX,CQ,146,1,86A240404040E088A060A69CB06103F02700A28018000864E68000736AB5DF56821CDA77303FC280000000000001CDA795ABA628000000000000029600000C02222668013210119634100506104658D342C0A464A39235C045326FF0BAB03C720068BDE4856704620069BEE603E802B734FF28FB3B00028FE2006840648073000A0067C06380F20069A300028B0060F06137,2700a28018000864e68000736ab5df56821cda77303fc280000000000001cda795aba628000000000000029600000c02222668013210119634100506104658d342c0a464a39235c045326ff0bab03c720068bde4856704620069bee603e802b734ff28fb3b00028fe2006840648073000a0067c06380f20069a300028b0060f06137
15052729,280.986,2026-09-25T02:41:24.986000+00:00,DP0SNX,CQ,271,0,86A240404040E088A060A69CB06103F02702A3C11800087AC659006C6AB5DF569EFFFC00000001FDFC000000000000000F7FC00000001FDFC00000000000000000000000000000000000000000000000000000000000000000000000000000000CC00033000CD00000F000000000000000000000000000000000000000000000F1A880003E6A2000000990DC01002B6AB5DF569EFF8E8D888D8F8B77FF80FF868C8B8C757979808FFFFF575A78797390FFFF555759603AACAA3040092CDC8E00416AB5DF569ECBFF9C9CCAFF9C81CBFF9B9CFFFF9C8181818148BABA9C81818148B9B99B11FF060229FF010013FF2902FFFF04FF000000FF000000FF7FFF82000000400878EDA9004C6AB5DF56EF7F,2702a3c11800087ac659006c6ab5df569efffc00000001fdfc000000000000000f7fc00000001fdfc00000000000000000000000000000000000000000000000000000000000000000000000000000000cc00033000cd00000f000000000000000000000000000000000000000000000f1a880003e6a2000000990dc01002b6ab5df569eff8e8d888d8f8b77ff80ff868c8b8c757979808fffff575a78797390ffff555759603aacaa3040092cdc8e00416ab5df569ecbff9c9ccaff9c81cbff9b9cffff9c8181818148baba9c81818148b9b99b11ff060229ff010013ff2902ffff04ff000000ff000000ff7fff82000000400878eda9004c6ab5df56ef7f
15052729,281.36,2026-09-25T02:41:25.360000+00:00,DP0SNX,CQ,257,1,86A240404040E088A060A69CB06103F02702A4C218499E0000000000000080000000000000000000000000000000800000000000000000003200000000000000000000000000000000000000000000000000000000000000090000000000000879C13500356AB5DF57F8AAA655555556AE3000000000000000AAA655555556AE3000000000000000FFFFFFFFFC000000000FFFFFFFFFC000000000087FC27D00456AB5DF57F8FAE3E5FDF1EDF6EEEEF1E9F6F4FDE8FEE9E600000000000000000000F5F8F1F966665050505050505050505044444455ED000000EC00F60050000606FAEA6600200882C04100116AB5DF579E81A0D670680F000070B5643223D1D7,2702a4c218499e0000000000000080000000000000000000000000000000800000000000000000003200000000000000000000000000000000000000000000000000000000000000090000000000000879c13500356ab5df57f8aaa655555556ae3000000000000000aaa655555556ae3000000000000000fffffffffc000000000fffffffffc000000000087fc27d00456ab5df57f8fae3e5fdf1edf6eeeef1e9f6f4fde8fee9e600000000000000000000f5f8f1f966665050505050505050505044444455ed000000ec00f60050000606faea6600200882c04100116ab5df579e81a0d670680f000070b5643223d1d7
15052729,281.737,2026-09-25T02:41:25.737000+00:00,DP0SNX,CQ,271,1,86A240404040E088A060A69CB06103F02706A5BF180F00000000000000000000000000000008D3C22000206AB573209E0000000200000000808000000000000000000000000000000000000008D3C22100206AB574109E0000000200000000808000000000000000000000000000000000000008D3C22200206AB575009E0540303A3985B253F7C000000000000000000000000000000000000008D3C22300206AB575F09E0000000200000000808000000000000000000000000000000000000008D3C22400206AB576E09E0000000200000000808000000000000000000000000000000000000008D3C22500206AB577D09E00000002000000008080000000000000000000000000000000009A18,2706a5bf180f00000000000000000000000000000008d3c22000206ab573209e0000000200000000808000000000000000000000000000000000000008d3c22100206ab574109e0000000200000000808000000000000000000000000000000000000008d3c22200206ab575009e0540303a3985b253f7c000000000000000000000000000000000000008d3c22300206ab575f09e0000000200000000808000000000000000000000000000000000000008d3c22400206ab576e09e0000000200000000808000000000000000000000000000000000000008d3c22500206ab577d09e00000002000000008080000000000000000000000000000000009a18
15052729,282.094,2026-09-25T02:41:26.094000+00:00,DP0SNX,CQ,146,1,86A240404040E088A060A69CB06103F02700A68118000864E68100736AB5DF58821CDA79303FC280000000000001CDA7B5ABA628000000000000029600000C02222668013210119634300506104658D442C0A464A38E35C045326FF09AB03C720068BDE4856704E2006A3EE603E802B734FF28FB3B00028FE20067C0640073800A0067406380F28069A300028B0060F03ED2,2700a68118000864e68100736ab5df58821cda79303fc280000000000001cda7b5aba628000000000000029600000c02222668013210119634300506104658d442c0a464a38e35c045326ff09ab03c720068bde4856704e2006a3ee603e802b734ff28fb3b00028fe20067c0640073800a0067406380f28069a300028b0060f03ed2
15052729,283.012,2026-09-25T02:41:27.012000+00:00,DP0SNX,CQ,271,0,86A240404040E088A060A69CB06103F02706A7C01802000008D3C22600206AB578C09E2080002E8142529F77C000000000000000000000000000000000000008D3C22700206AB579B09E0000000200000000808000000000000000000000000000000000000008D3C22800206AB57AA09E05C000123C41916B774000000000000000000000000000000000000008D3C22900206AB57B909E0000000200000000808000000000000000000000000000000000000008D3C22A00206AB57C809E35014002A00E708BF7C000000000000000000000000000000000000008D3C22B00206AB57D709E0000000200000000808000000000000000000000000000000000000008D3C22C00206AB57E609EC58C,2706a7c01802000008d3c22600206ab578c09e2080002e8142529f77c000000000000000000000000000000000000008d3c22700206ab579b09e0000000200000000808000000000000000000000000000000000000008d3c22800206ab57aa09e05c000123c41916b774000000000000000000000000000000000000008d3c22900206ab57b909e0000000200000000808000000000000000000000000000000000000008d3c22a00206ab57c809e35014002a00e708bf7c000000000000000000000000000000000000008d3c22b00206ab57d709e0000000200000000808000000000000000000000000000000000000008d3c22c00206ab57e609ec58c
15052729,283.387,2026-09-25T02:41:27.387000+00:00,DP0SNX,CQ,271,1,86A240404040E088A060A69CB06103F02706A8C1181C44C05012BF07D19B77C000000000000000000000000000000000000008D3C22D00206AB57F509E0000000200000000808000000000000000000000000000000000000008D3C22E00206AB580409E0000000200000000808000000000000000000000000000000000000008D3C22F00206AB581309E1380103200000000808000000000000000000000000000000000000008D3C23000206AB582209E1902D0027050204B77C000000000000000000000000000000000000008D3C23100206AB583109E0000000200000000808000000000000000000000000000000000000008D3C23200206AB584009E2246F0027D9A30137740000000B520,2706a8c1181c44c05012bf07d19b77c000000000000000000000000000000000000008d3c22d00206ab57f509e0000000200000000808000000000000000000000000000000000000008d3c22e00206ab580409e0000000200000000808000000000000000000000000000000000000008d3c22f00206ab581309e1380103200000000808000000000000000000000000000000000000008d3c23000206ab582209e1902d0027050204b77c000000000000000000000000000000000000008d3c23100206ab583109e0000000200000000808000000000000000000000000000000000000008d3c23200206ab584009e2246f0027d9a30137740000000b520
15052729,283.762,2026-09-25T02:41:27.762000+00:00,DP0SNX,CQ,271,1,86A240404040E088A060A69CB06103F02706A9C2180F00000000000000000000000000000008D3C23300206AB584F09E0000000200000000808000000000000000000000000000000000000008D3C23400206AB585E09E0000000200000000808000000000000000000000000000000000000008D3C23500206AB586D09E0000000200000000808000000000000000000000000000000000000008D3C23600206AB587C09E0000000200000000808000000000000000000000000000000000000008D3C23700206AB588B09E0000000200000000808000000000000000000000000000000000000008D3C23800206AB589A09E0222C00A25FFF14B77C000000000000000000000000000000000AF77,2706a9c2180f00000000000000000000000000000008d3c23300206ab584f09e0000000200000000808000000000000000000000000000000000000008d3c23400206ab585e09e0000000200000000808000000000000000000000000000000000000008d3c23500206ab586d09e0000000200000000808000000000000000000000000000000000000008d3c23600206ab587c09e0000000200000000808000000000000000000000000000000000000008d3c23700206ab588b09e0000000200000000808000000000000000000000000000000000000008d3c23800206ab589a09e0222c00a25fff14b77c000000000000000000000000000000000af77
15052729,284.119,2026-09-25T02:41:28.119000+00:00,DP0SNX,CQ,146,0,86A240404040E088A060A69CB06103F02700AA8218000864E68200736AB5DF5A821CDA7B303FC280000000000001CDA7D5ABA628000000000000029600000C02222668013210119633F00506104658D442C0A464A385F5C045326FF17AB03C720068BD64056704E20069BEE603E8033734FF28FB3B00028FE2006840648073000A0067C06380F28069A300028B0060F078BB,2700aa8218000864e68200736ab5df5a821cda7b303fc280000000000001cda7d5aba628000000000000029600000c02222668013210119633f00506104658d442c0a464a385f5c045326ff17ab03c720068bd64056704e20069bee603e8033734ff28fb3b00028fe2006840648073000a0067c06380f28069a300028b0060f078bb
15052729,285.412,2026-09-25T02:41:29.412000+00:00,DP0SNX,CQ,271,0,86A240404040E088A060A69CB06103F02706ACC4181C0780400239C540237F4000000000000000000000000000000000000008D3C24000206AB591209E000000020A40600B7F4000000000000000000000000000000000000008D3C24100206AB592109E0000000200000000808000000000000000000000000000000000000008D3C24200206AB593009E0CC2F00A5094F11F7F4000000000000000000000000000000000000008D3C24300206AB593F09E0000000200000000808000000000000000000000000000000000000008D3C24400206AB594E09E0000000E0400C107F7C000000000000000000000000000000000000008D3C24500206AB595D09E000000020000000080800000004CE8,2706acc4181c0780400239c540237f4000000000000000000000000000000000000008d3c24000206ab591209e000000020a40600b7f4000000000000000000000000000000000000008d3c24100206ab592109e0000000200000000808000000000000000000000000000000000000008d3c24200206ab593009e0cc2f00a5094f11f7f4000000000000000000000000000000000000008d3c24300206ab593f09e0000000200000000808000000000000000000000000000000000000008d3c24400206ab594e09e0000000e0400c107f7c000000000000000000000000000000000000008d3c24500206ab595d09e000000020000000080800000004ce8
15052729,285.787,2026-09-25T02:41:29.787000+00:00,DP0SNX,CQ,271,1,86A240404040E088A060A69CB06103F02706ADC5180F00000000000000000000000000000008D3C24600206AB596C09E0280700A1DC8A1A377C000000000000000000000000000000000000008D3C24700206AB597B09E0000000200000000808000000000000000000000000000000000000008D3C24800206AB598A09E75C0500EE947D11F7FC000000000000000000000000000000000000008D3C24900206AB599909E0000000200000000808000000000000000000000000000000000000008D3C24A00206AB59A809E0000000200000000808000000000000000000000000000000000000008D3C24B00206AB59B709E0000000200000000808000000000000000000000000000000000B30D,2706adc5180f00000000000000000000000000000008d3c24600206ab596c09e0280700a1dc8a1a377c000000000000000000000000000000000000008d3c24700206ab597b09e0000000200000000808000000000000000000000000000000000000008d3c24800206ab598a09e75c0500ee947d11f7fc000000000000000000000000000000000000008d3c24900206ab599909e0000000200000000808000000000000000000000000000000000000008d3c24a00206ab59a809e0000000200000000808000000000000000000000000000000000000008d3c24b00206ab59b709e0000000200000000808000000000000000000000000000000000b30d
15052729,286.144,2026-09-25T02:41:30.144000+00:00,DP0SNX,CQ,146,2,86A240404040E088A060A69CB06103F02700AE8318000864E68300736AB5DF5C821CDA7D303FC280000000000001CDA7F5ABA628000000000000029600000C02222668013210119634300506104658D542C0A46475403641C6326FF13AB03C720068BDE4856704E2006A3EE603E802B734FF28FB3B00028FE2006840648073008A0067C06400F28069A300028B0060F0F0F7,2700ae8318000864e68300736ab5df5c821cda7d303fc280000000000001cda7f5aba628000000000000029600000c02222668013210119634300506104658d542c0a46475403641c6326ff13ab03c720068bde4856704e2006a3ee603e802b734ff28fb3b00028fe2006840648073008a0067c06400f28069a300028b0060f0f0f7
15052729,287.787,2026-09-25T02:41:31.787000+00:00,DP0SNX,CQ,271,0,86A240404040E088A060A69CB06103F02706B1C8180F00000000000000000000000000000008D3C25900206AB5A8909E0040300A0845B16BFFC000000000000000000000000000000000000008D3C25A00206AB5A9809E1DC300467B11E253FF4000000000000000000000000000000000000008D3C25B00206AB5AA709E0000000200000000808000000000000000000000000000000000000008D3C25C00206AB5AB609E0140601A13880227F7C000000000000000000000000000000000000008D3C25D00206AB5AC509E0000000200000000808000000000000000000000000000000000000008D3C25E00206AB5AD409E00000002000000008080000000000000000000000000000000006089,2706b1c8180f00000000000000000000000000000008d3c25900206ab5a8909e0040300a0845b16bffc000000000000000000000000000000000000008d3c25a00206ab5a9809e1dc300467b11e253ff4000000000000000000000000000000000000008d3c25b00206ab5aa709e0000000200000000808000000000000000000000000000000000000008d3c25c00206ab5ab609e0140601a13880227f7c000000000000000000000000000000000000008d3c25d00206ab5ac509e0000000200000000808000000000000000000000000000000000000008d3c25e00206ab5ad409e00000002000000008080000000000000000000000000000000006089
15052729,289.037,2026-09-25T02:41:33.037000+00:00,DP0SNX,CQ,271,1,86A240404040E088A060A69CB06103F02706B3C91802000008D3C25F00206AB5AE309E0200700E1DC6D12377C000000000000000000000000000000000000008D3C26000206AB5AF209E0000000200000000808000000000000000000000000000000000000008D3C26100206AB5B0109E0000000200000000808000000000000000000000000000000000000008D3C26200206AB5B1009E0000000200000000808000000000000000000000000000000000000008D3C26300206AB5B1F09E0000000200000000808000000000000000000000000000000000000008D3C26400206AB5B2E09E0000000200000000808000000000000000000000000000000000000008D3C26500206AB5B3D09EE5D7,2706b3c91802000008d3c25f00206ab5ae309e0200700e1dc6d12377c000000000000000000000000000000000000008d3c26000206ab5af209e0000000200000000808000000000000000000000000000000000000008d3c26100206ab5b0109e0000000200000000808000000000000000000000000000000000000008d3c26200206ab5b1009e0000000200000000808000000000000000000000000000000000000008d3c26300206ab5b1f09e0000000200000000808000000000000000000000000000000000000008d3c26400206ab5b2e09e0000000200000000808000000000000000000000000000000000000008d3c26500206ab5b3d09ee5d7
15052729,289.412,2026-09-25T02:41:33.412000+00:00,DP0SNX,CQ,271,1,86A240404040E088A060A69CB06103F02706B4CA181C0000000200000000808000000000000000000000000000000000000008D3C26600206AB5B4C09E8783E0D6FFD8C5237FC000000000000000000000000000000000000008D3C26700206AB5B5B09E0000000200000000808000000000000000000000000000000000000008D3C26800206AB5B6A09E0000000200000000808000000000000000000000000000000000000008D3C26900206AB5B7909E1200000E5E80116B7FC000000000000000000000000000000000000008D3C26A00206AB5B8809E5B004002C885609377C000000000000000000000000000000000000008D3C26B00206AB5B9709E080D957E3FA6EC2F77C000000022B2,2706b4ca181c0000000200000000808000000000000000000000000000000000000008d3c26600206ab5b4c09e8783e0d6ffd8c5237fc000000000000000000000000000000000000008d3c26700206ab5b5b09e0000000200000000808000000000000000000000000000000000000008d3c26800206ab5b6a09e0000000200000000808000000000000000000000000000000000000008d3c26900206ab5b7909e1200000e5e80116b7fc000000000000000000000000000000000000008d3c26a00206ab5b8809e5b004002c885609377c000000000000000000000000000000000000008d3c26b00206ab5b9709e080d957e3fa6ec2f77c000000022b2
15052729,289.787,2026-09-25T02:41:33.787000+00:00,DP0SNX,CQ,271,0,86A240404040E088A060A69CB06103F02706B5CB180F00000000000000000000000000000008D3C26C00206AB5BA609E0000000200000000808000000000000000000000000000000000000008D3C26D00206AB5BB509E0000803A008802F777C000000000000000000000000000000000000008D3C26E00206AB5BC409E0000000200000000808000000000000000000000000000000000000008D3C26F00206AB5BD309E0000000200000000808000000000000000000000000000000000000008D3C27000206AB5BE209E0000000200000000808000000000000000000000000000000000000008D3C27100206AB5BF109E000000020640905FFF4000000000000000000000000000000000F320,2706b5cb180f00000000000000000000000000000008d3c26c00206ab5ba609e0000000200000000808000000000000000000000000000000000000008d3c26d00206ab5bb509e0000803a008802f777c000000000000000000000000000000000000008d3c26e00206ab5bc409e0000000200000000808000000000000000000000000000000000000008d3c26f00206ab5bd309e0000000200000000808000000000000000000000000000000000000008d3c27000206ab5be209e0000000200000000808000000000000000000000000000000000000008d3c27100206ab5bf109e000000020640905fff4000000000000000000000000000000000f320
15052729,290.145,2026-09-25T02:41:34.145000+00:00,DP0SNX,CQ,146,0,86A240404040E088A060A69CB06103F02700B68518000864E68500736AB5DF60821CDA81303FC280000000000001CDA835ABA628000000000000029600000C02222668013210119634300506104658D4C2C0A46475423641C6326FF0BAB03C7200683DE4856704E20069BEE603E802B734FF28FB3B18028FE20068406400F3800A0067C06380F28069A300028B0060F0EAF2,2700b68518000864e68500736ab5df60821cda81303fc280000000000001cda835aba628000000000000029600000c02222668013210119634300506104658d4c2c0a46475423641c6326ff0bab03c7200683de4856704e20069bee603e802b734ff28fb3b18028fe20068406400f3800a0067c06380f28069a300028b0060f0eaf2
15052729,291.412,2026-09-25T02:41:35.412000+00:00,DP0SNX,CQ,271,1,86A240404040E088A060A69CB06103F02706B8CD181C0000000200000000808000000000000000000000000000000000000008D3C27900206AB5C6909E0000000200000000808000000000000000000000000000000000000008D3C27A00206AB5C7809E0000000200000000808000000000000000000000000000000000000008D3C27B00206AB5C8709E0000000200000000808000000000000000000000000000000000000008D3C27C00206AB5C9609E0000000200000000808000000000000000000000000000000000000008D3C27D00206AB5CA509E1283B0025F51E0D7F7C000000000000000000000000000000000000008D3C27E00206AB5CB409E00000002000000008080000000A7DE,2706b8cd181c0000000200000000808000000000000000000000000000000000000008d3c27900206ab5c6909e0000000200000000808000000000000000000000000000000000000008d3c27a00206ab5c7809e0000000200000000808000000000000000000000000000000000000008d3c27b00206ab5c8709e0000000200000000808000000000000000000000000000000000000008d3c27c00206ab5c9609e0000000200000000808000000000000000000000000000000000000008d3c27d00206ab5ca509e1283b0025f51e0d7f7c000000000000000000000000000000000000008d3c27e00206ab5cb409e00000002000000008080000000a7de
15052729,291.787,2026-09-25T02:41:35.787000+00:00,DP0SNX,CQ,271,1,86A240404040E088A060A69CB06103F02706B9CE180F00000000000000000000000000000008D3C27F00206AB5CC309E0000000200000000808000000000000000000000000000000000000008D3C28000206AB5CD209E0440100E31C3C0D37FC000000000000000000000000000000000000008D3C28100206AB5CE109E008090420E08F263F7C000000000000000000000000000000000000008D3C28200206AB5CF009E0000000200000000808000000000000000000000000000000000000008D3C28300206AB5CFF09E01C0301A2305F1AF77C000000000000000000000000000000000000008D3C28400206AB5D0E09E0000000200000000808000000000000000000000000000000000EAD9,2706b9ce180f00000000000000000000000000000008d3c27f00206ab5cc309e0000000200000000808000000000000000000000000000000000000008d3c28000206ab5cd209e0440100e31c3c0d37fc000000000000000000000000000000000000008d3c28100206ab5ce109e008090420e08f263f7c000000000000000000000000000000000000008d3c28200206ab5cf009e0000000200000000808000000000000000000000000000000000000008d3c28300206ab5cff09e01c0301a2305f1af77c000000000000000000000000000000000000008d3c28400206ab5d0e09e0000000200000000808000000000000000000000000000000000ead9
15052729,292.145,2026-09-25T02:41:36.145000+00:00,DP0SNX,CQ,146,1,86A240404040E088A060A69CB06103F02700BA8618000864E68600736AB5DF62821CDA83303FC280000000000001CDA855ABA628000000000000029600000C02222668013210119634300506104658D442C0A464754CB5C1E6326FF07AB03C720068BDE4056704620069BEE603E802B734FF28FB3B00028FE2006840648073000A0067406380F28069A300028B0060F0107A,2700ba8618000864e68600736ab5df62821cda83303fc280000000000001cda855aba628000000000000029600000c02222668013210119634300506104658d442c0a464754cb5c1e6326ff07ab03c720068bde4056704620069bee603e802b734ff28fb3b00028fe2006840648073000a0067406380f28069a300028b0060f0107a
15052729,293.062,2026-09-25T02:41:37.062000+00:00,DP0SNX,CQ,271,0,86A240404040E088A060A69CB06103F02706BBCF1802000008D3C28500206AB5D1D09E018000121F8001C34BC000000000000000000000000000000000000008D3C28600206AB5D2C09E0000000200000000808000000000000000000000000000000000000008D3C28700206AB5D3B09E0280000227C130D377C000000000000000000000000000000000000008D3C28800206AB5D4A09E0000000200000000808000000000000000000000000000000000000008D3C28900206AB5D5909E048050062A05F10377C000000000000000000000000000000000000008D3C28A00206AB5D6809E00C0500A0B47D14F77C000000000000000000000000000000000000008D3C28B00206AB5D7709E88E4,2706bbcf1802000008d3c28500206ab5d1d09e018000121f8001c34bc000000000000000000000000000000000000008d3c28600206ab5d2c09e0000000200000000808000000000000000000000000000000000000008d3c28700206ab5d3b09e0280000227c130d377c000000000000000000000000000000000000008d3c28800206ab5d4a09e0000000200000000808000000000000000000000000000000000000008d3c28900206ab5d5909e048050062a05f10377c000000000000000000000000000000000000008d3c28a00206ab5d6809e00c0500a0b47d14f77c000000000000000000000000000000000000008d3c28b00206ab5d7709e88e4
15052729,294.17,2026-09-25T02:41:38.170000+00:00,DP0SNX,CQ,146,0,86A240404040E088A060A69CB06103F02700BE8718000864E68700736AB5DF64821CDA85303FC280000000000001CDA875ABA628000000000000029600000C02222668013210119634900506104658D3C2C0A4647582364167326FF07AB03C720068BDE484E704E2006A3EE603E802B734FF28FB3B18028FE2006840648073000A0067C06380F20069A300028B0060F026F4,2700be8718000864e68700736ab5df64821cda85303fc280000000000001cda875aba628000000000000029600000c02222668013210119634900506104658d3c2c0a4647582364167326ff07ab03c720068bde484e704e2006a3ee603e802b734ff28fb3b18028fe2006840648073000a0067c06380f20069a300028b0060f026f4
15052729,295.06,2026-09-25T02:41:39.060000+00:00,DP0SNX,CQ,271,0,86A240404040E088A060A69CB06103F02706BFD2182B2C943071A51B0AD9CCD02A78891E2D986CD72F71B135C9C24E78AB72BDFD0FBF5CC12D78B9BA011D8CB22D08E6C22200346AB54CF3827185ABD1D52C943071A5EB0AD9CCD02A7889EE2D986CD72F71B10732C26EC9AB72BDCD0FBF5CC12D78B98A011D8CB22D08E6C22300346AB54D038271856BD1D52C943071A5AB0AD9CCD02A7889AE2D986CD72F71B1C868C15EDCAB72BD8D0FBF5CC12D78B94A011D8CB22E08E6C22400346AB54D138271853BD1D52C943071A57B0AD9CCD02A78897E2D986CD72F71B19963C14EBBAB72BD5D0FBF5CC12D78B91A011D8CB22E08E6C22500346AB54D238271850BD1D52C943171A54B0AD9CCD02A7412,2706bfd2182b2c943071a51b0ad9ccd02a78891e2d986cd72f71b135c9c24e78ab72bdfd0fbf5cc12d78b9ba011d8cb22d08e6c22200346ab54cf3827185abd1d52c943071a5eb0ad9ccd02a7889ee2d986cd72f71b10732c26ec9ab72bdcd0fbf5cc12d78b98a011d8cb22d08e6c22300346ab54d038271856bd1d52c943071a5ab0ad9ccd02a7889ae2d986cd72f71b1c868c15edcab72bd8d0fbf5cc12d78b94a011d8cb22e08e6c22400346ab54d138271853bd1d52c943071a57b0ad9ccd02a78897e2d986cd72f71b19963c14ebbab72bd5d0fbf5cc12d78b91a011d8cb22e08e6c22500346ab54d238271850bd1d52c943171a54b0ad9ccd02a7412
15052729,295.435,2026-09-25T02:41:39.435000+00:00,DP0SNX,CQ,271,1,86A240404040E088A060A69CB06103F02706C0D3182078894E2D986CD72F71B16A1DC13E8BAB72BD2D0FBF5CC12D78B9EA011D8CB22E08E6C22600346AB54D33827185CBD1D52C943171A50B0AD9CCD02A78890E2D986CD72F71B12AA9C15E56AC72BDED0FBF5CC12C78B9AA011D8CB22E08E6C22700346AB54D438271859BD1D52C943171A5DB0AD9CCD02A7889DE2D986CD72F71B1FB13C20E1DAC72BDBD0FBF5CC12C78B97A011D8CB22E08E6C22800346AB54D538271856BD1D52C943171A5AB0AD9CCD02A7889AE2D986CD72F71B1CB64C2ADEBAC72BD8D0FBF5CC12C78B94A011D8CB22E08E6C22900346AB54D638271853BD1D52C943171A57B0AD9CCD02A78897E2D986CD72F71B19B209C,2706c0d3182078894e2d986cd72f71b16a1dc13e8bab72bd2d0fbf5cc12d78b9ea011d8cb22e08e6c22600346ab54d33827185cbd1d52c943171a50b0ad9ccd02a78890e2d986cd72f71b12aa9c15e56ac72bded0fbf5cc12c78b9aa011d8cb22e08e6c22700346ab54d438271859bd1d52c943171a5db0ad9ccd02a7889de2d986cd72f71b1fb13c20e1dac72bdbd0fbf5cc12c78b97a011d8cb22e08e6c22800346ab54d538271856bd1d52c943171a5ab0ad9ccd02a7889ae2d986cd72f71b1cb64c2adebac72bd8d0fbf5cc12c78b94a011d8cb22e08e6c22900346ab54d638271853bd1d52c943171a57b0ad9ccd02a78897e2d986cd72f71b19b209c
15052729,295.81,2026-09-25T02:41:39.810000+00:00,DP0SNX,CQ,271,0,86A240404040E088A060A69CB06103F02706C1D418159FC38DBDAC72BD5D0FBF5CC12C78B91A011D8CB22E08E6C22A00346AB54D738271850BD1D52C943171A54B0AD9CCD02A78894E2D986CD72F71B16BCEC48D93AC72BD2D0FBF5CC12C78B9EA011D8CB22F08E6C22B00346AB54D8382719DD422D51C8C3171A51B0AD9CCD02A78891E2D986CD72F71B13BEEC5AD6EAC72BDFD0FBF5CC12C78B9BA011D8CB22F08E6C22C00346AB54D938271BD941BD4EC8B3171A5DB0AD9CCD02A7889DE2D986CD72F71B1FC03C68D53AC72BDBD0FBF5CC12C78B97A011D8CB22F08E6C22D00346AB54DA38271B963FDD28C9C3171A5AB0AD9CCD02A7889AE2D986CD72F71B1CC12C79D39AC72BD8D0FBF5C1EC3,2706c1d418159fc38dbdac72bd5d0fbf5cc12c78b91a011d8cb22e08e6c22a00346ab54d738271850bd1d52c943171a54b0ad9ccd02a78894e2d986cd72f71b16bcec48d93ac72bd2d0fbf5cc12c78b9ea011d8cb22f08e6c22b00346ab54d8382719dd422d51c8c3171a51b0ad9ccd02a78891e2d986cd72f71b13beec5ad6eac72bdfd0fbf5cc12c78b9ba011d8cb22f08e6c22c00346ab54d938271bd941bd4ec8b3171a5db0ad9ccd02a7889de2d986cd72f71b1fc03c68d53ac72bdbd0fbf5cc12c78b97a011d8cb22f08e6c22d00346ab54da38271b963fdd28c9c3171a5ab0ad9ccd02a7889ae2d986cd72f71b1cc12c79d39ac72bd8d0fbf5c1ec3
15052729,296.17,2026-09-25T02:41:40.170000+00:00,DP0SNX,CQ,146,0,86A240404040E088A060A69CB06103F02700C28818000864E68800736AB5DF66821CDA87303FC280000000000001CDA895ABA628000000000000029600000C02222668013210119634700506104658D342C0A4647584F64167326FF07AB03C720068BDE484E704E20069BEE6046782B734FF28FB3B00028FE2006840648073000A0067C06380F28069A300028B0060F06343,2700c28818000864e68800736ab5df66821cda87303fc280000000000001cda895aba628000000000000029600000c02222668013210119634700506104658d342c0a4647584f64167326ff07ab03c720068bde484e704e20069bee6046782b734ff28fb3b00028fe2006840648073000a0067c06380f28069a300028b0060f06343
15052729,297.042,2026-09-25T02:41:41.042000+00:00,DP0SNX,CQ,121,0,86A240404040E088A060A69CB06103F02702C3C3180008C8E1D200336AB5DF669E4D0001A0115F594DD7C068F9654523EC7CE485D27C7F7FDD80027FF27FFF7FFF7FFF1A57A55687CF7FFF7FFF7FFF3F08D2C28800206AB5DF679E00000002000000000000000000000000000000000000000000000000971C,2702c3c3180008c8e1d200336ab5df669e4d0001a0115f594dd7c068f9654523ec7ce485d27c7f7fdd80027ff27fff7fff7fff1a57a55687cf7fff7fff7fff3f08d2c28800206ab5df679e00000002000000000000000000000000000000000000000000000000971c
15052729,297.285,2026-09-25T02:41:41.285000+00:00,DP0SNX,CQ,271,2,86A240404040E088A060A69CB06103F02706C4D5180AC12C78B94A011D8CB23008E6C22E00346AB54DB38271B933F0D0ECAD3171A57B0AD9CCD02A78897E2D986CD72F71B19C1BC92D1CAD72BD5D0FBF5CC12C78B91A011D8CB23008E6C22F00346AB54DC38271A9F3E1CF7CB93171A53B0AD9CCD02A78893E2D986CD72F71B15C24CA0D08AD72BD1D0FBF5CC12B78B9DA011D8CB23008E6C23000346AB54DD38271A1C3DBCDACD1B271A50B0AD9CCD02A78890E2D986CD72F71B12C21CBBCF1AD72BDED0FBF5CC12B78B9AA011D8CB23008E6C23100346AB54DE38271A183D1CBFCE3B271A5CB0AD9CCD02A7889CE2D986CD72F71B1EC24CC8CE1AD72BDAD0FBF5CC12C78B96A011D8CB230083CF4,2706c4d5180ac12c78b94a011d8cb23008e6c22e00346ab54db38271b933f0d0ecad3171a57b0ad9ccd02a78897e2d986cd72f71b19c1bc92d1cad72bd5d0fbf5cc12c78b91a011d8cb23008e6c22f00346ab54dc38271a9f3e1cf7cb93171a53b0ad9ccd02a78893e2d986cd72f71b15c24ca0d08ad72bd1d0fbf5cc12b78b9da011d8cb23008e6c23000346ab54dd38271a1c3dbcdacd1b271a50b0ad9ccd02a78890e2d986cd72f71b12c21cbbcf1ad72bded0fbf5cc12b78b9aa011d8cb23008e6c23100346ab54de38271a183d1cbfce3b271a5cb0ad9ccd02a7889ce2d986cd72f71b1ec24cc8ce1ad72bdad0fbf5cc12c78b96a011d8cb230083cf4
15052729,297.66,2026-09-25T02:41:41.660000+00:00,DP0SNX,CQ,271,0,86A240404040E088A060A69CB06103F02706C5D6183AE6C23200346AB54DF38271A153DACC6CE4B271A59B0AD9CCD02A78899E2D986CD72F71B1BC1DCCBCE5AD72BD7D0FBF5CC12B78B93A011D8CB23008E6C23300346AB54E038271A123DFCB4CFAB271A56B0AD9CCD02A78896E2D986CD72F71B18C13CDECDCAD72BD4D0FBF5CC12B78B90A011D8CB23108E6C23400346AB54E138271A1F3E5CA6D0CB271A53B0AD9CCD02A78893E2D986CD72F71B55C07CEDCD6AD72BD1D0FBF5CC12B78B9DA011D8CB23108E6C23500346AB54E238271A1C3EAC95D1FB271A50B0AD9CCD02A78890E2D986CD73071912BFCCFACD22D72BDED0FBF5CC12C78B9AA011D8CB23108E6C23600346AB54E338271A289,2706c5d6183ae6c23200346ab54df38271a153dacc6ce4b271a59b0ad9ccd02a78899e2d986cd72f71b1bc1dccbce5ad72bd7d0fbf5cc12b78b93a011d8cb23008e6c23300346ab54e038271a123dfcb4cfab271a56b0ad9ccd02a78896e2d986cd72f71b18c13cdecdcad72bd4d0fbf5cc12b78b90a011d8cb23108e6c23400346ab54e138271a1f3e5ca6d0cb271a53b0ad9ccd02a78893e2d986cd72f71b55c07cedcd6ad72bd1d0fbf5cc12b78b9da011d8cb23108e6c23500346ab54e238271a1c3eac95d1fb271a50b0ad9ccd02a78890e2d986cd73071912bfccfacd22d72bded0fbf5cc12c78b9aa011d8cb23108e6c23600346ab54e338271a289
15052729,298.02,2026-09-25T02:41:42.020000+00:00,DP0SNX,CQ,146,0,86A240404040E088A060A69CB06103F02700C68918000864E68900736AB5DF68821CDA89303FC280000000000001CDA8B5ABA628000000000000029600000C02222668013210119634500506104658D3C2C0A464758B764167326FF09AB03C7200683DE4856704620069BEE603E802B734FF28FB3B00028FE2006840648073000A0067C06380F20069A300028B0060F0CFCB,2700c68918000864e68900736ab5df68821cda89303fc280000000000001cda8b5aba628000000000000029600000c02222668013210119634500506104658d3c2c0a464758b764167326ff09ab03c7200683de4856704620069bee603e802b734ff28fb3b00028fe2006840648073000a0067c06380f20069a300028b0060f0cfcb
15052729,298.904,2026-09-25T02:41:42.904000+00:00,DP0SNX,CQ,212,2,86A240404040E088A060A69CB06103F02702C7C4180008D3C29300206AB5DF689E00000002000000008080000000000000000000000000000000000000087DC4C700536AB5DF689E0006DD524905FE05FC05FC05FB000004E4000004E4000000000000010B0000000000000000000000000000000000000000000000000000000000A153332DB6000C000002710139000000040000555508E6C23700346AB5DF699E7189D5A51D7C882D71ADA33C71EE5D2E78AD518E8FECA22F728D93173FACDE2E71B983BF7FCEC52B7895A1FA59FCB32D5F18,2702c7c4180008d3c29300206ab5df689e00000002000000008080000000000000000000000000000000000000087dc4c700536ab5df689e0006dd524905fe05fc05fc05fb000004e4000004e4000000000000010b0000000000000000000000000000000000000000000000000000000000a153332db6000c000002710139000000040000555508e6c23700346ab5df699e7189d5a51d7c882d71ada33c71ee5d2e78ad518e8feca22f728d93173facde2e71b983bf7fcec52b7895a1fa59fcb32d5f18
15052729,299.235,2026-09-25T02:41:43.235000+00:00,DP0SNX,CQ,271,1,86A240404040E088A060A69CB06103F02706C8D7182FA193F2C87D32B271A5DB0AD9CCD02A7889DE2D986CD72F7185FBEFD06CD02D72BDBD0FBF5CC12B78B97A011D8CB23108E6C23800346AB54E438271A16400C7ED45B271A5AB0AD9CCD02A7889AE2D986CD73071B9CBDDD14CD02D72BD8D0FBF5CC12B78B94A011D8CB23108E6C23900346AB54E538271A12403C69D58B271A56B0AD9CCD02A78896E2D986CD73071A98BD1D1CCD12D72BD4D0FBF5CC12C78B90A011D8CB23208E6C23A00346AB54E638271A1F40CC64D63B271A53B0AD9CCD02A78893E2D986CD730719D5BC7D22CD22D72BD1D0FBF5CC12C78B9DA011D8CB23208E6C23B00346AB54E738271A1C415C55D75B371A50B0A7113,2706c8d7182fa193f2c87d32b271a5db0ad9ccd02a7889de2d986cd72f7185fbefd06cd02d72bdbd0fbf5cc12b78b97a011d8cb23108e6c23800346ab54e438271a16400c7ed45b271a5ab0ad9ccd02a7889ae2d986cd73071b9cbddd14cd02d72bd8d0fbf5cc12b78b94a011d8cb23108e6c23900346ab54e538271a12403c69d58b271a56b0ad9ccd02a78896e2d986cd73071a98bd1d1ccd12d72bd4d0fbf5cc12c78b90a011d8cb23208e6c23a00346ab54e638271a1f40cc64d63b271a53b0ad9ccd02a78893e2d986cd730719d5bc7d22cd22d72bd1d0fbf5cc12c78b9da011d8cb23208e6c23b00346ab54e738271a1c415c55d75b371a50b0a7113
15052729,299.61,2026-09-25T02:41:43.610000+00:00,DP0SNX,CQ,271,1,86A240404040E088A060A69CB06103F02706C9D81824D9CCD02A78890E2D986CD73071992BB6D2ACD72D72BDED0FBF5CC12C78B9AA011D8CB23208E6C23C00346AB54E838271A1941DC4BD83B271A5DB0AD9CCD02A7889DE2D986CD73071BDFBAAD30CDA2D72BDBD0FBF5CC12C78B97A011D8CB23208E6C23D00346AB54E938271A16424C3ED92B371A5AB0AD9CCD02A7889AE2D986CD7307195CB9BD34CE12D72BD8D0FBF5CC12C78B94A011D8CB23208E6C23E00346AB54EA38271A1342EC34DA0B371A57B0AD9CCD02A78897E2D986CD73071BD9B91D39CE22D72BD5D0FBF5CC12C78B91A011D8CB23208E6C23F00346AB54EB38271A10432C2ADABB371A54B0AD9CCD02B78994E2D986CD7960E,2706c9d81824d9ccd02a78890e2d986cd73071992bb6d2acd72d72bded0fbf5cc12c78b9aa011d8cb23208e6c23c00346ab54e838271a1941dc4bd83b271a5db0ad9ccd02a7889de2d986cd73071bdfbaad30cda2d72bdbd0fbf5cc12c78b97a011d8cb23208e6c23d00346ab54e938271a16424c3ed92b371a5ab0ad9ccd02a7889ae2d986cd7307195cb9bd34ce12d72bd8d0fbf5cc12c78b94a011d8cb23208e6c23e00346ab54ea38271a1342ec34da0b371a57b0ad9ccd02a78897e2d986cd73071bd9b91d39ce22d72bd5d0fbf5cc12c78b91a011d8cb23208e6c23f00346ab54eb38271a10432c2adabb371a54b0ad9ccd02b78994e2d986cd7960e
15052729,299.97,2026-09-25T02:41:43.970000+00:00,DP0SNX,CQ,146,0,86A240404040E088A060A69CB06103F02700CA8A18000864E68A00736AB5DF6A821CDA8B303FC280000000000001CDA8D5ABA628000000000000029600000C02222668013210119634300506104658D3C2C0A464758A764167326FF05AB03C720068BDE485670462006A3EE603E802B734FF28FB3B18028FE2006840648073000A0067C06380F28069A300028B0060F04A7E,2700ca8a18000864e68a00736ab5df6a821cda8b303fc280000000000001cda8d5aba628000000000000029600000c02222668013210119634300506104658d3c2c0a464758a764167326ff05ab03c720068bde485670462006a3ee603e802b734ff28fb3b18028fe2006840648073000a0067c06380f28069a300028b0060f04a7e
15052729,301.235,2026-09-25T02:41:45.235000+00:00,DP0SNX,CQ,271,0,86A240404040E088A060A69CB06103F02706CCDA180E5D0FBF5CC12C78891A011D8CB23308E6C24400346AB54F038278A503E3BDCDABB471A54B0AD9CCD02B78854E2D986CD73071956B8ED3ACE32E72BD2D0FBF5CC12C7889EA011D8CB23308E6C24500346AB54F9F9E72A1A1EDA98C833471A5EB0AD9CCD02B78851E2D986CD73171950B8ED3ACE32D72BDCD0FBF5CC12C78A1832E78FE5EB508E6C24600346AB5508F9E72A131EDA98C833371A57B0AD9CCD02E7199624DA32D2AB371959B8ED3ACE32D71B952CC5EFDB7B072B101928A1CB73308E6C24700346AB5517F9E72A1D1EDA98C833371A51B0AD9CCD02F7199019E79ACCEB471953B8ED3ACE32E7895234988CE70B272B1A1928AC58B,2706ccda180e5d0fbf5cc12c78891a011d8cb23308e6c24400346ab54f038278a503e3bdcdabb471a54b0ad9ccd02b78854e2d986cd73071956b8ed3ace32e72bd2d0fbf5cc12c7889ea011d8cb23308e6c24500346ab54f9f9e72a1a1eda98c833471a5eb0ad9ccd02b78851e2d986cd73171950b8ed3ace32d72bdcd0fbf5cc12c78a1832e78fe5eb508e6c24600346ab5508f9e72a131eda98c833371a57b0ad9ccd02e7199624da32d2ab371959b8ed3ace32d71b952cc5efdb7b072b101928a1cb73308e6c24700346ab5517f9e72a1d1eda98c833371a51b0ad9ccd02f7199019e79acceb471953b8ed3ace32e7895234988ce70b272b1a1928ac58b
15052729,301.61,2026-09-25T02:41:45.610000+00:00,DP0SNX,CQ,271,0,86A240404040E088A060A69CB06103F02706CDDB18031CB73208E6C24800346AB5526F9E72A171EDA98C833371A5BB0AD9CCD02F78A1D19681CCC8377195DB8ED3ACE32E7895C34C804E78B472B141928A1CB73208E6C24900346AB5535F9E72A121EDA98C833371A56B0AD9CCD03078B1419782FCC73871958B8ED3ACE32F789573597FCE81B572B1F1928A1CB73208E6C24A00346AB5544F9E72A1C1EDA98C833471A50B0AD9CCD031789981967EFCC73971952B8ED3ACE32F7895134A83CE75B672B191928A1CB73208E6C24B00346AB5553F9E72A161EDA98C833471A5AB0AD9CCD03278A1F19F7F5CD4B77195CB8ED3ACE3307895B33F831E6EB772B131928A1CB73208E6C24C00346AB53BC5,2706cddb18031cb73208e6c24800346ab5526f9e72a171eda98c833371a5bb0ad9ccd02f78a1d19681ccc8377195db8ed3ace32e7895c34c804e78b472b141928a1cb73208e6c24900346ab5535f9e72a121eda98c833371a56b0ad9ccd03078b1419782fcc73871958b8ed3ace32f789573597fce81b572b1f1928a1cb73208e6c24a00346ab5544f9e72a1c1eda98c833471a50b0ad9ccd031789981967efcc73971952b8ed3ace32f7895134a83ce75b672b191928a1cb73208e6c24b00346ab5553f9e72a161eda98c833471a5ab0ad9ccd03278a1f19f7f5cd4b77195cb8ed3ace3307895b33f831e6eb772b131928a1cb73208e6c24c00346ab53bc5
15052729,301.97,2026-09-25T02:41:45.970000+00:00,DP0SNX,CQ,146,0,86A240404040E088A060A69CB06103F02700CE8B18000864E68B00736AB5DF6C821CDA8D303FC280000000000001CDA8F5ABA628000000000000029600000C02222668013210119634100506104658D3C2C0A464758FB64167326FF05AB03C720068BDE4856704E2006A3EE603E7833734FF28FB3B00028FE2006840648073000A0067C06380F28069A300028B0060F0EC57,2700ce8b18000864e68b00736ab5df6c821cda8d303fc280000000000001cda8f5aba628000000000000029600000c02222668013210119634100506104658d3c2c0a464758fb64167326ff05ab03c720068bde4856704e2006a3ee603e7833734ff28fb3b00028fe2006840648073000a0067c06380f28069a300028b0060f0ec57
15052729,303.26,2026-09-25T02:41:47.260000+00:00,DP0SNX,CQ,271,2,86A240404040E088A060A69CB06103F02706D0DD182871A55B0AD9CCD0337285A180793CA53671957B8ED3ACE331719963FD8ACEE23472B1E1928A1CB73108E6C25100346AB55ADF9E72A151EDA98C833271A59B0AD9CCD0317285E180793CA5347195BB8ED3ACE3307199A3FD8ACEE23172B121928A1CB73008E6C25200346AB55BCF9E72A171EDA98C833171A5BB0AD9CCD02F72850180793CA5337195DB8ED3ACE32F7199C3FD8ACEE22E72B141928A1CB73008E6C25300346AB55CBF9E72A181EDA98C832F71A5CB0AD9CCD02E72851180793CA5317195EB8ED3ACE32E7199D3FD8ACEE22C72B151928A1CB72F08E6C25400346AB55DAF9E72A181EDA98C832E71A5CB0AD9CCD02D728511DE71,2706d0dd182871a55b0ad9ccd0337285a180793ca53671957b8ed3ace331719963fd8acee23472b1e1928a1cb73108e6c25100346ab55adf9e72a151eda98c833271a59b0ad9ccd0317285e180793ca5347195bb8ed3ace3307199a3fd8acee23172b121928a1cb73008e6c25200346ab55bcf9e72a171eda98c833171a5bb0ad9ccd02f72850180793ca5337195db8ed3ace32f7199c3fd8acee22e72b141928a1cb73008e6c25300346ab55cbf9e72a181eda98c832f71a5cb0ad9ccd02e72851180793ca5317195eb8ed3ace32e7199d3fd8acee22c72b151928a1cb72f08e6c25400346ab55daf9e72a181eda98c832e71a5cb0ad9ccd02d728511de71
15052729,303.635,2026-09-25T02:41:47.635000+00:00,DP0SNX,CQ,271,0,86A240404040E088A060A69CB06103F02706D1DE181D80793CA5307195EB8ED3ACE32D7199D3FD8ACEE22A72B151928A1CB72E08E6C25500346AB55E9F9E72A181EDA98C832C71A5CB0AD9CCD02C72851180793CA52F7195EB8ED3ACE32C7291D8E97A6FEFAA72B151928A1CB72C08E6C25600346AB55F8F9E72A1F1EDA98C832C71A53B0AD9CCD02D72858180793CA52F71955B8ED3ACE32C71A1451B23ACB82F72B1C1928A1CB72B08E6C25700346AB5607F9E72A181EDA98C832C788D7493481E532F789183D2738EC6B07195EB8ED3ACE32D71A1D51B23ACB83072B151928A1CB72B08E6C25800346AB5616F9E71BDF9F39B7F8FAF788DE493481E532E7285F46B2B4CCE3071955B8ED3AC9A25,2706d1de181d80793ca5307195eb8ed3ace32d7199d3fd8acee22a72b151928a1cb72e08e6c25500346ab55e9f9e72a181eda98c832c71a5cb0ad9ccd02c72851180793ca52f7195eb8ed3ace32c7291d8e97a6fefaa72b151928a1cb72c08e6c25600346ab55f8f9e72a1f1eda98c832c71a53b0ad9ccd02d72858180793ca52f71955b8ed3ace32c71a1451b23acb82f72b1c1928a1cb72b08e6c25700346ab5607f9e72a181eda98c832c788d7493481e532f789183d2738ec6b07195eb8ed3ace32d71a1d51b23acb83072b151928a1cb72b08e6c25800346ab5616f9e71bdf9f39b7f8faf788de493481e532e7285f46b2b4cce3071955b8ed3ac9a25
15052729,303.995,2026-09-25T02:41:47.995000+00:00,DP0SNX,CQ,146,0,86A240404040E088A060A69CB06103F02700D28C18000864E68C00736AB5DF6E821CDA8F303FC280000000000001CDA915ABA628000000000000029600000C02222668013210119634300506104658D3C2C0A464758F764167326FF09AB03C720068BDE405670462006A3EE603E802B734FF28FB3B00028FE2006840648073800A0067C06380F28069A300028B0060F0565F,2700d28c18000864e68c00736ab5df6e821cda8f303fc280000000000001cda915aba628000000000000029600000c02222668013210119634300506104658d3c2c0a464758f764167326ff09ab03c720068bde405670462006a3ee603e802b734ff28fb3b00028fe2006840648073800a0067c06380f28069a300028b0060f0565f
15052729,304.911,2026-09-25T02:41:48.911000+00:00,DP0SNX,CQ,271,0,86A240404040E088A060A69CB06103F02706D3DF1812E32D7289451B23ACB82F72B1C1928A1CB72C08E6C25900346AB5625F9E7191BA34E0FCB92F78991B53989F1BAE7285546B2B4CCE2F718999621CECDD2F7289A51B23ACB82F72B121928A1CB72C08E6C25A00346AB5634F9E72A511AC9E1C842F729D7C843A1CF12E718DB6091DFCC0307189F9621CECDD2E7289051B23ACB82D71BD07AF666FD4AF08E6C25B00346AB5643F9E78955DFD74FD3F307285E3213CFCC32F71A5B2F6C21CA4307181E82AE36D082F788156BEC10EC5AE729D723BAEDCB33008E6C25C00346AB5652F9E7895EDFD74FD3F2F78BDC810BD7F033171A542F6C21CA430789DC72D23BD7AB071A1E44B2B5CB72F722F74,2706d3df1812e32d7289451b23acb82f72b1c1928a1cb72c08e6c25900346ab5625f9e7191ba34e0fcb92f78991b53989f1bae7285546b2b4cce2f718999621cecdd2f7289a51b23acb82f72b121928a1cb72c08e6c25a00346ab5634f9e72a511ac9e1c842f729d7c843a1cf12e718db6091dfcc0307189f9621cecdd2e7289051b23acb82d71bd07af666fd4af08e6c25b00346ab5643f9e78955dfd74fd3f307285e3213cfcc32f71a5b2f6c21ca4307181e82ae36d082f788156bec10ec5ae729d723baedcb33008e6c25c00346ab5652f9e7895edfd74fd3f2f78bdc810bd7f033171a542f6c21ca430789dc72d23bd7ab071a1e44b2b5cb72f722f74
15052729,305.286,2026-09-25T02:41:49.286000+00:00,DP0SNX,CQ,271,1,86A240404040E088A060A69CB06103F02706D4E018079D023BAEDCB32F08E6C25D00346AB5661F9E78955DFD74FD3F2E72A5D2426FDD7A3371A9B31CB26D7DB071A93421300CE730718D527D500CF6B1729D723BAEDCB32F08E6C25E00346AB5670F9E7895BDFD74FD3F2E72A532426FDD7A3371A912156CDD3FB171A99421300CE730718DB2C1959DE3B3729DD23BAEDCB32F08E6C25F00346AB567FF9E78952DFD74FD3F3072A5A2426FDD7A32728D018674FCA43371A90421300CE730718D24168BFEEFB5729D423BAEDCB33008E6C26000346AB568EF9E78959DFD74FD3F3172A512426FDD7A32728D718674FCA43371A97421300CE731718D95487D0F84B7729DB23BAEDCB32F08E6C2616899,2706d4e018079d023baedcb32f08e6c25d00346ab5661f9e78955dfd74fd3f2e72a5d2426fdd7a3371a9b31cb26d7db071a93421300ce730718d527d500cf6b1729d723baedcb32f08e6c25e00346ab5670f9e7895bdfd74fd3f2e72a532426fdd7a3371a912156cdd3fb171a99421300ce730718db2c1959de3b3729dd23baedcb32f08e6c25f00346ab567ff9e78952dfd74fd3f3072a5a2426fdd7a32728d018674fca43371a90421300ce730718d24168bfeefb5729d423baedcb33008e6c26000346ab568ef9e78959dfd74fd3f3172a512426fdd7a32728d718674fca43371a97421300ce731718d95487d0f84b7729db23baedcb32f08e6c2616899
15052729,306.02,2026-09-25T02:41:50.020000+00:00,DP0SNX,CQ,146,0,86A240404040E088A060A69CB06103F02700D68D18000864E68D00736AB5DF70821CDA91303FC280000000000001CDA935ABA628000000000000029600000C02222668013210119634100506104658D3C2C0A46462DAB62108326FF0BAB03C720068BDE485670462006A3EE60368033734FF28FB3B18028FE2006840648073000A0067C06400F28069A300028B0060F0C435,2700d68d18000864e68d00736ab5df70821cda91303fc280000000000001cda935aba628000000000000029600000c02222668013210119634100506104658d3c2c0a46462dab62108326ff0bab03c720068bde485670462006a3ee60368033734ff28fb3b18028fe2006840648073000a0067c06400f28069a300028b0060f0c435
15052729,306.935,2026-09-25T02:41:50.935000+00:00,DP0SNX,CQ,271,0,86A240404040E088A060A69CB06103F02706D7E2182C624D173371B53BA32F7D093671A19B4C93AF2DB47291133D3D3CE3347185BB30259CAD36729DD23BAEDCB33108E6C26600346AB56E8F9E72BD51DEA6DC863471B5EBA32F7D09347885D5EC1E6CBD347291C33D3D3CE33371856B30259CAD3371B5834174AE66B308E6C26700346AB56F7F9E72BD71DEA6DC863371B50BA32F7D09327281B2C6A98D78337291E33D3D3CE33172998708575F8530728D918E840CBB3108E6C26800346AB5706F9E72BD91DEA6DC863171B52BA32F7D09307281D2C6A98D78327291033D3D3CE3307299A708575F852E728DB18E840CBB2F08E6C26900346AB5715F9E72BDA1DEA6DC862F71B53BA32F7D09C815,2706d7e2182c624d173371b53ba32f7d093671a19b4c93af2db47291133d3d3ce3347185bb30259cad36729dd23baedcb33108e6c26600346ab56e8f9e72bd51dea6dc863471b5eba32f7d09347885d5ec1e6cbd347291c33d3d3ce33371856b30259cad3371b5834174ae66b308e6c26700346ab56f7f9e72bd71dea6dc863371b50ba32f7d09327281b2c6a98d78337291e33d3d3ce33172998708575f8530728d918e840cbb3108e6c26800346ab5706f9e72bd91dea6dc863171b52ba32f7d09307281d2c6a98d78327291033d3d3ce3307299a708575f852e728db18e840cbb2f08e6c26900346ab5715f9e72bda1dea6dc862f71b53ba32f7d09c815
15052729,307.31,2026-09-25T02:41:51.310000+00:00,DP0SNX,CQ,271,1,86A240404040E088A060A69CB06103F02706D8E318212F7281E2C6A98D78317291133D3D3CE32F7299B708575F852D728DC18E840CBB2E08E6C26A00346AB5724F9E72BDB1DEA6DC862D71B54BA32F7D092D7281F2C6A98D782F7291233D3D3CE32E7299C708575F852C728DD18E840CBB2D08E6C26B00346AB5733F9E72BDD1DEA6DC862C71B56BA32F7D092C728112C6A98D782E7291433D3D3CE32D7299E708575F852A728DF18E840CBB2B08E6C26C00346AB5742F9E72BDA27D4F3CEEAB71B53BA32F7D092B7281E2C6A98D782D72A91B472C6D172C7299B708575F85297289C4ED30ED7CAB08E6C26D00346AB5751F9E7885EDDE60FD132B71B59BA32F7D092B7185446F2B0CCD2C72A9AD78,2706d8e318212f7281e2c6a98d78317291133d3d3ce32f7299b708575f852d728dc18e840cbb2e08e6c26a00346ab5724f9e72bdb1dea6dc862d71b54ba32f7d092d7281f2c6a98d782f7291233d3d3ce32e7299c708575f852c728dd18e840cbb2d08e6c26b00346ab5733f9e72bdd1dea6dc862c71b56ba32f7d092c728112c6a98d782e7291433d3d3ce32d7299e708575f852a728df18e840cbb2b08e6c26c00346ab5742f9e72bda27d4f3ceeab71b53ba32f7d092b7281e2c6a98d782d72a91b472c6d172c7299b708575f85297289c4ed30ed7cab08e6c26d00346ab5751f9e7885edde60fd132b71b59ba32f7d092b7185446f2b0ccd2c72a9ad78
15052729,307.685,2026-09-25T02:41:51.685000+00:00,DP0SNX,CQ,271,1,86A240404040E088A060A69CB06103F02706D9E418167B472C6D172D719D1904AC3F6EAE71B523DC305CB22A08E6C26E00346AB5760F9E78855DDE60FD132B71B50BA32F7D092C7185B46F2B0CCD2D72A9EB472C6D172C719D858247EEBDB271B593DC305CB22908E6C26F00346AB576FF9E7885CDDE60FD132C789513F644BDD32F78A5F4FCDC4CA52F72A95B472C6D172D719DF47529BCBA3371B503DC305CB22908E6C27000346AB577EF9E78855DDE60FD132C7895A3F644BDD3307899C587651F6AB072A9EB472C6D172D719D847529BCBA3171B593DC305CB22A08E6C27100346AB578DF9E7191C56B4F8EEFAF789513F644BDD32E71A936421CCCBE3072A95B472C6D172D719DF47529D6A8,2706d9e418167b472c6d172d719d1904ac3f6eae71b523dc305cb22a08e6c26e00346ab5760f9e78855dde60fd132b71b50ba32f7d092c7185b46f2b0ccd2d72a9eb472c6d172c719d858247eebdb271b593dc305cb22908e6c26f00346ab576ff9e7885cdde60fd132c789513f644bdd32f78a5f4fcdc4ca52f72a95b472c6d172d719df47529bcba3371b503dc305cb22908e6c27000346ab577ef9e78855dde60fd132c7895a3f644bdd3307899c587651f6ab072a9eb472c6d172d719d847529bcba3171b593dc305cb22a08e6c27100346ab578df9e7191c56b4f8eefaf789513f644bdd32e71a936421cccbe3072a95b472c6d172d719df47529d6a8
15052729,308.045,2026-09-25T02:41:52.045000+00:00,DP0SNX,CQ,146,0,86A240404040E088A060A69CB06103F02700DA8E18000864E68E00736AB5DF72821CDA93303FC280000000000001CDA955ABA628000000000000029600000C02222668013210119634300506104658D3C2C0A46462D5762108326FF0DAB03C7200683C6488E70762006A3EE603E8033734FF28FB3B18028FE2006840648073000A0067406380F28069A300028B0060F028DA,2700da8e18000864e68e00736ab5df72821cda93303fc280000000000001cda955aba628000000000000029600000c02222668013210119634300506104658d3c2c0a46462d5762108326ff0dab03c7200683c6488e70762006a3ee603e8033734ff28fb3b18028fe2006840648073000a0067406380f28069a300028b0060f028da
15052729,308.961,2026-09-25T02:41:52.961000+00:00,DP0SNX,CQ,271,1,86A240404040E088A060A69CB06103F02706DBE5180BBCBA2E71B503DC305CB22D08E6C27200346AB579CF9E718524AC25DC992F789573F644BDD32E72A5925AB3FCA33172A9BB472C6D172D71AD55CB3BCE65AE71B563DC305CB22F08E6C27300346AB57ABF9E718594AC25DC992F7895E3F644BDD33171A5046CBE6DFEB272A92B472C6D172E7281C2AC44ECB03171B5D3DC305CB22F08E6C27400346AB57BAF9E7185F4AC25DC992F789543F644BDD33271A56370892E8BB372A98B472C6D172E71812192796CBE3171B533DC305CB23008E6C27500346AB57C9F9E718574AC25DC99307895C3F644BDD33272B1E2514FACC03372A90B472C6D172F789D13EBB21E1FB271B5B3DC305CB230EB9B,2706dbe5180bbcba2e71b503dc305cb22d08e6c27200346ab579cf9e718524ac25dc992f789573f644bdd32e72a5925ab3fca33172a9bb472c6d172d71ad55cb3bce65ae71b563dc305cb22f08e6c27300346ab57abf9e718594ac25dc992f7895e3f644bdd33171a5046cbe6dfeb272a92b472c6d172e7281c2ac44ecb03171b5d3dc305cb22f08e6c27400346ab57baf9e7185f4ac25dc992f789543f644bdd33271a56370892e8bb372a98b472c6d172e71812192796cbe3171b533dc305cb23008e6c27500346ab57c9f9e718574ac25dc99307895c3f644bdd33272b1e2514facc03372a90b472c6d172f789d13ebb21e1fb271b5b3dc305cb230eb9b
15052729,309.336,2026-09-25T02:41:53.336000+00:00,DP0SNX,CQ,271,1,86A240404040E088A060A69CB06103F02706DCE6180008E6C27600346AB57D8F9E7185E4AC25DC9931789533F644BDD33272B152514FACC03372A97B472C6D1730789D86AA559F6DB571B523DC305CB23008E6C27700346AB57E7F9E718544AC25DC9931729593203D6CC93471A1B39F992E81B372A9DB472C6D17317181E1DB5F0CB13771B583DC305CB23008E6C27800346AB57F6F9E7185C4AC25DC9932729513203D6CC934729D32A447BCC83472A95B472C6D17317881B7FBB14F60B771B503DC305CB23108E6C27900346AB5805F9E718564AC25DC993278B1A51B492E9E3578993710D45DF0B472A9FB472C6D173271AD55F61D8CAF3871B5A3DC305CB23008E6C27A00346AB5814F9E4AC2,2706dce6180008e6c27600346ab57d8f9e7185e4ac25dc9931789533f644bdd33272b152514facc03372a97b472c6d1730789d86aa559f6db571b523dc305cb23008e6c27700346ab57e7f9e718544ac25dc9931729593203d6cc93471a1b39f992e81b372a9db472c6d17317181e1db5f0cb13771b583dc305cb23008e6c27800346ab57f6f9e7185c4ac25dc9932729513203d6cc934729d32a447bcc83472a95b472c6d17317881b7fbb14f60b771b503dc305cb23108e6c27900346ab5805f9e718564ac25dc993278b1a51b492e9e3578993710d45df0b472a9fb472c6d173271ad55f61d8caf3871b5a3dc305cb23008e6c27a00346ab5814f9e4ac2
15052729,309.711,2026-09-25T02:41:53.711000+00:00,DP0SNX,CQ,271,0,86A240404040E088A060A69CB06103F02706DDE7183071AD2C6ECE9C7C3478B1651B492E9E357299F31E3E2CD13471B9B384C31D20B2789DFD0AC0BCB4B771B563DC305CB23108E6C27B00346AB5823F9E71ADC9A91BCCAFB371A97AF5280CFF3571A1964136AE51B472BD539A375CE63371A99AB721BCAC3471B503DC305CB23108E6C27C00346AB5832F9E71B526B9E60CA73378B19929218D44357889FA31A84F43B37185C9441C6CDC3371A93AB721BCAC3271B5A3DC305CB23208E6C27D00346AB5841F9E71B506EAE64CAD32789D297520CD233478A5086158CF9AB372B99BEA32AD053371A9DAB721BCAC30718D4A25E1ACB23408E6C27E00346AB5850F9E71ADE537C1EE4331789D293A6D,2706dde7183071ad2c6ece9c7c3478b1651b492e9e357299f31e3e2cd13471b9b384c31d20b2789dfd0ac0bcb4b771b563dc305cb23108e6c27b00346ab5823f9e71adc9a91bccafb371a97af5280cff3571a1964136ae51b472bd539a375ce63371a99ab721bcac3471b503dc305cb23108e6c27c00346ab5832f9e71b526b9e60ca73378b19929218d44357889fa31a84f43b37185c9441c6cdc3371a93ab721bcac3271b5a3dc305cb23208e6c27d00346ab5841f9e71b506eae64cad32789d297520cd233478a5086158cf9ab372b99bea32ad053371a9dab721bcac30718d4a25e1acb23408e6c27e00346ab5850f9e71ade537c1ee4331789d293a6d
15052729,310.07,2026-09-25T02:41:54.070000+00:00,DP0SNX,CQ,146,0,86A240404040E088A060A69CB06103F02700DE8F18000864E68F00736AB5DF74821CDA95303FC280000000000001CDA975ABA628000000000000029600000C02222668013210119634100506104658D542C0A46462DD362108326FF13AB03C720068BDE4856704E2006A3EE603E782B734FF28FB3B18028FE2006840648072800A0067C06380F28069A300028B0060F016CC,2700de8f18000864e68f00736ab5df74821cda95303fc280000000000001cda975aba628000000000000029600000c02222668013210119634100506104658d542c0a46462dd362108326ff13ab03c720068bde4856704e2006a3ee603e782b734ff28fb3b18028fe2006840648072800a0067c06380f28069a300028b0060f016cc
15052729,310.962,2026-09-25T02:41:54.962000+00:00,DP0SNX,CQ,271,1,86A240404040E088A060A69CB06103F02702DFC51800087AC65A006C6AB5DF749EFFFC00000001FDFC000000000000000F7FC00000001FDFC00000000000000000000000000000000000000000000000000000000000000000000000000000000CC00033000CD00000F000000000000000000000000000000000000000000000F1A880003E6A2000000990DC02002B6AB5DF749EFF8E8C888D8F8B76FF80FF858B8B8B757879808FFFFF565978787290FFFF545759603AACA9A6C0092CDC8F00416AB5DF749ECBFF9C9DCBFF9C81CBFF9D9DFFFF9D8281818149BABA9C82828249B9B99C12FF060224FF010013FF0402FFFF01000000FF0000000080007F80000000400878EDAA004C6AB5DF74196F,2702dfc51800087ac65a006c6ab5df749efffc00000001fdfc000000000000000f7fc00000001fdfc00000000000000000000000000000000000000000000000000000000000000000000000000000000cc00033000cd00000f000000000000000000000000000000000000000000000f1a880003e6a2000000990dc02002b6ab5df749eff8e8c888d8f8b76ff80ff858b8b8b757879808fffff565978787290ffff545759603aaca9a6c0092cdc8f00416ab5df749ecbff9c9dcbff9c81cbff9d9dffff9d8281818149baba9c82828249b9b99c12ff060224ff010013ff0402ffff01000000ff0000000080007f80000000400878edaa004c6ab5df74196f
15052729,311.318,2026-09-25T02:41:55.318000+00:00,DP0SNX,CQ,121,0,86A240404040E088A060A69CB06103F02702E0C618499E0000000000000080000000000000000000000000000000800000000000000000003200000000000000000000000000000000000000000000000000000000000000090000000000000882C04200116AB5DF759E81A0D670DD3B000070B5D95F23272A,2702e0c618499e0000000000000080000000000000000000000000000000800000000000000000003200000000000000000000000000000000000000000000000000000000000000090000000000000882c04200116ab5df759e81a0d670dd3b000070b5d95f23272a
15052729,311.561,2026-09-25T02:41:55.561000+00:00,DP0SNX,CQ,271,0,86A240404040E088A060A69CB06103F02706E1E818257520CD233271BD08EB1B2CD63272B99BEA32AD053171A9DAB721BCAC2E718D4A25E1ACB23108E6C27F00346AB585FF9E71AD0537C1EE432F789D497520CD233071BD28EB1B2CD63072B9BBEA32AD053071A9FAB721BCAC2C718D6A25E1ACB23008E6C28000346AB586EF9E71AD0537C1EE432D789D497520CD232F71BD28EB1B2CD62F72B9BBEA32AD052F71A9FAB721BCAC2B718D6A25E1ACB22E08E6C28100346AB587DF9E71AD2537C1EE432C789D697520CD232D71BD48EB1B2CD62E72B9DBEA32AD052E71A91AB721BCAC29718D8A25E1ACB22D08E6C28200346AB588CF9E71AD0537C1EE432B789D497520CD232C71BD28EB1B2CBB2B,2706e1e818257520cd233271bd08eb1b2cd63272b99bea32ad053171a9dab721bcac2e718d4a25e1acb23108e6c27f00346ab585ff9e71ad0537c1ee432f789d497520cd233071bd28eb1b2cd63072b9bbea32ad053071a9fab721bcac2c718d6a25e1acb23008e6c28000346ab586ef9e71ad0537c1ee432d789d497520cd232f71bd28eb1b2cd62f72b9bbea32ad052f71a9fab721bcac2b718d6a25e1acb22e08e6c28100346ab587df9e71ad2537c1ee432c789d697520cd232d71bd48eb1b2cd62e72b9dbea32ad052e71a91ab721bcac29718d8a25e1acb22d08e6c28200346ab588cf9e71ad0537c1ee432b789d497520cd232c71bd28eb1b2cbb2b
15052729,311.92,2026-09-25T02:41:55.920000+00:00,DP0SNX,CQ,146,0,86A240404040E088A060A69CB06103F02700E29018000864E69000736AB5DF76821CDA97303FC280000000000001CDA995ABA628000000000000029600000C02222668013210119633F00506104658D442C0A46462D4362108326FF1BAB03C720068BDE405670462006A3EE603E802B734FF28FB3B18028FE2006840648073000A0067C06380F28069A300028B0060F08522,2700e29018000864e69000736ab5df76821cda97303fc280000000000001cda995aba628000000000000029600000c02222668013210119633f00506104658d442c0a46462d4362108326ff1bab03c720068bde405670462006a3ee603e802b734ff28fb3b18028fe2006840648073000a0067c06380f28069a300028b0060f08522
15052729,312.811,2026-09-25T02:41:56.811000+00:00,DP0SNX,CQ,271,1,86A240404040E088A060A69CB06103F02706E3E9181AD62D72B9BBEA32AD052C71A9FAB721BCAC28718D6A25E1ACB22C08E6C28300346AB589BF9E71ADD537C1EE432971851AF6CE9D91AB71BDF8EB1B2CD62C72858AC1269D03AC71A9CAB721BCAC27718D3A25E1ACB22B08E6C28400346AB58AAF9E729D1186914C912A78A1E4264BBE342B71B955C9E0DCBC2C71BDEAA3246CEB2B7885167133FE3EA771B503F0D08CB32E08E6C28500346AB58B9F9E78A14D45AA1D67AB78B9D70AB8FF182C71B5A672E50CA72C72A102AFB8ACD02C789DDAABD62D45AB71B553F0D08CB32B08E6C28600346AB58C8F9E71AD5AA85C4F33AC78B144F0B72E882C71898833E63CCD2C718D3545DB0CE92D71DF3C,2706e3e9181ad62d72b9bbea32ad052c71a9fab721bcac28718d6a25e1acb22c08e6c28300346ab589bf9e71add537c1ee432971851af6ce9d91ab71bdf8eb1b2cd62c72858ac1269d03ac71a9cab721bcac27718d3a25e1acb22b08e6c28400346ab58aaf9e729d1186914c912a78a1e4264bbe342b71b955c9e0dcbc2c71bdeaa3246ceb2b7885167133fe3ea771b503f0d08cb32e08e6c28500346ab58b9f9e78a14d45aa1d67ab78b9d70ab8ff182c71b5a672e50ca72c72a102afb8acd02c789ddaabd62d45ab71b553f0d08cb32b08e6c28600346ab58c8f9e71ad5aa85c4f33ac78b144f0b72e882c71898833e63ccd2c718d3545db0ce92d71df3c
15052729,313.186,2026-09-25T02:41:57.186000+00:00,DP0SNX,CQ,271,0,86A240404040E088A060A69CB06103F02706E4EA180FA90823E4BCED2D71B583F0D08CB32A08E6C28700346AB58D7F9E71B169ECC84E4FAC78895673B81F042D71BD79B9E28CCC2C78A1260DE0BCDB2D71A95823E4BCED2D71B5D3F0D08CB32A08E6C28800346AB58E6F9E71A5B6BD184C832C7181A8AA3FEEE3AE71816989E34CCD2E71B9561DE0FCDC2C71A9A823E4BCED2B71B523F0D08CB32C08E6C28900346AB58F5F9E71A516BD184C832B72BDF1A686ACD8307181C989E34CCD2D71B9B61DE0FCDC2D78A1F8944DAF54AE71B583F0D08CB32B08E6C28A00346AB5904F9E71A566BD184C832B72BD41A686ACD831719DA21E670D31AD71B9061DE0FCDC2E78A142D29B6DD9B271B5D3F00B76,2706e4ea180fa90823e4bced2d71b583f0d08cb32a08e6c28700346ab58d7f9e71b169ecc84e4fac78895673b81f042d71bd79b9e28ccc2c78a1260de0bcdb2d71a95823e4bced2d71b5d3f0d08cb32a08e6c28800346ab58e6f9e71a5b6bd184c832c7181a8aa3feee3ae71816989e34ccd2e71b9561de0fcdc2c71a9a823e4bced2b71b523f0d08cb32c08e6c28900346ab58f5f9e71a516bd184c832b72bdf1a686acd8307181c989e34ccd2d71b9b61de0fcdc2d78a1f8944daf54ae71b583f0d08cb32b08e6c28a00346ab5904f9e71a566bd184c832b72bd41a686acd831719da21e670d31ad71b9061de0fcdc2e78a142d29b6dd9b271b5d3f00b76
15052729,313.561,2026-09-25T02:41:57.561000+00:00,DP0SNX,CQ,271,1,86A240404040E088A060A69CB06103F02706E5EB1804D08CB32A08E6C28B00346AB5913F9E7191AAF638EDF3AE72BD81A686ACD83171A5E48E29CCCE2F71B9461DE0FCDC2E719972FEC21CAC3371B513F0D08CB32B08E6C28C00346AB5922F9E7191F80521DD6AB072BDD1A686ACD83078B507DA28EDDBB171B9961DE0FCDC2E7199C2FEC21CAC3171B563F0D08CB32C08E6C28D00346AB5931F9E71B9A8BB171C863072BD31A686ACD82F728D71868BACA33271B9F61DE0FCDC2E78AD84C86E6F3CB271B5C3F0D08CB32D08E6C28E00346AB5940F9E71B928BB171C863072BDB1A686ACD830728DF1868BACA33171B9761DE0FCDC2F78AD0644719FC1B571B543F0D08CB32C08E6C28F00346ADF56,2706e5eb1804d08cb32a08e6c28b00346ab5913f9e7191aaf638edf3ae72bd81a686acd83171a5e48e29ccce2f71b9461de0fcdc2e719972fec21cac3371b513f0d08cb32b08e6c28c00346ab5922f9e7191f80521dd6ab072bdd1a686acd83078b507da28eddbb171b9961de0fcdc2e7199c2fec21cac3171b563f0d08cb32c08e6c28d00346ab5931f9e71b9a8bb171c863072bd31a686acd82f728d71868baca33271b9f61de0fcdc2e78ad84c86e6f3cb271b5c3f0d08cb32d08e6c28e00346ab5940f9e71b928bb171c863072bdb1a686acd830728df1868baca33171b9761de0fcdc2f78ad0644719fc1b571b543f0d08cb32c08e6c28f00346adf56
15052729,313.92,2026-09-25T02:41:57.920000+00:00,DP0SNX,CQ,146,0,86A240404040E088A060A69CB06103F02700E69118000864E69100736AB5DF78821CDA99303FC280000000000001CDA9B5ABA628000000000000029600000C02222668013210119634300506104658D4C2C0A46462CF362108326FF11AB03C7200683DE485670462006A3EE683E782B734FF28FB3AF8028FE20068406480F3800A0067C06380F28069A300028B0060F02FA6,2700e69118000864e69100736ab5df78821cda99303fc280000000000001cda9b5aba628000000000000029600000c02222668013210119634300506104658d4c2c0a46462cf362108326ff11ab03c7200683de485670462006a3ee683e782b734ff28fb3af8028fe20068406480f3800a0067c06380f28069a300028b0060f02fa6
15052729,315.186,2026-09-25T02:41:59.186000+00:00,DP0SNX,CQ,271,0,86A240404040E088A060A69CB06103F02706E8ED1829B372BD01A686ACD83178A107A7321E55B471B9C61DE0FCDC2F729552414FFCAF2F71B593F0D08CB33008E6C29400346AB599AF9E7191A8F3178C843172BD81A686ACD83272BD81D1A19C9E3371B9461DE0FCDC2F7891957C595F32B371B513F0D08CB32F08E6C29500346AB59A9F9E719198F3178C842F72BD71A686ACD83172BD71D1A19C9E3171B9361DE0FCDC2F7199841D765EF73071B503F0D08CB32D08E6C29600346AB59B8F9E719198F3178C842E72BD71A686ACD82F72BD71D1A19C9E2F71B9361DE0FCDC2E7199841D765EF72E71B503F0D08CB32C08E6C29700346AB59C7F9E719188F3178C842C72BD61A686ACD82E72BDF9C3,2706e8ed1829b372bd01a686acd83178a107a7321e55b471b9c61de0fcdc2f729552414ffcaf2f71b593f0d08cb33008e6c29400346ab599af9e7191a8f3178c843172bd81a686acd83272bd81d1a19c9e3371b9461de0fcdc2f7891957c595f32b371b513f0d08cb32f08e6c29500346ab59a9f9e719198f3178c842f72bd71a686acd83172bd71d1a19c9e3171b9361de0fcdc2f7199841d765ef73071b503f0d08cb32d08e6c29600346ab59b8f9e719198f3178c842e72bd71a686acd82f72bd71d1a19c9e2f71b9361de0fcdc2e7199841d765ef72e71b503f0d08cb32c08e6c29700346ab59c7f9e719188f3178c842c72bd61a686acd82e72bdf9c3
15052729,315.561,2026-09-25T02:41:59.561000+00:00,DP0SNX,CQ,271,0,86A240404040E088A060A69CB06103F02706E9EE181E61D1A19C9E2E71B9261DE0FCDC2D7199741D765EF72D71B5F3F0D08CB32A08E6C29800346AB59D6F9E719178F3178C842B72BD51A686ACD82C72BD51D1A19C9E2D71B9161DE0FCDC2C7199641D765EF72B71B5E3F0D08CB32A08E6C29900346AB59E5F9E719148F3178C842A72BD21A686ACD82A72BD21D1A19C9E2C71B9E61DE0FCDC2B7199341D765EF72A71B5B3F0D08CB32908E6C29A00346AB59F4F9E7191F8F3178C842872BDD1A686ACD82A72BDD1D1A19C9E2B71B9961DE0FCDC2A7291E6D96E5FD6A971B563F0D08CB32708E6C29B00346AB5A03F9E719128F3178C842972BD01A686ACD82A78B1764D4C2F1CAD71B9C61DE08FF1,2706e9ee181e61d1a19c9e2e71b9261de0fcdc2d7199741d765ef72d71b5f3f0d08cb32a08e6c29800346ab59d6f9e719178f3178c842b72bd51a686acd82c72bd51d1a19c9e2d71b9161de0fcdc2c7199641d765ef72b71b5e3f0d08cb32a08e6c29900346ab59e5f9e719148f3178c842a72bd21a686acd82a72bd21d1a19c9e2c71b9e61de0fcdc2b7199341d765ef72a71b5b3f0d08cb32908e6c29a00346ab59f4f9e7191f8f3178c842872bdd1a686acd82a72bdd1d1a19c9e2b71b9961de0fcdc2a7291e6d96e5fd6a971b563f0d08cb32708e6c29b00346ab5a03f9e719128f3178c842972bd01a686acd82a78b1764d4c2f1cad71b9c61de08ff1
15052729,315.92,2026-09-25T02:41:59.920000+00:00,DP0SNX,CQ,146,1,86A240404040E088A060A69CB06103F02700EA9218000864E69200736AB5DF7A821CDA9B303FC280000000000001CDA9D5ABA628000000000000029600000C02222668013210119634500506104658D5C2C0A46462D1B62108326FF09AB03C720068BBE488E707E2006A3EE603E782B7347F28FB3B18028FE2006840648073000A0067406380F28069A300028B0060F00BCB,2700ea9218000864e69200736ab5df7a821cda9b303fc280000000000001cda9d5aba628000000000000029600000c02222668013210119634500506104658d5c2c0a46462d1b62108326ff09ab03c720068bbe488e707e2006a3ee603e782b7347f28fb3b18028fe2006840648073000a0067406380f28069a300028b0060f00bcb
15052729,316.836,2026-09-25T02:42:00.836000+00:00,DP0SNX,CQ,271,1,86A240404040E088A060A69CB06103F02706EBEF1813FCDC2A72A5518A827CB62B71B593F0D08CB32808E6C29C00346AB5A12F9E719158F3178C842972BD31A686ACD82A78B1A266AB7D05AD71B9F61DE0FCDC2A78B982F4568DA3AD71B5C3F0D08CB32808E6C29D00346AB5A21F9E719198F3178C84297191735C39ECD22D71BDE396CCBCA22D71B9361DE0FCDC2B78B9C55126AD0FB071B503F0D08CB32708E6C29E00346AB5A30F9E7191C8F3178C842A78A18394902E96B071BD1396CCBCA22C71B9661DE0FCDC2D78B5F8CA19DCC03371B533F0D08CB32708E6C29F00346AB5A3FF9E719118F3178C842A7199468B361E5D3178A1C699B49F27AD71B9B61DE0FCDC2E71A1089F18ACAD3245BF,2706ebef1813fcdc2a72a5518a827cb62b71b593f0d08cb32808e6c29c00346ab5a12f9e719158f3178c842972bd31a686acd82a78b1a266ab7d05ad71b9f61de0fcdc2a78b982f4568da3ad71b5c3f0d08cb32808e6c29d00346ab5a21f9e719198f3178c84297191735c39ecd22d71bde396ccbca22d71b9361de0fcdc2b78b9c55126ad0fb071b503f0d08cb32708e6c29e00346ab5a30f9e7191c8f3178c842a78a18394902e96b071bd1396ccbca22c71b9661de0fcdc2d78b5f8ca19dcc03371b533f0d08cb32708e6c29f00346ab5a3ff9e719118f3178c842a7199468b361e5d3178a1c699b49f27ad71b9b61de0fcdc2e71a1089f18acad3245bf
15052729,317.189,2026-09-25T02:42:01.189000+00:00,DP0SNX,CQ,91,0,86A240404040E088A060A69CB06103F02702ECC718000BB6C150003C6AB5DF7BBCF401A0D670F62500F001A0D670F61C00946B60DF8A21100FA7408BFFA4700BFF966644A701AA575C969419770185F3BC4B2748F8314247C051A7,2702ecc718000bb6c150003c6ab5df7bbcf401a0d670f62500f001a0d670f61c00946b60df8a21100fa7408bffa4700bff966644a701aa575c969419770185f3bc4b2748f8314247c051a7
15052729,317.412,2026-09-25T02:42:01.412000+00:00,DP0SNX,CQ,271,1,86A240404040E088A060A69CB06103F02706EDF0180871B583F0D08CB32708E6C2A000346AB5A4EF9E71A14D20AC8D77AD7199768B361E5D3071B1F493298CCD2E71B9E61DE0FCDC2D71B5DAD1D71D22B171B5B3F0D08CB32A08E6C2A100346AB5A5DF9E78A95D9BAFDCDA2D78A9D8FF21BD503178B178BEB2FF4BAE71B9161DE0FCDC2E719D058D205CB73271B5E3F0D08CB32A08E6C2A200346AB5A6CF9E7189DA78DF6CB72E78A928FF21BD503072B1C20B57DCB62E71BD6227665D37AF7895ED35640DCEB271B533F0D08CB32B08E6C2A300346AB5A7BF9E72A92D293ECC8C2F7899E37F424D5F3172959E35993CC82F72A961FB5DCCD02F71892374BEFD46B1718D8A2A1E5CB12E08E6C2C2A5,2706edf0180871b583f0d08cb32708e6c2a000346ab5a4ef9e71a14d20ac8d77ad7199768b361e5d3071b1f493298ccd2e71b9e61de0fcdc2d71b5dad1d71d22b171b5b3f0d08cb32a08e6c2a100346ab5a5df9e78a95d9bafdcda2d78a9d8ff21bd503178b178beb2ff4bae71b9161de0fcdc2e719d058d205cb73271b5e3f0d08cb32a08e6c2a200346ab5a6cf9e7189da78df6cb72e78a928ff21bd503072b1c20b57dcb62e71bd6227665d37af7895ed35640dceb271b533f0d08cb32b08e6c2a300346ab5a7bf9e72a92d293ecc8c2f7899e37f424d5f3172959e35993cc82f72a961fb5dccd02f71892374befd46b1718d8a2a1e5cb12e08e6c2c2a5
15052729,317.786,2026-09-25T02:42:01.786000+00:00,DP0SNX,CQ,271,0,86A240404040E088A060A69CB06103F02706EEF11838A400346AB5A8AF9E72A99D293ECC8C2F78ADE64AB7EEFC3271B926F5DEAD463072B5D2724E1CD62F719586F3BDDEEBB1718DFA2A1E5CB12E08E6C2A500346AB5A99F9E71ADE5961DBC843078A171A7886CD731718D6450D61CA03172B542724E1CD62F7199F868353E7AB0718D6A2A1E5CB12F08E6C2A600346AB5AA8F9E71AD45961DBC842F7281B1A7886CD73271ADC4526B3EFBB172B5A2724E1CD63072854255B26CAF34718DCA2A1E5CB12D08E6C2A700346AB5AB7F9E71ADC5961DBC8430728131A7886CD73171AD446294DF03B272B522724E1CD62F72B5C255B26CAF34718D4A2A1E5CB12E08E6C2A800346AB5AC6F9E71AD35592E,2706eef11838a400346ab5a8af9e72a99d293ecc8c2f78ade64ab7eefc3271b926f5dead463072b5d2724e1cd62f719586f3bddeebb1718dfa2a1e5cb12e08e6c2a500346ab5a99f9e71ade5961dbc843078a171a7886cd731718d6450d61ca03172b542724e1cd62f7199f868353e7ab0718d6a2a1e5cb12f08e6c2a600346ab5aa8f9e71ad45961dbc842f7281b1a7886cd73271adc4526b3efbb172b5a2724e1cd63072854255b26caf34718dca2a1e5cb12d08e6c2a700346ab5ab7f9e71adc5961dbc8430728131a7886cd73171ad446294df03b272b522724e1cd62f72b5c255b26caf34718d4a2a1e5cb12e08e6c2a800346ab5ac6f9e71ad35592e
15052729,318.145,2026-09-25T02:42:02.145000+00:00,DP0SNX,CQ,146,0,86A240404040E088A060A69CB06103F02700EF9318000864E69300736AB5DF7C821CDA9D303FC280000000000001CDA9F5ABA628000000000000029600000C02222668013210119634900506104658D542C0A46462D1F62108326FF0FAB03C720068BDE405670462006A3EE603E802B734FF28FB3B18028FE20068C0648073000A0067C06380F28069A300028B0060F0AB8E,2700ef9318000864e69300736ab5df7c821cda9d303fc280000000000001cda9f5aba628000000000000029600000c02222668013210119634900506104658d542c0a46462d1f62108326ff0fab03c720068bde405670462006a3ee603e802b734ff28fb3b18028fe20068c0648073000a0067c06380f28069a300028b0060f0ab8e
15052729,319.436,2026-09-25T02:42:03.436000+00:00,DP0SNX,CQ,271,0,86A240404040E088A060A69CB06103F02706F1F31822D73172A1E1BF6E5CDD3272B5C2724E1CD62F7185034694FE5132718DEA2A1E5CB12D08E6C2AD00346AB5B11F9E71AD75961DBC842F7281E1A7886CD72F72A1F1BF6E5CDD3072B5D2724E1CD62E7185134694FE512E718DFA2A1E5CB12D08E6C2AE00346AB5B20F9E71AD85961DBC842D7281F1A7886CD72D72A101BF6E5CDD2F72B5E2724E1CD62D7185234694FE512C718D0A2A1E5CB12C08E6C2AF00346AB5B2FF9E71AD75961DBC842B7281E1A7886CD72C72A1F1BF6E5CDD2E72B5D2724E1CD62C7185134694FE512A718DFA2A1E5CB12B08E6C2B000346AB5B3EF9E71AD45961DBC842A7281B1A7886CD72B72A1C1BF6E5CDD2D721470,2706f1f31822d73172a1e1bf6e5cdd3272b5c2724e1cd62f7185034694fe5132718dea2a1e5cb12d08e6c2ad00346ab5b11f9e71ad75961dbc842f7281e1a7886cd72f72a1f1bf6e5cdd3072b5d2724e1cd62e7185134694fe512e718dfa2a1e5cb12d08e6c2ae00346ab5b20f9e71ad85961dbc842d7281f1a7886cd72d72a101bf6e5cdd2f72b5e2724e1cd62d7185234694fe512c718d0a2a1e5cb12c08e6c2af00346ab5b2ff9e71ad75961dbc842b7281e1a7886cd72c72a1f1bf6e5cdd2e72b5d2724e1cd62c7185134694fe512a718dfa2a1e5cb12b08e6c2b000346ab5b3ef9e71ad45961dbc842a7281b1a7886cd72b72a1c1bf6e5cdd2d721470
15052729,320.17,2026-09-25T02:42:04.170000+00:00,DP0SNX,CQ,146,0,86A240404040E088A060A69CB06103F02700F39418000864E69400736AB5DF7E821CDA9F303FC280000000000001CDAA15ABA628000000000000029600000C02222668013210119634300506104658D6C2C0A46462C7B62108326FF0DAB03C720068BDE484E704E20069BE6603E802B734FF28FB3B18028FE20067C0640073800A0067C06380F28069A300028B0060F05320,2700f39418000864e69400736ab5df7e821cda9f303fc280000000000001cdaa15aba628000000000000029600000c02222668013210119634300506104658d6c2c0a46462c7b62108326ff0dab03c720068bde484e704e20069be6603e802b734ff28fb3b18028fe20067c0640073800a0067c06380f28069a300028b0060f05320
15052729,321.836,2026-09-25T02:42:05.836000+00:00,DP0SNX,CQ,271,0,86A240404040E088A060A69CB06103F02706F6F718319E7189F5A51D7C882E71ADC33C71EE5D3471B5D1ED8EAD20B2728DB3173FACDE30789D62DC73BE14B57281C1FA59FCB32E08E6C2BE00346AB5C10F9E718965A51D7C882F71AD333C71EE5D3571B541C3889CFBB2728D23173FACDE30789DD30979CE42B7728131FA59FCB32E08E6C2BF00346AB5C1FF9E7189C5A51D7C882F71AD933C71EE5D3571B5A20581CD4FB3728D83173FACDE31789D32AA80BDF5B7728191FA59FCB32E08E6C2C000346AB5C2EF9E718945A51D7C882F71AD133C71EE5D3471B522297DFD77B3728D03173FACDE31789DB282849DCFB8728111FA59FCB32E08E6C2C100346AB5C3DF9E7189B5A51D7C883071ADEB8A,2706f6f718319e7189f5a51d7c882e71adc33c71ee5d3471b5d1ed8ead20b2728db3173facde30789d62dc73be14b57281c1fa59fcb32e08e6c2be00346ab5c10f9e718965a51d7c882f71ad333c71ee5d3571b541c3889cfbb2728d23173facde30789dd30979ce42b7728131fa59fcb32e08e6c2bf00346ab5c1ff9e7189c5a51d7c882f71ad933c71ee5d3571b5a20581cd4fb3728d83173facde31789d32aa80bdf5b7728191fa59fcb32e08e6c2c000346ab5c2ef9e718945a51d7c882f71ad133c71ee5d3471b522297dfd77b3728d03173facde31789db282849dcfb8728111fa59fcb32e08e6c2c100346ab5c3df9e7189b5a51d7c883071adeb8a
15052729,322.195,2026-09-25T02:42:06.195000+00:00,DP0SNX,CQ,146,2,86A240404040E088A060A69CB06103F02700F79518000864E69500736AB5DF80821CDAA1303FC280000000000001CDAA35ABA628000000000000029600000C02222668013210119634300506104658D642C0A46475403620E9326FF03AB03C7200683DE4856704E20069BEE583E802B734FF28FB3B18028FE20067C0640073800A0067C06380F28069A300028B0060F05D62,2700f79518000864e69500736ab5df80821cdaa1303fc280000000000001cdaa35aba628000000000000029600000c02222668013210119634300506104658d642c0a46475403620e9326ff03ab03c7200683de4856704e20069bee583e802b734ff28fb3b18028fe20067c0640073800a0067c06380f28069a300028b0060f05d62
15052729,324.195,2026-09-25T02:42:08.195000+00:00,DP0SNX,CQ,146,0,86A240404040E088A060A69CB06103F02700FB9618000864E69600736AB5DF82821CDAA3303FC280000000000001CDAA55ABA628000000000000029600000C02222668013210119634100506104658D642C0A464754C7620E9326FF07AB03C7200683BE408E687620069BEE603E802B734FF28FB3AF8028FE2006840648073000A0067C06380F28069A300028B0060F0FD4E,2700fb9618000864e69600736ab5df82821cdaa3303fc280000000000001cdaa55aba628000000000000029600000c02222668013210119634100506104658d642c0a464754c7620e9326ff07ab03c7200683be408e687620069bee603e802b734ff28fb3af8028fe2006840648073000a0067c06380f28069a300028b0060f0fd4e
15052729,325.111,2026-09-25T02:42:09.111000+00:00,DP0SNX,CQ,271,0,86A240404040E088A060A69CB06103F02706FCFB1805FA59FCB32B08E6C2CE00346AB5D00F9E718975A51D7C882D71AD433C71EE5D3372B9817F793CA32F728D33173FACDE3078BDA6BF816FE5B8728141FA59FCB32B08E6C2CF00346AB5D0FF9E7189F5A51D7C882E71ADC33C71EE5D3372B9017F793CA330728DB3173FACDE3178BD24D1877F52B97281C1FA59FCB32C08E6C2D000346AB5D1EF9E718955A51D7C882F71AD233C71EE5D3472B9617F793CA331728D13173FACDE3278BD84C57D0F50BA728121FA59FCB32C08E6C2D100346AB5D2DF9E7189C5A51D7C883071AD933C71EE5D3572B9D17F793CA331728D83173FACDE3378BDF435733EFFBB728191FA59FCB32D08E6C2D200341EFF,2706fcfb1805fa59fcb32b08e6c2ce00346ab5d00f9e718975a51d7c882d71ad433c71ee5d3372b9817f793ca32f728d33173facde3078bda6bf816fe5b8728141fa59fcb32b08e6c2cf00346ab5d0ff9e7189f5a51d7c882e71adc33c71ee5d3372b9017f793ca330728db3173facde3178bd24d1877f52b97281c1fa59fcb32c08e6c2d000346ab5d1ef9e718955a51d7c882f71ad233c71ee5d3472b9617f793ca331728d13173facde3278bd84c57d0f50ba728121fa59fcb32c08e6c2d100346ab5d2df9e7189c5a51d7c883071ad933c71ee5d3572b9d17f793ca331728d83173facde3378bdf435733effbb728191fa59fcb32d08e6c2d200341eff
15052729,325.486,2026-09-25T02:42:09.486000+00:00,DP0SNX,CQ,271,1,86A240404040E088A060A69CB06103F02706FDFC18356AB5D3CF9E718955A51D7C883171AD233C71EE5D36728D61A5974CA3B2728D13173FACDE3378BD839C6A4E8BBB728121FA59FCB32E08E6C2D300346AB5D4BF9E7189F5A51D7C883171ADC33C71EE5D37728D022B9EAD20B3728DB3173FACDE3478BD22D8637DD9BC7281C1FA59FCB32F08E6C2D400346AB5D5AF9E7189B5A51D7C883271AD833C71EE5D38728DC31A992E1FB5728D73173FACDE347885B1E2696CF53B728181FA59FCB33008E6C2D500346AB5D69F9E718955A51D7C883271AD233C71EE5D38728D649C87AF3AB6728D13173FACDE34729D219C6F9CB33A728121FA59FCB33008E6C2D600346AB5D78F9E7189F5A51D7CAB82,2706fdfc18356ab5d3cf9e718955a51d7c883171ad233c71ee5d36728d61a5974ca3b2728d13173facde3378bd839c6a4e8bbb728121fa59fcb32e08e6c2d300346ab5d4bf9e7189f5a51d7c883171adc33c71ee5d37728d022b9ead20b3728db3173facde3478bd22d8637dd9bc7281c1fa59fcb32f08e6c2d400346ab5d5af9e7189b5a51d7c883271ad833c71ee5d38728dc31a992e1fb5728d73173facde347885b1e2696cf53b728181fa59fcb33008e6c2d500346ab5d69f9e718955a51d7c883271ad233c71ee5d38728d649c87af3ab6728d13173facde34729d219c6f9cb33a728121fa59fcb33008e6c2d600346ab5d78f9e7189f5a51d7cab82
15052729,325.845,2026-09-25T02:42:09.845000+00:00,DP0SNX,CQ,146,0,86A240404040E088A060A69CB06103F02700FE9718000864E69700736AB5DF84821CDAA5303FC280000000000001CDAA75ABA628000000000000029600000C02222668013210119634700506104658D6C2C0A46475423620E9326FF05AB03C720068BDE485670462006A3EE603E802B734FF28FB3AF8028FE2006840648073800A0067C06380F28069A300028B0060F09CF6,2700fe9718000864e69700736ab5df84821cdaa5303fc280000000000001cdaa75aba628000000000000029600000c02222668013210119634700506104658d6c2c0a46475423620e9326ff05ab03c720068bde485670462006a3ee603e802b734ff28fb3af8028fe2006840648073800a0067c06380f28069a300028b0060f09cf6
15052729,326.738,2026-09-25T02:42:10.738000+00:00,DP0SNX,CQ,82,0,86A240404040E088A060A69CB06103F02702FFC8180008C8E1D300336AB5DF849E4D0001A01A7E5273DD3468F9654523EC7C8886677DA77FD77FFF7FF07FFF7FFF7FFF1A57A6B287347FFF7FFF7FFF3F90D3,2702ffc8180008c8e1d300336ab5df849e4d0001a01a7e5273dd3468f9654523ec7c8886677da77fd77fff7ff07fff7fff7fff1a57a6b287347fff7fff7fff3f90d3
15052729,326.935,2026-09-25T02:42:10.935000+00:00,DP0SNX,CQ,63,0,86A240404040E088A060A69CB06103F0270200C9180008D2C28900206AB5DF859E000000020000000000000000000000000000000000000000000000003AE4,270200c9180008d2c28900206ab5df859e000000020000000000000000000000000000000000000000000000003ae4
15052729,327.507,2026-09-25T02:42:11.507000+00:00,DP0SNX,CQ,232,0,86A240404040E088A060A69CB06103F0270602FE181F81518E8FECA234728D93173FACDE3471B983BF7FCEC5377281A1FA59FCB32F08E6C2DB00346AB5DC3F9E7189E5A51D7C883171ADB33C71EE5D337281618E8FECA233728DA3173FACDE3371B993BF7FCEC5337281B1FA59FCB32F08E6C2DC00346AB5DD2F9E7189F5A51D7C883071ADC33C71EE5D317281718E8FECA231728DB3173FACDE3171B9A3BF7FCEC5307281C1FA59FCB32E08E6C2DD00346AB5DE1F9E7189F5A51D7C882F71ADC33C71EE5D3078B5718E8FECA231728DB3173FACDE3071B9A3BF7FCEC52E7899C1FA59FCB32D8849,270602fe181f81518e8feca234728d93173facde3471b983bf7fcec5377281a1fa59fcb32f08e6c2db00346ab5dc3f9e7189e5a51d7c883171adb33c71ee5d337281618e8feca233728da3173facde3371b993bf7fcec5337281b1fa59fcb32f08e6c2dc00346ab5dd2f9e7189f5a51d7c883071adc33c71ee5d317281718e8feca231728db3173facde3171b9a3bf7fcec5307281c1fa59fcb32e08e6c2dd00346ab5de1f9e7189f5a51d7c882f71adc33c71ee5d3078b5718e8feca231728db3173facde3071b9a3bf7fcec52e7899c1fa59fcb32d8849
15052729,327.846,2026-09-25T02:42:11.846000+00:00,DP0SNX,CQ,146,0,86A240404040E088A060A69CB06103F02700039818000864E69800736AB5DF86821CDAA7303FC280000000000001CDAA95ABA628000000000000029600000C02222668013210119634100506104658D5C2C0A4647544F5C109326FF05AB03C7200683DE4856704E20069BEE603E802B734FF28FB3B18028FE2006840648073000A0067406380F28069A300028B0060F041DE,2700039818000864e69800736ab5df86821cdaa7303fc280000000000001cdaa95aba628000000000000029600000c02222668013210119634100506104658d5c2c0a4647544f5c109326ff05ab03c7200683de4856704e20069bee603e802b734ff28fb3b18028fe2006840648073000a0067406380f28069a300028b0060f041de
15052729,328.988,2026-09-25T02:42:12.988000+00:00,DP0SNX,CQ,83,0,86A240404040E088A060A69CB06103F0270205CB180008E6C2DE00346AB5DF879E718915A51D7C882C71ADE33C71EE5D2E78BD918E8FECA22F728DD3173FACDE2E71B9C3BF7FCEC52B7885E1FA59FCB32DA2BA,270205cb180008e6c2de00346ab5df879e718915a51d7c882c71ade33c71ee5d2e78bd918e8feca22f728dd3173facde2e71b9c3bf7fcec52b7885e1fa59fcb32da2ba
15052729,329.847,2026-09-25T02:42:13.847000+00:00,DP0SNX,CQ,146,0,86A240404040E088A060A69CB06103F02700069918000864E69900736AB5DF88821CDAA9303FC280000000000001CDAAB5ABA628000000000000029600000C02222668013210119633D00506104658D4C2C0A464754D75C109326FF05AB03C720068BDE4856704E20069BEE603E802B734FF28FB3B10028FE2006840648073008A0067C06380F28069A300028B0060F07007,2700069918000864e69900736ab5df88821cdaa9303fc280000000000001cdaab5aba628000000000000029600000c02222668013210119633d00506104658d4c2c0a464754d75c109326ff05ab03c720068bde4856704e20069bee603e802b734ff28fb3b10028fe2006840648073008a0067c06380f28069a300028b0060f07007
15052729,331.847,2026-09-25T02:42:15.847000+00:00,DP0SNX,CQ,146,1,86A240404040E088A060A69CB06103F02700079A18000864E69A00736AB5DF8A821CDAAB303FC280000000000001CDAAD5ABA628000000000000029600000C02222668013210119634500506104658D442C0A464755675C109326FF17AB03C7200683DE485670462006A3E6603E802B7347F28FB3B18028FE20067C0640073000A0067406380F28069A300028B0060F0F7A4,2700079a18000864e69a00736ab5df8a821cdaab303fc280000000000001cdaad5aba628000000000000029600000c02222668013210119634500506104658d442c0a464755675c109326ff17ab03c7200683de485670462006a3e6603e802b7347f28fb3b18028fe20067c0640073000a0067406380f28069a300028b0060f0f7a4
15052729,333.847,2026-09-25T02:42:17.847000+00:00,DP0SNX,CQ,146,0,86A240404040E088A060A69CB06103F02700089B18000864E69B00736AB5DF8C821CDAAD303FC280000000000001CDAAF5ABA628000000000000029600000C02222668013210119634300506104658D542C0A464755D75C109326FF0DAB03C720068BDE485670562006A3E6603E802B734FF28FB3AF8028FE20067C0640073000A0067C06380F28069A300028B0060F0B4C5,2700089b18000864e69b00736ab5df8c821cdaad303fc280000000000001cdaaf5aba628000000000000029600000c02222668013210119634300506104658d542c0a464755d75c109326ff0dab03c720068bde485670562006a3e6603e802b734ff28fb3af8028fe20067c0640073000a0067c06380f28069a300028b0060f0b4c5
15052729,335.847,2026-09-25T02:42:19.847000+00:00,DP0SNX,CQ,146,0,86A240404040E088A060A69CB06103F02700099C18000864E69C00736AB5DF8E821CDAAF303FC280000000000001CDAB15ABA628000000000000029600000C02222668013210119634500506104658D442C0A464755435C109326FF09AB03C720068BDE485670462006A3EE603E8033734FF28FB3310028FE2006840648073000A0067C06380F28069A300028B0060F01487,2700099c18000864e69c00736ab5df8e821cdaaf303fc280000000000001cdab15aba628000000000000029600000c02222668013210119634500506104658d442c0a464755435c109326ff09ab03c720068bde485670462006a3ee603e8033734ff28fb3310028fe2006840648073000a0067c06380f28069a300028b0060f01487
15052729,337.847,2026-09-25T02:42:21.847000+00:00,DP0SNX,CQ,146,0,86A240404040E088A060A69CB06103F027000A9D18000864E69D00736AB5DF90821CDAB1303FC280000000000001CDAB35ABA628000000000000029600000C02222668013210119634100506104658D3C2C0A464755CB5C109326FF07AB03C7200683DE4856704E2006A3EE683E802B7347F28FB3318028FE2006840648073000A0067C06380F28069A300028B0060F07013,27000a9d18000864e69d00736ab5df90821cdab1303fc280000000000001cdab35aba628000000000000029600000c02222668013210119634100506104658d3c2c0a464755cb5c109326ff07ab03c7200683de4856704e2006a3ee683e802b7347f28fb3318028fe2006840648073000a0067c06380f28069a300028b0060f07013
15052729,339.847,2026-09-25T02:42:23.847000+00:00,DP0SNX,CQ,146,0,86A240404040E088A060A69CB06103F027000B9E18000864E69E00736AB5DF92821CDAB3303FC280000000000001CDAB55ABA628000000000000029600000C02222668013210119634700506104658D542C0A4647553F5C109326FF0FAB03C7200683C6408E70762006A3EE603E8033734FF28FB3B10028FE20067C06400F3800A0067C06380F28069A300028B0060F0DE0A,27000b9e18000864e69e00736ab5df92821cdab3303fc280000000000001cdab55aba628000000000000029600000c02222668013210119634700506104658d542c0a4647553f5c109326ff0fab03c7200683c6408e70762006a3ee603e8033734ff28fb3b10028fe20067c06400f3800a0067c06380f28069a300028b0060f0de0a
15052729,340.763,2026-09-25T02:42:24.763000+00:00,DP0SNX,CQ,271,0,86A240404040E088A060A69CB06103F027020CCC1800087AC65B006C6AB5DF929EFFFC00000001FDFC000000000000000F7FC00000001FDFC00000000000000000000000000000000000000000000000000000000000000000000000000000000CC00033000CD00000F000000000000000000000000000000000000000000000F1A880003E6A2000000990DC03002B6AB5DF929EFF8D8C888C8F8B76FF80FF858B8B8B747879808FFFFF56597778728FFFFF5457596039AC29A5C0092CDC9000416AB5DF929ECBFF9C9CCBFF9C81CBFF9D9DFFFF9D8281818149BABA9C82828249B9B99C11FF060223FF010013FF0402FFFF0100FF0000FF00000080007F80000000400878EDAB004C6AB5DF92264C,27020ccc1800087ac65b006c6ab5df929efffc00000001fdfc000000000000000f7fc00000001fdfc00000000000000000000000000000000000000000000000000000000000000000000000000000000cc00033000cd00000f000000000000000000000000000000000000000000000f1a880003e6a2000000990dc03002b6ab5df929eff8d8c888c8f8b76ff80ff858b8b8b747879808fffff56597778728fffff5457596039ac29a5c0092cdc9000416ab5df929ecbff9c9ccbff9c81cbff9d9dffff9d8281818149baba9c82828249b9b99c11ff060223ff010013ff0402ffff0100ff0000ff00000080007f80000000400878edab004c6ab5df92264c
15052729,341.118,2026-09-25T02:42:25.118000+00:00,DP0SNX,CQ,121,0,86A240404040E088A060A69CB06103F027020DCD18499E0000000000000080000000000000000000000000000000800000000000000000003200000000000000000000000000000000000000000000000000000000000000090000000000000882C04300116AB5DF939E81A0D671526B000070B64E8F233639,27020dcd18499e0000000000000080000000000000000000000000000000800000000000000000003200000000000000000000000000000000000000000000000000000000000000090000000000000882c04300116ab5df939e81a0d671526b000070b64e8f233639
15052729,341.847,2026-09-25T02:42:25.847000+00:00,DP0SNX,CQ,146,0,86A240404040E088A060A69CB06103F027000E9F18000864E69F00736AB5DF94821CDAB5303FC280000000000001CDAB75ABA628000000000000029600000C02222668013210119634B00506104658D4C2C0A464755C75C109326FF0BAB03C720068BDE485E704E2006A3EE603E782B7347F28FB3B10028FE2006840648073000A0067C06380F28069A300028B0060F08A63,27000e9f18000864e69f00736ab5df94821cdab5303fc280000000000001cdab75aba628000000000000029600000c02222668013210119634b00506104658d4c2c0a464755c75c109326ff0bab03c720068bde485e704e2006a3ee603e782b7347f28fb3b10028fe2006840648073000a0067c06380f28069a300028b0060f08a63
15052729,343.847,2026-09-25T02:42:27.847000+00:00,DP0SNX,CQ,146,0,86A240404040E088A060A69CB06103F027000FA018000864E6A000736AB5DF96821CDAB7303FC280000000000001CDAB95ABA628000000000000029600000C02222668013210119634700506104658D6C2C0A4647556B5C109326FF0BAB03C720068BDE405E704E2006A3EE603E80337347F28FB3310028FE2006840648073000A0067C06380F28069A300028B0060F032EE,27000fa018000864e6a000736ab5df96821cdab7303fc280000000000001cdab95aba628000000000000029600000c02222668013210119634700506104658d6c2c0a4647556b5c109326ff0bab03c720068bde405e704e2006a3ee603e80337347f28fb3310028fe2006840648073000a0067c06380f28069a300028b0060f032ee
15052729,345.847,2026-09-25T02:42:29.847000+00:00,DP0SNX,CQ,146,0,86A240404040E088A060A69CB06103F0270010A118000864E6A100736AB5DF98821CDAB9303FC280000000000001CDABB5ABA628000000000000029600000C02222668013210119634B00506104658D4C2C0A464755BF5C109326FF09AB03C7200683DE4856704E2006A3EE603E802B7347F28FB3310028FE2006840648073000A0067C06380F28069A300028B0060F0D144,270010a118000864e6a100736ab5df98821cdab9303fc280000000000001cdabb5aba628000000000000029600000c02222668013210119634b00506104658d4c2c0a464755bf5c109326ff09ab03c7200683de4856704e2006a3ee603e802b7347f28fb3310028fe2006840648073000a0067c06380f28069a300028b0060f0d144
15052729,347.847,2026-09-25T02:42:31.847000+00:00,DP0SNX,CQ,146,0,86A240404040E088A060A69CB06103F0270011A218000864E6A200736AB5DF9A821CDABB303FC280000000000001CDABD5ABA628000000000000029600000C02222668013210119634B00506104658D442C0A464755FF5C109326FF09AB03C720068BBE408E68762006A3EE683E782B7347F28FB3B10028FE2006840648073800A0067406380F28069A300028B0060F06F98,270011a218000864e6a200736ab5df9a821cdabb303fc280000000000001cdabd5aba628000000000000029600000c02222668013210119634b00506104658d442c0a464755ff5c109326ff09ab03c720068bbe408e68762006a3ee683e782b7347f28fb3b10028fe2006840648073800a0067406380f28069a300028b0060f06f98
15052729,349.847,2026-09-25T02:42:33.847000+00:00,DP0SNX,CQ,146,1,86A240404040E088A060A69CB06103F0270012A318000864E6A300736AB5DF9C821CDABD303FC280000000000001CDABF5ABA628000000000000029600000C02222668013210119634F00506104658D3C2C0A4647560F5C109326FF09AB03C720068BDE4056704E2006A3EE603E80337347F28FB3310028FE2006840648073000A0067C06380F28069A300028B0060F0D9BE,270012a318000864e6a300736ab5df9c821cdabd303fc280000000000001cdabf5aba628000000000000029600000c02222668013210119634f00506104658d3c2c0a4647560f5c109326ff09ab03c720068bde4056704e2006a3ee603e80337347f28fb3310028fe2006840648073000a0067c06380f28069a300028b0060f0d9be
15052729,351.847,2026-09-25T02:42:35.847000+00:00,DP0SNX,CQ,146,0,86A240404040E088A060A69CB06103F0270013A418000864E6A400736AB5DF9E821CDABF303FC280000000000001CDAC15ABA628000000000000029600000C02222668013210119634900506104658D642C0A4647561F5C109324FF05AB03C720068BDE405E704E2006A3EE603E802B7347F28FB3310028FE2006840648073800A0067406380F28069A300028B0060F0E44E,270013a418000864e6a400736ab5df9e821cdabf303fc280000000000001cdac15aba628000000000000029600000c02222668013210119634900506104658d642c0a4647561f5c109324ff05ab03c720068bde405e704e2006a3ee603e802b7347f28fb3310028fe2006840648073800a0067406380f28069a300028b0060f0e44e
15052729,353.847,2026-09-25T02:42:37.847000+00:00,DP0SNX,CQ,146,0,86A240404040E088A060A69CB06103F0270014A518000864E6A500736AB5DFA0821CDAC1303FC280000000000001CDAC35ABA628000000000000029600000C02222668013210119634700506104658D442C0A464755735C109324FF05AB03C720068BDE4056704620069BEE684680337347F28FB3310028FE2006840648073808A0067C06380F28069A300028B0060F0E462,270014a518000864e6a500736ab5dfa0821cdac1303fc280000000000001cdac35aba628000000000000029600000c02222668013210119634700506104658d442c0a464755735c109324ff05ab03c720068bde4056704620069bee684680337347f28fb3310028fe2006840648073808a0067c06380f28069a300028b0060f0e462
15052729,355.847,2026-09-25T02:42:39.847000+00:00,DP0SNX,CQ,146,0,86A240404040E088A060A69CB06103F0270015A618000864E6A600736AB5DFA2821CDAC3303FC280000000000001CDAC55ABA628000000000000029600000C02222668013210119634B00506104658D642C0A464755D75C109324FF07AB03C720068BBE409670762006A3EE603E802B7347F28FB32F8028FE20067C06400F3800A0067C06400F28069A300028B0060F0E427,270015a618000864e6a600736ab5dfa2821cdac3303fc280000000000001cdac55aba628000000000000029600000c02222668013210119634b00506104658d642c0a464755d75c109324ff07ab03c720068bbe409670762006a3ee603e802b7347f28fb32f8028fe20067c06400f3800a0067c06400f28069a300028b0060f0e427
15052729,356.936,2026-09-25T02:42:40.936000+00:00,DP0SNX,CQ,63,0,86A240404040E088A060A69CB06103F0270217CF180008D2C28A00206AB5DFA39E000000020000000000000000000000000000000000000000000000003FFD,270217cf180008d2c28a00206ab5dfa39e000000020000000000000000000000000000000000000000000000003ffd
15052729,357.847,2026-09-25T02:42:41.847000+00:00,DP0SNX,CQ,146,0,86A240404040E088A060A69CB06103F0270018A718000864E6A700736AB5DFA4821CDAC5303FC280000000000001CDAC75ABA628000000000000029600000C02222668013210119634700506104658D542C0A4647560B5C109324FF07AB03C7200683DE4856704E20069BE6683E802B7347F28FB3310028FE2006840640073000A0067C06380F28069A300028B0060F068E8,270018a718000864e6a700736ab5dfa4821cdac5303fc280000000000001cdac75aba628000000000000029600000c02222668013210119634700506104658d542c0a4647560b5c109324ff07ab03c7200683de4856704e20069be6683e802b7347f28fb3310028fe2006840640073000a0067c06380f28069a300028b0060f068e8
15052729,358.749,2026-09-25T02:42:42.749000+00:00,DP0SNX,CQ,153,1,86A240404040E088A060A69CB06103F0270219D0180008D3C29500206AB5DFA49E00000002000000008080000000000000000000000000000000000000087DC4C900536AB5DFA49E0006FB5249060005FE05FE05FD000004E6000004E6000000000000010B0000000000000000000000000000000000000000000000000000000000A153332DB6000C00000272013900000004000055555526,270219d0180008d3c29500206ab5dfa49e00000002000000008080000000000000000000000000000000000000087dc4c900536ab5dfa49e0006fb5249060005fe05fe05fd000004e6000004e6000000000000010b0000000000000000000000000000000000000000000000000000000000a153332db6000c00000272013900000004000055555526
15052729,359.014,2026-09-25T02:42:43.014000+00:00,DP0SNX,CQ,83,0,86A240404040E088A060A69CB06103F027021AD1180008E6C2DF00346AB5DFA59E718955A51D7C882C71AD233C71EE5D2D78ADD18E8FECA22F728D13173FACDE2E71B903BF7FCEC52B788921FA59FCB32DE277,27021ad1180008e6c2df00346ab5dfa59e718955a51d7c882c71ad233c71ee5d2d78add18e8feca22f728d13173facde2e71b903bf7fcec52b788921fa59fcb32de277
15052729,361.847,2026-09-25T02:42:45.847000+00:00,DP0SNX,CQ,146,0,86A240404040E088A060A69CB06103F027001CA918000864E6A900736AB5DFA8821CDAC9303FC280000000000001CDACB5ABA628000000000000029600000C02222668013210117634100506104658D442C0A464755E75C109324FF03AB03C720068BDE405670462006A3EE603E78337347F28FB3310028FE20068406400F3000A0067C06380F28069A300028B0060F04ABF,27001ca918000864e6a900736ab5dfa8821cdac9303fc280000000000001cdacb5aba628000000000000029600000c02222668013210117634100506104658d442c0a464755e75c109324ff03ab03c720068bde405670462006a3ee603e78337347f28fb3310028fe20068406400f3000a0067c06380f28069a300028b0060f04abf
15052729,363.847,2026-09-25T02:42:47.847000+00:00,DP0SNX,CQ,146,1,86A240404040E088A060A69CB06103F027001DAA18000864E6AA00736AB5DFAA821CDACB303FC280000000000001CDACD5ABA628000000000000029600000C02222668013210117634100506104658D442C0A464756075C109324FF15AB03C7200683C6408E70762006A3EE603E802B7347F28FB3310028FE2006840648073000A0067C06380F28069A300028B0060F0146B,27001daa18000864e6aa00736ab5dfaa821cdacb303fc280000000000001cdacd5aba628000000000000029600000c02222668013210117634100506104658d442c0a464756075c109324ff15ab03c7200683c6408e70762006a3ee603e802b7347f28fb3310028fe2006840648073000a0067c06380f28069a300028b0060f0146b
15052729,365.847,2026-09-25T02:42:49.847000+00:00,DP0SNX,CQ,146,0,86A240404040E088A060A69CB06103F027001EAB18000864E6AB00736AB5DFAC821CDACD303FC280000000000001CDACF5ABA628000000000000029600000C02222668013210117634100506104658D442C0A4647561B5C109324FF1BAB03C7200683DE485678462006A3EE603E802B7347F28FB3310028FE2006840648073000A0067406380F28069A300028B0060F0DDD5,27001eab18000864e6ab00736ab5dfac821cdacd303fc280000000000001cdacf5aba628000000000000029600000c02222668013210117634100506104658d442c0a4647561b5c109324ff1bab03c7200683de485678462006a3ee603e802b7347f28fb3310028fe2006840648073000a0067406380f28069a300028b0060f0ddd5
15052729,367.847,2026-09-25T02:42:51.847000+00:00,DP0SNX,CQ,146,1,86A240404040E088A060A69CB06103F027001FAC18000864E6AC00736AB5DFAE821CDACF303FC280000000000001CDAD15ABA628000000000000029600000C02222668013210117634300506104658D3C2C0A464756335C109324FF0DAB03C720068BDE4856704E2006A3EE603E802B7347F28FB3310028FE2006840648073000A0067406380F28069A300028B0060F0BB9B,27001fac18000864e6ac00736ab5dfae821cdacf303fc280000000000001cdad15aba628000000000000029600000c02222668013210117634300506104658d3c2c0a464756335c109324ff0dab03c720068bde4856704e2006a3ee603e802b7347f28fb3310028fe2006840648073000a0067406380f28069a300028b0060f0bb9b
15052729,369.847,2026-09-25T02:42:53.847000+00:00,DP0SNX,CQ,146,1,86A240404040E088A060A69CB06103F0270020AD18000864E6AD00736AB5DFB0821CDAD1303FC280000000000001CDAD35ABA628000000000000029600000C02222668013210117634500506104658D342C0A464756335C109324FF0DAB03C7200683DE484E704E2006A3EE603E802B6B47F28FB3310028FE2006840648073000A0067C06380F28069A300028B0060F050C4,270020ad18000864e6ad00736ab5dfb0821cdad1303fc280000000000001cdad35aba628000000000000029600000c02222668013210117634500506104658d342c0a464756335c109324ff0dab03c7200683de484e704e2006a3ee603e802b6b47f28fb3310028fe2006840648073000a0067c06380f28069a300028b0060f050c4
15052729,371.095,2026-09-25T02:42:55.095000+00:00,DP0SNX,CQ,121,0,86A240404040E088A060A69CB06103F0270222D318499E0000000000000080000000000000000000000000000000800000000000000000003200000000000000000000000000000000000000000000000000000000000000090000000000000882C04400116AB5DFB19E81A0D671C79F000070B6C3BF2270C1,270222d318499e0000000000000080000000000000000000000000000000800000000000000000003200000000000000000000000000000000000000000000000000000000000000090000000000000882c04400116ab5dfb19e81a0d671c79f000070b6c3bf2270c1
15052729,371.847,2026-09-25T02:42:55.847000+00:00,DP0SNX,CQ,146,1,86A240404040E088A060A69CB06103F0270023AE18000864E6AE00736AB5DFB2821CDAD3303FC280000000000001CDAD55ABA628000000000000029600000C02222668013210117634900506104658D342C0A464755775C109324FF0BAB03C7200683C6488E70762006A3EE603E802B7347F28FB3310028FE20068406480F3008A0067C06380F20069A300028B0060F05319,270023ae18000864e6ae00736ab5dfb2821cdad3303fc280000000000001cdad55aba628000000000000029600000c02222668013210117634900506104658d342c0a464755775c109324ff0bab03c7200683c6488e70762006a3ee603e802b7347f28fb3310028fe20068406480f3008a0067c06380f20069a300028b0060f05319
15052729,373.847,2026-09-25T02:42:57.847000+00:00,DP0SNX,CQ,146,0,86A240404040E088A060A69CB06103F0270024AF18000864E6AF00736AB5DFB4821CDAD5303FC280000000000001CDAD75ABA628000000000000029600000C02222668013210117634500506104658D442C0A4647557B5C109324FF01AB03C7200683DE4856704E2006A3EE683E802B6B47F28FB3310028FE2006840640073000A0067C06380F20069A300028B0060F0A23A,270024af18000864e6af00736ab5dfb4821cdad5303fc280000000000001cdad75aba628000000000000029600000c02222668013210117634500506104658d442c0a4647557b5c109324ff01ab03c7200683de4856704e2006a3ee683e802b6b47f28fb3310028fe2006840640073000a0067c06380f20069a300028b0060f0a23a
15052729,375.848,2026-09-25T02:42:59.848000+00:00,DP0SNX,CQ,146,0,86A240404040E088A060A69CB06103F0270025B018000864E6B000736AB5DFB6821CDAD7303FC280000000000001CDAD95ABA628000000000000029600000C02222668013210117634100506104658D542C0A464755C75C109324FF05AB03C720068BDE4856704E2006A3EE603E802B7347F28FB3310028FE20068406480F3800A0067C06380F28069A300028B0060F044B9,270025b018000864e6b000736ab5dfb6821cdad7303fc280000000000001cdad95aba628000000000000029600000c02222668013210117634100506104658d542c0a464755c75c109324ff05ab03c720068bde4856704e2006a3ee603e802b7347f28fb3310028fe20068406480f3800a0067c06380f28069a300028b0060f044b9
15052729,376.841,2026-09-25T02:43:00.841000+00:00,DP0SNX,CQ,91,0,86A240404040E088A060A69CB06103F0270226D418000BB6C151003C6AB5DFB7BCF401A0D671E08800F001A0D671E07D00946B60DF8A21100FA7408BFFA4700BFF966644A701AA575C969419770185F3BC572748F8914247C0957F,270226d418000bb6c151003c6ab5dfb7bcf401a0d671e08800f001a0d671e07d00946b60df8a21100fa7408bffa4700bff966644a701aa575c969419770185f3bc572748f8914247c0957f
15052729,377.848,2026-09-25T02:43:01.848000+00:00,DP0SNX,CQ,146,0,86A240404040E088A060A69CB06103F0270027B118000864E6B100736AB5DFB8821CDAD9303FC280000000000001CDADB5ABA628000000000000029600000C02222668013210117634300506104658D442C0A464755F35C109324FF17AB03C7200683DE405E70462006A3EE603E802B6B47F28FB32F8028FE2006840648073800A0067C06380F28069A300028B0060F09933,270027b118000864e6b100736ab5dfb8821cdad9303fc280000000000001cdadb5aba628000000000000029600000c02222668013210117634300506104658d442c0a464755f35c109324ff17ab03c7200683de405e70462006a3ee603e802b6b47f28fb32f8028fe2006840648073800a0067c06380f28069a300028b0060f09933
15052729,379.848,2026-09-25T02:43:03.848000+00:00,DP0SNX,CQ,146,2,86A240404040E088A060A69CB06103F0270028B218000864E6B200736AB5DFBA821CDADB303FC280000000000001CDADD5ABA628000000000000029600000C022226680132101176345005061045D8D342C0A4647560F5C109324FF0FAB03C7200683BE487E70762006A3EE603E802B6B47F28FB3310028FE20067C0640073008A0067C06380F28069A300028B0060F0E2F8,270028b218000864e6b200736ab5dfba821cdadb303fc280000000000001cdadd5aba628000000000000029600000c022226680132101176345005061045d8d342c0a4647560f5c109324ff0fab03c7200683be487e70762006a3ee603e802b6b47f28fb3310028fe20067c0640073008a0067c06380f28069a300028b0060f0e2f8
15052729,381.848,2026-09-25T02:43:05.848000+00:00,DP0SNX,CQ,146,0,86A240404040E088A060A69CB06103F0270029B318000864E6B300736AB5DFBC821CDADD303FC280000000000001CDADF5ABA628000000000000029600000C022226680132101176345005061045D8D342C0A4647561B5C109324FF09AB03C7200683DE4856704E2006A3EE603E802B6B3FF28FB3310028FE2006840648073800A0067C06380F28069A300028B0060F0F897,270029b318000864e6b300736ab5dfbc821cdadd303fc280000000000001cdadf5aba628000000000000029600000c022226680132101176345005061045d8d342c0a4647561b5c109324ff09ab03c7200683de4856704e2006a3ee603e802b6b3ff28fb3310028fe2006840648073800a0067c06380f28069a300028b0060f0f897
15052729,386.74,2026-09-25T02:43:10.740000+00:00,DP0SNX,CQ,82,1,86A240404040E088A060A69CB06103F027022CD5180008C8E1D500336AB5DFC09E4D0001A04EE04B1609F368F9654523EC7BE986B580BC7FD97FFB7FF47FFF7FFF7FFF1A56A96885D37FFF7FFF7FFF3F311D,27022cd5180008c8e1d500336ab5dfc09e4d0001a04ee04b1609f368f9654523ec7be986b580bc7fd97ffb7ff47fff7fff7fff1a56a96885d37fff7fff7fff3f311d
15052729,386.937,2026-09-25T02:43:10.937000+00:00,DP0SNX,CQ,63,0,86A240404040E088A060A69CB06103F027022DD6180008D2C28B00206AB5DFC19E00000002000000000000000000000000000000000000000000000000955C,27022dd6180008d2c28b00206ab5dfc19e00000002000000000000000000000000000000000000000000000000955c
15052729,387.849,2026-09-25T02:43:11.849000+00:00,DP0SNX,CQ,146,1,86A240404040E088A060A69CB06103F027002EB618000864E6B600736AB5DFC2821CDAE3303FC280000000000001CDAE55ABA628000000000000029600000C022226680132101176343005061045D8D2C2C0A464755DB5C109322FF05AB03C720068BCE4076705E2006A3EE603E80336B47F28FB32F8028FE2006840640073000A0067406380F28069A300028B0060F040CF,27002eb618000864e6b600736ab5dfc2821cdae3303fc280000000000001cdae55aba628000000000000029600000c022226680132101176343005061045d8d2c2c0a464755db5c109322ff05ab03c720068bce4076705e2006a3ee603e80336b47f28fb32f8028fe2006840640073000a0067406380f28069a300028b0060f040cf
15052729,389.015,2026-09-25T02:43:13.015000+00:00,DP0SNX,CQ,83,0,86A240404040E088A060A69CB06103F0270230D8180008E6C2E000346AB5DFC39E718995A51D7C882C71AD633C71EE5D2D789D118E8FECA22F728D53173FACDE2E71B943BF7FCEC52B788D61FA59FCB32C454D,270230d8180008e6c2e000346ab5dfc39e718995a51d7c882c71ad633c71ee5d2d789d118e8feca22f728d53173facde2e71b943bf7fcec52b788d61fa59fcb32c454d
15052729,389.849,2026-09-25T02:43:13.849000+00:00,DP0SNX,CQ,146,0,86A240404040E088A060A69CB06103F0270031B718000864E6B700736AB5DFC4821CDAE5303FC280000000000001CDAE75ABA628000000000000029600000C022226680132101176343005061045D8D342C0A464755435C109322FF07AB03C7200683DE485E70462006A3EE603E802B6B47F28FB3310028FE2006840640073000A0067C06380F28069A300028B0060F0EC58,270031b718000864e6b700736ab5dfc4821cdae5303fc280000000000001cdae75aba628000000000000029600000c022226680132101176343005061045d8d342c0a464755435c109322ff07ab03c7200683de485e70462006a3ee603e802b6b47f28fb3310028fe2006840640073000a0067c06380f28069a300028b0060f0ec58
15052729,391.849,2026-09-25T02:43:15.849000+00:00,DP0SNX,CQ,146,1,86A240404040E088A060A69CB06103F0270032B818000864E6B800736AB5DFC6821CDAE7303FC280000000000001CDAE95ABA628000000000000029600000C022226680132101176343005061045D8D2C2C0A464755635C109322FF07AB03C720068BDE4056704E20069BEE683E802B6B47F28FB3310028FE2006840648073008A0067C06380F28069A300028B0060F01F67,270032b818000864e6b800736ab5dfc6821cdae7303fc280000000000001cdae95aba628000000000000029600000c022226680132101176343005061045d8d2c2c0a464755635c109322ff07ab03c720068bde4056704e20069bee683e802b6b47f28fb3310028fe2006840648073008a0067c06380f28069a300028b0060f01f67
15052729,393.849,2026-09-25T02:43:17.849000+00:00,DP0SNX,CQ,146,0,86A240404040E088A060A69CB06103F0270033B918000864E6B900736AB5DFC8821CDAE9303FC280000000000001CDAEB5ABA628000000000000029600000C022226680132101176343005061045D8D242C0A464755B75C109322FF05AB03C720068BDE4856704E20069BEE683E802B6B47F28FB3310028FE20067C0640073008A0067C06400F28069A300028B0060F0209F,270033b918000864e6b900736ab5dfc8821cdae9303fc280000000000001cdaeb5aba628000000000000029600000c022226680132101176343005061045d8d242c0a464755b75c109322ff05ab03c720068bde4856704e20069bee683e802b6b47f28fb3310028fe20067c0640073008a0067c06400f28069a300028b0060f0209f
15052729,395.849,2026-09-25T02:43:19.849000+00:00,DP0SNX,CQ,146,0,86A240404040E088A060A69CB06103F0270034BA18000864E6BA00736AB5DFCA821CDAEB303FC280000000000001CDAED5ABA628000000000000029600000C022226680132101176343005061045D8D242C0A464755E75C109322FF05AB03C720068BCE408670662006A3EE603E802B6B47F28FB3310028FE20067C06400F3808A0067C06400F28069A300028B0060F02198,270034ba18000864e6ba00736ab5dfca821cdaeb303fc280000000000001cdaed5aba628000000000000029600000c022226680132101176343005061045d8d242c0a464755e75c109322ff05ab03c720068bce408670662006a3ee603e802b6b47f28fb3310028fe20067c06400f3808a0067c06400f28069a300028b0060f02198
15052729,397.849,2026-09-25T02:43:21.849000+00:00,DP0SNX,CQ,146,2,86A240404040E088A060A69CB06103F0270035BB18000864E6BB00736AB5DFCC821CDAED303FC280000000000001CDAEF5ABA628000000000000029600000C022226680132101176341005061045D8D242C0A4647560F5C109322FF09AB03C7200683DE485670462006A3EE603E80336B47F28FB3310028FE2006840648073000A0067C06380728069A300028B0060F07D37,270035bb18000864e6bb00736ab5dfcc821cdaed303fc280000000000001cdaef5aba628000000000000029600000c022226680132101176341005061045d8d242c0a4647560f5c109322ff09ab03c7200683de485670462006a3ee603e80336b47f28fb3310028fe2006840648073000a0067c06380728069a300028b0060f07d37
15052729,401.849,2026-09-25T02:43:25.849000+00:00,DP0SNX,CQ,146,2,86A240404040E088A060A69CB06103F0270039BD18000864E6BD00736AB5DFD0821CDAF1303FC280000000000001CDAF35ABA628000000000000029600000C02222668013210117633F005061045D8D2C2C0A464755DB5C109322FF13AB03C720068BDE4856704E2006A3EE683E802B6B47F28FB3310028FE2006840640073800A0067406380F280E9A300028B0060F00BF7,270039bd18000864e6bd00736ab5dfd0821cdaf1303fc280000000000001cdaf35aba628000000000000029600000c02222668013210117633f005061045d8d2c2c0a464755db5c109322ff13ab03c720068bde4856704e2006a3ee683e802b6b47f28fb3310028fe2006840640073800a0067406380f280e9a300028b0060f00bf7
15052729,403.849,2026-09-25T02:43:27.849000+00:00,DP0SNX,CQ,146,0,86A240404040E088A060A69CB06103F027003ABE18000864E6BE00736AB5DFD2821CDAF3303FC280000000000001CDAF55ABA628000000000000029600000C02222668013210117633F005061045D8D242C0A464754BF5C109322FF0BAB03C7200683CE4886706E2006A3EE603E80336B47F28FB3310028FE20068C0648073000A0067C06380F28069A300028B0060F08B52,27003abe18000864e6be00736ab5dfd2821cdaf3303fc280000000000001cdaf55aba628000000000000029600000c02222668013210117633f005061045d8d242c0a464754bf5c109322ff0bab03c7200683ce4886706e2006a3ee603e80336b47f28fb3310028fe20068c0648073000a0067c06380f28069a300028b0060f08b52
15052729,405.849,2026-09-25T02:43:29.849000+00:00,DP0SNX,CQ,146,0,86A240404040E088A060A69CB06103F027003BBF18000864E6BF00736AB5DFD4821CDAF5303FC280000000000001CDAF75ABA628000000000000029600000C022226680132101176341005061045D8D2C2C0A4647558F5C109322FF03AB03C7200683DE405E70462006A3EE603E782B6B47F28FB3310028FE2006840640073000A0067C06400F28069A300028B0060F0F88D,27003bbf18000864e6bf00736ab5dfd4821cdaf5303fc280000000000001cdaf75aba628000000000000029600000c022226680132101176341005061045d8d2c2c0a4647558f5c109322ff03ab03c7200683de405e70462006a3ee603e782b6b47f28fb3310028fe2006840640073000a0067c06400f28069a300028b0060f0f88d
15052729,407.849,2026-09-25T02:43:31.849000+00:00,DP0SNX,CQ,146,1,86A240404040E088A060A69CB06103F027003CC018000864E6C000736AB5DFD6821CDAF7303FC280000000000001CDAF95ABA628000000000000029600000C022226680132101176343005061045D8D2C2C0A464355CF5C109322FF05AB03C7200683DE4856704E2006A3EE603E802B6B47F28FB3310028FE2006840640073000A0067C06380F280E9A300028B0060F05004,27003cc018000864e6c000736ab5dfd6821cdaf7303fc280000000000001cdaf95aba628000000000000029600000c022226680132101176343005061045d8d2c2c0a464355cf5c109322ff05ab03c7200683de4856704e2006a3ee603e802b6b47f28fb3310028fe2006840640073000a0067c06380f280e9a300028b0060f05004
15052729,409.849,2026-09-25T02:43:33.849000+00:00,DP0SNX,CQ,146,0,86A240404040E088A060A69CB06103F027003DC118000864E6C100736AB5DFD8821CDAF9303FC280000000000001CDAFB5ABA628000000000000029600000C022226680132101176343005061045D8D2C2C0A464355F35C109322FF0FAB03C720068BDE485670462006A3EE603E80336B47F28FB32F0028FE2006840640073800A0067C06380F20028A300028B0060F0B4B7,27003dc118000864e6c100736ab5dfd8821cdaf9303fc280000000000001cdafb5aba628000000000000029600000c022226680132101176343005061045d8d2c2c0a464355f35c109322ff0fab03c720068bde485670462006a3ee603e80336b47f28fb32f0028fe2006840640073800a0067c06380f20028a300028b0060f0b4b7
15052729,411.849,2026-09-25T02:43:35.849000+00:00,DP0SNX,CQ,146,0,86A240404040E088A060A69CB06103F027003EC218000864E6C200736AB5DFDA821CDAFB303FC280000000000001CDAFD5ABA628000000000000029600000C02222668013210117633D005061045D8D2C2C0A464356175C109322FF0BAB03C7200683BE487670662006A3EE603E802B6B47F28FB3310028FE20068406400F3800A0067C06380F280492300028B0060F0CEC2,27003ec218000864e6c200736ab5dfda821cdafb303fc280000000000001cdafd5aba628000000000000029600000c02222668013210117633d005061045d8d2c2c0a464356175c109322ff0bab03c7200683be487670662006a3ee603e802b6b47f28fb3310028fe20068406400f3800a0067c06380f280492300028b0060f0cec2
15052729,413.849,2026-09-25T02:43:37.849000+00:00,DP0SNX,CQ,146,0,86A240404040E088A060A69CB06103F027003FC318000864E6C300736AB5DFDC821CDAFD303FC280000000000001CDAFF5ABA628000000000000029600000C022226680132101176341005061045D8D2C2C0A4643561B5C109322FF07AB03C720068BDE4856704620069B9E58C678AB6B47F28FB3310028FE20067C0640073000A0067C06380F200492300028B0060F8A735,27003fc318000864e6c300736ab5dfdc821cdafd303fc280000000000001cdaff5aba628000000000000029600000c022226680132101176341005061045d8d2c2c0a4643561b5c109322ff07ab03c720068bde4856704620069b9e58c678ab6b47f28fb3310028fe20067c0640073000a0067c06380f200492300028b0060f8a735
15052729,415.85,2026-09-25T02:43:39.850000+00:00,DP0SNX,CQ,146,0,86A240404040E088A060A69CB06103F0270040C418000864E6C400736AB5DFDE821CDAFF303FC280000000000001CDB015ABA628000000000000029600000C02222668013210117633F005061045D8D2C2C0A464356235C109322FF05AB03C720068BDE4056704620069BEE603E78336B47F28FB3300028FE20067C06400F3000A0067C06380F280492300028B0060800BBF,270040c418000864e6c400736ab5dfde821cdaff303fc280000000000001cdb015aba628000000000000029600000c02222668013210117633f005061045d8d2c2c0a464356235c109322ff05ab03c720068bde4056704620069bee603e78336b47f28fb3300028fe20067c06400f3000a0067c06380f280492300028b0060800bbf
15052729,416.741,2026-09-25T02:43:40.741000+00:00,DP0SNX,CQ,82,0,86A240404040E088A060A69CB06103F0270241DB180008C8E1D600336AB5DFDE9E4D000122599A63C2036568F9654523EC7D4A840682BE7FD980067FF3132F68A7BF381A56AAC085097FFF7FFF7FFF7F33E8,270241db180008c8e1d600336ab5dfde9e4d000122599a63c2036568f9654523ec7d4a840682be7fd980067ff3132f68a7bf381a56aac085097fff7fff7fff7f33e8
15052729,416.939,2026-09-25T02:43:40.939000+00:00,DP0SNX,CQ,63,1,86A240404040E088A060A69CB06103F0270242DC180008D2C28C00206AB5DFDF9E000000020000000000000000000000000000000000000000000000009FBA,270242dc180008d2c28c00206ab5dfdf9e000000020000000000000000000000000000000000000000000000009fba
15052729,417.85,2026-09-25T02:43:41.850000+00:00,DP0SNX,CQ,146,0,86A240404040E088A060A69CB06103F0270043C518000864E6C500736AB5DFE0821CDB01303FC280000000000001CDB035ABA628000000000000029600000C022226680132101176341005061045D8D242C0A464355735C109322FF05AB03C7200683CE4876706620069BA658CE789B6B3FF28FB3310028FE2006840648073000A0067C06400F280492300028B00608828BC,270043c518000864e6c500736ab5dfe0821cdb01303fc280000000000001cdb035aba628000000000000029600000c022226680132101176341005061045d8d242c0a464355735c109322ff05ab03c7200683ce4876706620069ba658ce789b6b3ff28fb3310028fe2006840648073000a0067c06400f280492300028b00608828bc
15052729,418.751,2026-09-25T02:43:42.751000+00:00,DP0SNX,CQ,153,0,86A240404040E088A060A69CB06103F0270244DD180008D3C29700206AB5DFE09E84C6901EFFDDE2637FC0000000000000000000000000000000000000087DC4CB00536AB5DFE09E000719524906020600060005FF000004E8000004E8000000000000010B0000000000000000000000000000000000000000000000000000000000A153332DB6000C00000273013A0000000400005555BF3F,270244dd180008d3c29700206ab5dfe09e84c6901effdde2637fc0000000000000000000000000000000000000087dc4cb00536ab5dfe09e000719524906020600060005ff000004e8000004e8000000000000010b0000000000000000000000000000000000000000000000000000000000a153332db6000c00000273013a0000000400005555bf3f
15052729,419.016,2026-09-25T02:43:43.016000+00:00,DP0SNX,CQ,83,0,86A240404040E088A060A69CB06103F0270245DE180008E6C2E100346AB5DFE19E7189D5A51D7C882C72B9A40E990EC7AD78BD518E8FECA22F728D93173FACDE2E71B983BF7FCEC52B7881A1FA59FCB32C8BD4,270245de180008e6c2e100346ab5dfe19e7189d5a51d7c882c72b9a40e990ec7ad78bd518e8feca22f728d93173facde2e71b983bf7fcec52b7881a1fa59fcb32c8bd4
15052729,421.85,2026-09-25T02:43:45.850000+00:00,DP0SNX,CQ,146,1,86A240404040E088A060A69CB06103F0270047C718000864E6C700736AB5DFE4821CDB05303FC280000000000001CDB075ABA628000000000000029600000C022226680132101176341005061045D8D2C2C0A464355475C109322FF05AB03C720068BDE4856704E2006A3EE603E782B6B3FF28FB3310028FE2006840648073000A0067C06380F200492300028B006090ABD0,270047c718000864e6c700736ab5dfe4821cdb05303fc280000000000001cdb075aba628000000000000029600000c022226680132101176341005061045d8d2c2c0a464355475c109322ff05ab03c720068bde4856704e2006a3ee603e782b6b3ff28fb3310028fe2006840648073000a0067c06380f200492300028b006090abd0
15052729,423.85,2026-09-25T02:43:47.850000+00:00,DP0SNX,CQ,146,1,86A240404040E088A060A69CB06103F0270048C818000864E6C800736AB5DFE6821CDB07303FC280000000000001CDB095ABA628000000000000029600000C022226680132101176343005061045D8D242C0A464355C75C109322FF03AB03C7200683C64086707620069B9E58CE80AB6B3FF28FB3300028FE20067C0648073000A0067406380F280492300028B006098D884,270048c818000864e6c800736ab5dfe6821cdb07303fc280000000000001cdb095aba628000000000000029600000c022226680132101176343005061045d8d242c0a464355c75c109322ff03ab03c7200683c64086707620069b9e58ce80ab6b3ff28fb3300028fe20067c0648073000a0067406380f280492300028b006098d884
15052729,429.85,2026-09-25T02:43:53.850000+00:00,DP0SNX,CQ,146,1,86A240404040E088A060A69CB06103F027004BCB18000864E6CB00736AB5DFEC821CDB0D303FC280000000000001CDB0F5ABA628000000000000029600000C022226680132101176341005061045D8D1C2C0A4643561F5C109320FF05AB03C7200683C6488E70762006A3EE603E802B6B3FF28FB3308028FE2006840648073800A0067C06380F280492300028B0060B073F0,27004bcb18000864e6cb00736ab5dfec821cdb0d303fc280000000000001cdb0f5aba628000000000000029600000c022226680132101176341005061045d8d1c2c0a4643561f5c109320ff05ab03c7200683c6488e70762006a3ee603e802b6b3ff28fb3308028fe2006840648073800a0067c06380f280492300028b0060b073f0
15052729,430.767,2026-09-25T02:43:54.767000+00:00,DP0SNX,CQ,271,2,86A240404040E088A060A69CB06103F027024CDF1800087AC65E006C6AB5DFEC9EFFFC00000001FDFC000000000000000F7FC00000001FDFC00000000000000000000000000000000000000000000000000000000000000000000000000000000CC00033000CD00000F000000000000000000000000000000000000000000000F1A880003E6A2000000990DC06002B6AB5DFEC9EFF8D8C878C8E8A77FF80FF848B8A8A757677808EFFFF57577577728EFFFF5555576037ABA9A4C0092CDC9300416AB5DFEC9ECBFF9C9CCBFF9C81CBFF9D9DFFFF9D82818181B2BABA9C828282B3B9B99C12FF060229FF010012FF0402FFFF01FFFF00010000000080000100000000400878EDAE004C6AB5DFECF842,27024cdf1800087ac65e006c6ab5dfec9efffc00000001fdfc000000000000000f7fc00000001fdfc00000000000000000000000000000000000000000000000000000000000000000000000000000000cc00033000cd00000f000000000000000000000000000000000000000000000f1a880003e6a2000000990dc06002b6ab5dfec9eff8d8c878c8e8a77ff80ff848b8a8a757677808effff57577577728effff5555576037aba9a4c0092cdc9300416ab5dfec9ecbff9c9ccbff9c81cbff9d9dffff9d82818181b2baba9c828282b3b9b99c12ff060229ff010012ff0402ffff01ffff00010000000080000100000000400878edae004c6ab5dfecf842
15052729,431.123,2026-09-25T02:43:55.123000+00:00,DP0SNX,CQ,121,1,86A240404040E088A060A69CB06103F027024DE018499E0000000000000080000000000000000000000000000000800000000000000000003200000000000000000000000000000000000000000000000000000000000000090000000000000882C04600116AB5DFED9E81A0D672B1FF000070B7AE1F22C446,27024de018499e0000000000000080000000000000000000000000000000800000000000000000003200000000000000000000000000000000000000000000000000000000000000090000000000000882c04600116ab5dfed9e81a0d672b1ff000070b7ae1f22c446
15052729,431.85,2026-09-25T02:43:55.850000+00:00,DP0SNX,CQ,146,0,86A240404040E088A060A69CB06103F027004ECC18000864E6CC00736AB5DFEE821CDB0F303FC280000000000001CDB115ABA628000000000000029600000C022226680132101176341005061045D8D1C2C0A464356275C109320FF05AB03C720068BE64856704E20069BAE58CE78AB6B3FF28FB2AE8028FE2006840648073000A0067C06380F200492300028B0060B8B213,27004ecc18000864e6cc00736ab5dfee821cdb0f303fc280000000000001cdb115aba628000000000000029600000c022226680132101176341005061045d8d1c2c0a464356275c109320ff05ab03c720068be64856704e20069bae58ce78ab6b3ff28fb2ae8028fe2006840648073000a0067c06380f200492300028b0060b8b213
15052729,435.85,2026-09-25T02:43:59.850000+00:00,DP0SNX,CQ,146,0,86A240404040E088A060A69CB06103F0270050CE18000864E6CE00736AB5DFF2821CDB13303FC280000000000001CDB155ABA628000000000000029600000C022226680132101176341005061045D8D1C2C0A464355735C109320FF03AB03C720068BCE408E707620069BB658CE78AB6B3FF28FB2B00028FE2006840648073000A0067406380F280492300028B0060C8AA0E,270050ce18000864e6ce00736ab5dff2821cdb13303fc280000000000001cdb155aba628000000000000029600000c022226680132101176341005061045d8d1c2c0a464355735c109320ff03ab03c720068bce408e707620069bb658ce78ab6b3ff28fb2b00028fe2006840648073000a0067406380f280492300028b0060c8aa0e
15052729,437.851,2026-09-25T02:44:01.851000+00:00,DP0SNX,CQ,146,1,86A240404040E088A060A69CB06103F0270052CF18000864E6CF00736AB5DFF4821CDB15303FC280000000000001CDB175ABA628000000000000029600000C02222668013210117633F005061045D8D242C0A464355DB5C109320FF01AB03C720068BEE4856704E2006A406603E782B6B3FF28FB2B08028FE20067C0648073000A0067C06400F280492300028B0060D026CC,270052cf18000864e6cf00736ab5dff4821cdb15303fc280000000000001cdb175aba628000000000000029600000c02222668013210117633f005061045d8d242c0a464355db5c109320ff01ab03c720068bee4856704e2006a406603e782b6b3ff28fb2b08028fe20067c0648073000a0067c06400f280492300028b0060d026cc
15052729,439.851,2026-09-25T02:44:03.851000+00:00,DP0SNX,CQ,146,1,86A240404040E088A060A69CB06103F0270053D018000864E6D000736AB5DFF6821CDB17303FC280000000000001CDB195ABA628000000000000029600000C02222668013210117633F005061045D8D242C0A4643560B5C109320FF0BAB03C720068BF64856704E20069BBE60C680A36B3FF28FB3300028FE2006840648073800A0067406380F280492300028B0060D8EDFE,270053d018000864e6d000736ab5dff6821cdb17303fc280000000000001cdb195aba628000000000000029600000c02222668013210117633f005061045d8d242c0a4643560b5c109320ff0bab03c720068bf64856704e20069bbe60c680a36b3ff28fb3300028fe2006840648073800a0067406380f280492300028b0060d8edfe
15052729,446.718,2026-09-25T02:44:10.718000+00:00,DP0SNX,CQ,82,0,86A240404040E088A060A69CB06103F0270257E2180008C8E1D700336AB5DFFC9E4D0002A25E73666B06FC68F9654523EC7C0C85F58352800B8001800F154062CDC0501A56AC18842A7FFF7FFF7FFFFFBD88,270257e2180008c8e1d700336ab5dffc9e4d0002a25e73666b06fc68f9654523ec7c0c85f58352800b8001800f154062cdc0501a56ac18842a7fff7fff7fffffbd88
15052729,446.915,2026-09-25T02:44:10.915000+00:00,DP0SNX,CQ,63,1,86A240404040E088A060A69CB06103F0270258E3180008D2C28D00206AB5DFFD9E000000020000000000000000000000000000000000000000000000002D85,270258e3180008d2c28d00206ab5dffd9e000000020000000000000000000000000000000000000000000000002d85
15052729,447.851,2026-09-25T02:44:11.851000+00:00,DP0SNX,CQ,146,0,86A240404040E088A060A69CB06103F0270059D418000864E6D400736AB5DFFE821CDB1F303FC280000000000001CDB215ABA628000000000000029600000C022226680132101176341005061045D8D242C0A464356275C109320FF0BAB03C720068BF6507E706620069BDE60C6809B6B3FF28FB2B00028FE2006840648073000A0067C06380F280492300028B0060F83654,270059d418000864e6d400736ab5dffe821cdb1f303fc280000000000001cdb215aba628000000000000029600000c022226680132101176341005061045d8d242c0a464356275c109320ff0bab03c720068bf6507e706620069bde60c6809b6b3ff28fb2b00028fe2006840648073000a0067c06380f280492300028b0060f83654
15052729,448.753,2026-09-25T02:44:12.753000+00:00,DP0SNX,CQ,153,1,86A240404040E088A060A69CB06103F027025AE4180008D3C29800206AB5DFFE9E84C6D002FFDA502F7FC0000000000000000000000000000000000000087DC4CC00536AB5DFFE9E00072852490603060106010600000004E9000004E9000000000000010B0000000000000000000000000000000000000000000000000000000000A153332DB6000C00000274013A000000040000555512AD,27025ae4180008d3c29800206ab5dffe9e84c6d002ffda502f7fc0000000000000000000000000000000000000087dc4cc00536ab5dffe9e00072852490603060106010600000004e9000004e9000000000000010b0000000000000000000000000000000000000000000000000000000000a153332db6000c00000274013a000000040000555512ad
15052729,449.018,2026-09-25T02:44:13.018000+00:00,DP0SNX,CQ,83,1,86A240404040E088A060A69CB06103F027025BE5180008E6C2E200346AB5DFFF9E718905A51D7C882C72B9D3F29C8EA8AD78B5818E8FECA22E728DC3173FACDE2E71B9B3BF7FCEC52B7881D1FA59FCB32C1E34,27025be5180008e6c2e200346ab5dfff9e718905a51d7c882c72b9d3f29c8ea8ad78b5818e8feca22e728dc3173facde2e71b9b3bf7fcec52b7881d1fa59fcb32c1e34
15052729,449.851,2026-09-25T02:44:13.851000+00:00,DP0SNX,CQ,146,2,86A240404040E088A060A69CB06103F027005CD518000864E6D500736AB5E000821CDB21303FC280000000000001CDB235ABA628000000000000029600000C022226680132101176341005061045D8D242C0A464355735C109320FF07AB03C720068C06485E704E2006AC1E703E802B6B3FF28FB2B08028FE20067C0640073000A0067406380F280492300028B006080947B,27005cd518000864e6d500736ab5e000821cdb21303fc280000000000001cdb235aba628000000000000029600000c022226680132101176341005061045d8d242c0a464355735c109320ff07ab03c720068c06485e704e2006ac1e703e802b6b3ff28fb2b08028fe20067c0640073000a0067406380f280492300028b006080947b
15052729,455.851,2026-09-25T02:44:19.851000+00:00,DP0SNX,CQ,146,1,86A240404040E088A060A69CB06103F027005FD818000864E6D800736AB5E006821CDB27303FC280000000000001CDB295ABA628000000000000029600000C022226680132101176343005061045D8D242C0A464355CB5C109320FF09AB03C72006940E5056704E2006A3FE68BE789B6B3FF28FB2B00028FE2006840648073800A0067C06380F200492300028B006098EEDF,27005fd818000864e6d800736ab5e006821cdb27303fc280000000000001cdb295aba628000000000000029600000c022226680132101176343005061045d8d242c0a464355cb5c109320ff09ab03c72006940e5056704e2006a3fe68be789b6b3ff28fb2b00028fe2006840648073800a0067c06380f200492300028b006098eedf
15052729,457.851,2026-09-25T02:44:21.851000+00:00,DP0SNX,CQ,146,2,86A240404040E088A060A69CB06103F0270060D918000864E6D900736AB5E008821CDB29303FC280000000000001CDB2B5ABA628000000000000029600000C022226680132101176345005061045D8D242C0A464355F35C109320FF0DAB03C72006940E5056704E2006AC2E703E802B6B3FF28FB2B08028FE2006840648073000A0067C06380F280492300028B0060A0A388,270060d918000864e6d900736ab5e008821cdb29303fc280000000000001cdb2b5aba628000000000000029600000c022226680132101176345005061045d8d242c0a464355f35c109320ff0dab03c72006940e5056704e2006ac2e703e802b6b3ff28fb2b08028fe2006840648073000a0067c06380f280492300028b0060a0a388
15052729,461.124,2026-09-25T02:44:25.124000+00:00,DP0SNX,CQ,121,1,86A240404040E088A060A69CB06103F0270263E718499E0000000000000080000000000000000000000000000000800000000000000000003200000000000000000000000000000000000000000000000000000000000000090000000000000882C04700116AB5E00B9E81A0D673272F000070B8234F22AD9F,270263e718499e0000000000000080000000000000000000000000000000800000000000000000003200000000000000000000000000000000000000000000000000000000000000090000000000000882c04700116ab5e00b9e81a0d673272f000070b8234f22ad9f
15052729,461.852,2026-09-25T02:44:25.852000+00:00,DP0SNX,CQ,146,1,86A240404040E088A060A69CB06103F0270064DB18000864E6DB00736AB5E00C821CDB2D303FC280000000000001CDB2F5ABA628000000000000029600000C022226680132101176343005061045D8D1C2C0A4643561B5C109320FF07AB03C7200694165056704E2006AC2E703E802B6B3FF28FB2B08028FE2006840648073000A0067C06380F280492300028B0060B05C0A,270064db18000864e6db00736ab5e00c821cdb2d303fc280000000000001cdb2f5aba628000000000000029600000c022226680132101176343005061045d8d1c2c0a4643561b5c109320ff07ab03c7200694165056704e2006ac2e703e802b6b3ff28fb2b08028fe2006840648073000a0067c06380f280492300028b0060b05c0a
15052729,476.916,2026-09-25T02:44:40.916000+00:00,DP0SNX,CQ,63,0,86A240404040E088A060A69CB06103F027026DE9180008D2C28E00206AB5E01B9E00000002000000000000000000000000000000000000000000000000A74A,27026de9180008d2c28e00206ab5e01b9e00000002000000000000000000000000000000000000000000000000a74a
15052729,478.753,2026-09-25T02:44:42.753000+00:00,DP0SNX,CQ,153,0,86A240404040E088A060A69CB06103F027026FEA180008D3C29900206AB5E01C9E84C18002FFCDF0037C80000000000000000000000000000000000000087DC4CD00536AB5E01C9E00073752490604060206020601000004EA000004EA000000000000010B0000000000000000000000000000000000000000000000000000000000A153332DB6000C00000274013A0000000400005555B340,27026fea180008d3c29900206ab5e01c9e84c18002ffcdf0037c80000000000000000000000000000000000000087dc4cd00536ab5e01c9e00073752490604060206020601000004ea000004ea000000000000010b0000000000000000000000000000000000000000000000000000000000a153332db6000c00000274013a0000000400005555b340
15052729,479.018,2026-09-25T02:44:43.018000+00:00,DP0SNX,CQ,83,0,86A240404040E088A060A69CB06103F0270270EB180008E6C2E300346AB5E01D9E718935A51D7C882C72B903768CBE89AD78B1B18E8FECA22E728DF3173FACDE2E78A9F8E7193CAD2C788501FA59FCB32C31DE,270270eb180008e6c2e300346ab5e01d9e718935a51d7c882c72b903768cbe89ad78b1b18e8feca22e728df3173facde2e78a9f8e7193cad2c788501fa59fcb32c31de
15052729,489.853,2026-09-25T02:44:53.853000+00:00,DP0SNX,CQ,146,1,86A240404040E088A060A69CB06103F0270076E918000864E6E900736AB5E028821CDB49303FC280000000000001CDB4B5ABA628000000000000029600000C022226680132101176341005061045D8D0C2C0A464355FF5C10931EFF01AB03C72006941E5076705E2006A40668BE80936337F28FB2B00028FE2006840640073000A0067406380F280492300028B0060983C86,270076e918000864e6e900736ab5e028821cdb49303fc280000000000001cdb4b5aba628000000000000029600000c022226680132101176341005061045d8d0c2c0a464355ff5c10931eff01ab03c72006941e5076705e2006a40668be80936337f28fb2b00028fe2006840640073000a0067406380f280492300028b0060983c86
15052729,490.769,2026-09-25T02:44:54.769000+00:00,DP0SNX,CQ,271,2,86A240404040E088A060A69CB06103F0270277EC1800087AC660006C6AB5E0289EFFFC00000001FDFC000000000000000F7FC00000001FDFC00000000000000000000000000000000000000000000000000000000000000000000000000000000CC00033000CD00000F000000000000000000000000000000000000000000000F1A880003E6A2000000990DC08002B6AB5E0289EFF8C8B878C8E8A7EFF80FF848A8A8A7C75767F8EFFFF5F557476738EFFFF5C54565F3EAB299EC0092CDC9500416AB5E0289ECBFF9C9CCBFF9C83CBFF9C9CFFFF9C84838384B4BABA9C838384B4B9B99C12FF060224FF010014FF042AFFFF01FFFF00210000000080001300000000400878EDB0004C6AB5E028C534,270277ec1800087ac660006c6ab5e0289efffc00000001fdfc000000000000000f7fc00000001fdfc00000000000000000000000000000000000000000000000000000000000000000000000000000000cc00033000cd00000f000000000000000000000000000000000000000000000f1a880003e6a2000000990dc08002b6ab5e0289eff8c8b878c8e8a7eff80ff848a8a8a7c75767f8effff5f557476738effff5c54565f3eab299ec0092cdc9500416ab5e0289ecbff9c9ccbff9c83cbff9c9cffff9c84838384b4baba9c838384b4b9b99c12ff060224ff010014ff042affff01ffff00210000000080001300000000400878edb0004c6ab5e028c534
15052729,496.846,2026-09-25T02:45:00.846000+00:00,DP0SNX,CQ,91,2,86A240404040E088A060A69CB06103F027027CEE18000BB6C153003C6AB5E02FBCF401A0D673B54800F001A0D673B54000946B60DF8A21100FA7408BFFA4700BFF966644A701AA575C969419770185F3BC6F2748F9514247C00E31,27027cee18000bb6c153003c6ab5e02fbcf401a0d673b54800f001a0d673b54000946b60df8a21100fa7408bffa4700bff966644a701aa575c969419770185f3bc6f2748f9514247c00e31
15052729,506.72,2026-09-25T02:45:10.720000+00:00,DP0SNX,CQ,82,1,86A240404040E088A060A69CB06103F0270282EF180008C8E1D900336AB5E0389E4D000122552E6B440ED668F9654523EC803E863282D980227FEF80311CDF8D21CFE71A55AEC082157FFF7FFF7FFFFFD4E0,270282ef180008c8e1d900336ab5e0389e4d000122552e6b440ed668f9654523ec803e863282d980227fef80311cdf8d21cfe71a55aec082157fff7fff7fffffd4e0
15052729,506.918,2026-09-25T02:45:10.918000+00:00,DP0SNX,CQ,63,0,86A240404040E088A060A69CB06103F0270283F0180008D2C28F00206AB5E0399E000000020000000000000000000000000000000000000000000000002A0B,270283f0180008d2c28f00206ab5e0399e000000020000000000000000000000000000000000000000000000002a0b
