pass_id,audio_time_s,utc_approx,src,dst,length,corrected_bits,frame,payload_hex
15104225,44.039,2026-10-02T03:13:46.039000+00:00,DP0SNX,CQ,271,0,86A240404040E088A060A69CB06103F02706FD51180FFF12130000000080000A0000000040092CF3C000416ABEA35C9ECBFF9C9CCBFF9C84CBFF9D9DFFFF9D8685848446BABA9C868586A2B9B99C13FF060224FF010012FF0402FFFF01000E040E000000008700080000000040092CF3C100416ABEA44C9ECBFF9C9CCBFF9C84CBFF9C9CFFFF9D85838484B0BABA9C858586AEB9B99C13FF060224FF010012FF0404FFFF0100FF001B000000008003088000000040092CF3C200416ABEA53C9ECBFF9C9CCBFF9C84CBFF9C9CFFFF9D84858584A7BABA9C858484A6B9B99C13FF060224FF010011FF040BFFFF01000B1307000000008500040000000040092CF3C300416ABEA62C9ECBFF9C9DCA952F,2706fd51180fff12130000000080000a0000000040092cf3c000416abea35c9ecbff9c9ccbff9c84cbff9d9dffff9d8685848446baba9c868586a2b9b99c13ff060224ff010012ff0402ffff01000e040e000000008700080000000040092cf3c100416abea44c9ecbff9c9ccbff9c84cbff9c9cffff9d85838484b0baba9c858586aeb9b99c13ff060224ff010012ff0404ffff0100ff001b000000008003088000000040092cf3c200416abea53c9ecbff9c9ccbff9c84cbff9c9cffff9d84858584a7baba9c858484a6b9b99c13ff060224ff010011ff040bffff01000b1307000000008500040000000040092cf3c300416abea62c9ecbff9c9dca952f
15104225,45.314,2026-10-02T03:13:47.314000+00:00,DP0SNX,CQ,271,1,86A240404040E088A060A69CB06103F02706FF521838FF9C84CBFF9D9DFFFF9D85848584A8BABA9C848585A7B9B99C13FF060223FF010112FF0402FFFF0101FF100C000000008000090000000040092CF3C400416ABEA71C9ECBFF9C9CCBFF9C85CBFF9C9CFFFF9C85868484A4BABA9C868585A2B9B99C14FF060224FF010912FF0419FFFF010B1C0202000000008680818000000040092CF3C500416ABEA80C9ECBFF9C9CCBFF9C84CBFF9D9CFFFF9D85838484A3BABA9C858586A2B9B99D13FF060223FF010011FF0402FFFF01000000170000000080018B0000000040092CF3C600416ABEA8FC9ECBFF9C9CCBFF9C84CBFF9C9CFFFF9C85848484A3BABA9C848485A1B9B99C13FF060224FFB17A,2706ff521838ff9c84cbff9d9dffff9d85848584a8baba9c848585a7b9b99c13ff060223ff010112ff0402ffff0101ff100c000000008000090000000040092cf3c400416abea71c9ecbff9c9ccbff9c85cbff9c9cffff9c85868484a4baba9c868585a2b9b99c14ff060224ff010912ff0419ffff010b1c0202000000008680818000000040092cf3c500416abea80c9ecbff9c9ccbff9c84cbff9d9cffff9d85838484a3baba9c858586a2b9b99d13ff060223ff010011ff0402ffff01000000170000000080018b0000000040092cf3c600416abea8fc9ecbff9c9ccbff9c84cbff9c9cffff9c85848484a3baba9c848485a1b9b99c13ff060224ffb17a
15104225,46.064,2026-10-02T03:13:48.064000+00:00,DP0SNX,CQ,271,0,86A240404040E088A060A69CB06103F02706015418426ABEACBC9ECBFF9C9CCBFF9C84CBFF9D9DFFFF9D85838484A2BABA9C8585869EB9B99D14FF060224FF010011FF0402FFFF0100000A0C000000008001098000000040092CF3CB00416ABEADAC9ECBFF9C9DCBFF9C84CBFF9D9DFFFF9D85848484A2BABA9C8585869DB9B99D14FF060224FF010011FF0403FFFF0100000A0A000000008000090000000040092CF3CC00416ABEAE9C9ECBFF9C9DCAFF9C84CBFF9D9DFFFF9D85848484A1BABA9C8585869CB9B99D14FF060224FF010011FF0403FFFF010000090D000000008000078000000040092CF3CD00416ABEAF8C9ECAFF9C9DCAFF9C84CBFF9D9DFFFF9D85848484A0BABA9C858586B295,2706015418426abeacbc9ecbff9c9ccbff9c84cbff9d9dffff9d85838484a2baba9c8585869eb9b99d14ff060224ff010011ff0402ffff0100000a0c000000008001098000000040092cf3cb00416abeadac9ecbff9c9dcbff9c84cbff9d9dffff9d85848484a2baba9c8585869db9b99d14ff060224ff010011ff0403ffff0100000a0a000000008000090000000040092cf3cc00416abeae9c9ecbff9c9dcaff9c84cbff9d9dffff9d85848484a1baba9c8585869cb9b99d14ff060224ff010011ff0403ffff010000090d000000008000078000000040092cf3cd00416abeaf8c9ecaff9c9dcaff9c84cbff9d9dffff9d85848484a0baba9c858586b295
15104225,46.423,2026-10-02T03:13:48.423000+00:00,DP0SNX,CQ,146,1,86A240404040E088A060A69CB06103F02700022818000864E25B00736ABF216E82261C8133BCF28000000000000261C845B3B528000000000000035200000C02222668019C70915494500B0B1045DABBC2C0A86435403641EE322FF07B2076420068BD64866705320069BEE583E802B5B1FF28FB2300028FB2006740638073000A0067C064007280E9A300058B0460D09CD9,2700022818000864e25b00736abf216e82261c8133bcf28000000000000261c845b3b528000000000000035200000c02222668019c70915494500b0b1045dabbc2c0a86435403641ee322ff07b2076420068bd64866705320069bee583e802b5b1ff28fb2300028fb2006740638073000a0067c064007280e9a300058b0460d09cd9
15104225,47.313,2026-10-02T03:13:49.313000+00:00,DP0SNX,CQ,271,1,86A240404040E088A060A69CB06103F02706035518239BB9B99D13FF060228FF010011FF0403FFFF01FFFF0B0C000000008000090000000040092CF3CE00416ABEB07C9ECBFF9C9DCBFF9C84CBFF9D9DFFFF9D858484849FBABA9C8585869AB9B99D13FF060224FF010011FF0402FFFF01FFFF0C0C000000008000080000000040092CF3CF00416ABEB16C9ECBFF9C9DCBFF9C84CBFF9D9DFFFF9D858384849BBABA9C84858597B9B99D13FF060223FF010011FF0403FFFF01FF00030F000000008000068000000040092CF3D000416ABEB25C9ECAFF9C9DCBFF9C82CBFF9D9DFFFF9D838282822ABABA9C83838431B9B99D12FF060224FF010012FF0402FFFF0100000000FF00000080007F80DC30,2706035518239bb9b99d13ff060228ff010011ff0403ffff01ffff0b0c000000008000090000000040092cf3ce00416abeb07c9ecbff9c9dcbff9c84cbff9d9dffff9d858484849fbaba9c8585869ab9b99d13ff060224ff010011ff0402ffff01ffff0c0c000000008000080000000040092cf3cf00416abeb16c9ecbff9c9dcbff9c84cbff9d9dffff9d858384849bbaba9c84858597b9b99d13ff060223ff010011ff0403ffff01ff00030f000000008000068000000040092cf3d000416abeb25c9ecaff9c9dcbff9c82cbff9d9dffff9d838282822ababa9c83838431b9b99d12ff060224ff010012ff0402ffff0100000000ff00000080007f80dc30
15104225,47.688,2026-10-02T03:13:49.688000+00:00,DP0SNX,CQ,271,1,86A240404040E088A060A69CB06103F027060456180400000040092CF3D100416ABEB34C9ECBFF9C9DCBFF9C82CBFF9D9DFFFF9D8382828211BABA9C83838311B9B99D13FF060224FF010011FF0402FFFF01FFFF0000FF00000080007F8000000040092CF3D200416ABEB43C9ECBFF9C9DCBFF9C82CBFF9D9DFFFF9D8382828210BABA9C83838311B9B99D14FF060223FF010012FF0402FFFF01FF000000FF00000080007F8000000040092CF3D300416ABEB52C9ECBFF9C9DCAFF9C81CBFF9D9DFFFF9D8381828111BABA9C83838311B9B99D14FF060224FF010011FF0402FFFF0100FF0000FF00000080007F8000000040092CF3D400416ABEB61C9ECBFF9C9CCBFF9C81CBFF9C9DFFFF9D83F1BB,27060456180400000040092cf3d100416abeb34c9ecbff9c9dcbff9c82cbff9d9dffff9d8382828211baba9c83838311b9b99d13ff060224ff010011ff0402ffff01ffff0000ff00000080007f8000000040092cf3d200416abeb43c9ecbff9c9dcbff9c82cbff9d9dffff9d8382828210baba9c83838311b9b99d14ff060223ff010012ff0402ffff01ff000000ff00000080007f8000000040092cf3d300416abeb52c9ecbff9c9dcaff9c81cbff9d9dffff9d8381828111baba9c83838311b9b99d14ff060224ff010011ff0402ffff0100ff0000ff00000080007f8000000040092cf3d400416abeb61c9ecbff9c9ccbff9c81cbff9c9dffff9d83f1bb
15104225,48.063,2026-10-02T03:13:50.063000+00:00,DP0SNX,CQ,271,0,86A240404040E088A060A69CB06103F027060557182D8181812ABABA9C83838334B9B99C14FF060224FF010012FF0402FFFF01FF000000FF00000080007F8000000040092CF3D500416ABEB70C9ECBFF9C9CCAFF9C82CBFF9C9CFFFF9D85828283B1BABA9C848585B2B9B99C12FF060227FF010012FF0402FFFF01FF00001A0000001880050C0000000BC0092CF3D600416ABEB7FC9ECBFF9C9CCBFF9C83CBFF9C9CFFFF9D85838384AFBABA9C858585B0B9B99C11FF060224FF010012FF0403FFFF010002001E0000002B80040A0000000BC0092CF3D700416ABEB8EC9ECBFF9C9CCBFF9C83CBFF9C9CFFFF9D85838384A8BABA9C848585AEB9B99C11FF060223FF010011FF0402FFFF01FF05DC50,27060557182d8181812ababa9c83838334b9b99c14ff060224ff010012ff0402ffff01ff000000ff00000080007f8000000040092cf3d500416abeb70c9ecbff9c9ccaff9c82cbff9c9cffff9d85828283b1baba9c848585b2b9b99c12ff060227ff010012ff0402ffff01ff00001a0000001880050c0000000bc0092cf3d600416abeb7fc9ecbff9c9ccbff9c83cbff9c9cffff9d85838384afbaba9c858585b0b9b99c11ff060224ff010012ff0403ffff010002001e0000002b80040a0000000bc0092cf3d700416abeb8ec9ecbff9c9ccbff9c83cbff9c9cffff9d85838384a8baba9c848585aeb9b99c11ff060223ff010011ff0402ffff01ff05dc50
15104225,48.423,2026-10-02T03:13:50.423000+00:00,DP0SNX,CQ,146,1,86A240404040E088A060A69CB06103F02700062918000864E25C00736ABF217082261C8333BCF28000000000000261C865B3B528000000000000035200000C02222668019C70915494500B0B1045DAC742C0A864354B7641EE322FF05B20764200683DE4856704B20069BEE583E802B5B27F28FB22E8028FB20068C0650072000A0068406400F28069A300058B0460D099B0,2700062918000864e25c00736abf217082261c8333bcf28000000000000261c865b3b528000000000000035200000c02222668019c70915494500b0b1045dac742c0a864354b7641ee322ff05b20764200683de4856704b20069bee583e802b5b27f28fb22e8028fb20068c0650072000a0068406400f28069a300058b0460d099b0
15104225,49.338,2026-10-02T03:13:51.338000+00:00,DP0SNX,CQ,271,0,86A240404040E088A060A69CB06103F027060758180E001F0000002980028C00000016C0092CF3D800416ABEB9DC9ECBFF9C9CCAFF9C83CBFF9C9CFFFF9C85838384ACBABA9C848585ADB9B99C11FF060229FF010011FF0404FFFF010007001C0000002C80030B8000001840092CF3D900416ABEBACC9ECBFF9C9CCBFF9C83CBFF9C9CFFFF9D85838484AFBABA9C858585ACB9B99C11FF060224FF010012FF0404FFFF01000400160000001D80020A8000001640092CF3DA00416ABEBBBC9ECBFF9C9CCBFF9C83CBFF9C9CFFFF9D85838384AFBABA9C858586AAB9B99C12FF060223FF010012FF0402FFFF010000011B0000001D80018A80000016C0092CF3DB00416ABEBCAC9ECBFF9C9CCAFFA7BC,27060758180e001f0000002980028c00000016c0092cf3d800416abeb9dc9ecbff9c9ccaff9c83cbff9c9cffff9c85838384acbaba9c848585adb9b99c11ff060229ff010011ff0404ffff010007001c0000002c80030b8000001840092cf3d900416abebacc9ecbff9c9ccbff9c83cbff9c9cffff9d85838484afbaba9c858585acb9b99c11ff060224ff010012ff0404ffff01000400160000001d80020a8000001640092cf3da00416abebbbc9ecbff9c9ccbff9c83cbff9c9cffff9d85838384afbaba9c858586aab9b99c12ff060223ff010012ff0402ffff010000011b0000001d80018a80000016c0092cf3db00416abebcac9ecbff9c9ccaffa7bc
15104225,50.088,2026-10-02T03:13:52.088000+00:00,DP0SNX,CQ,271,0,86A240404040E088A060A69CB06103F02706095A18181712FF0402FFFF01110F00075C0000188500820000000BC0092CF3DF00416ABEC06C9ECBFF9C9CCAB99C85CBFF9C9CFFFF9C8585858586B8B89C86858594B9B99C12FF06022421010A11FF042AFFFF010D0E10035B0000248781038000000C40092CF3E000416ABEC15C9ECAFF9C9DCAB99C84CBFF9C9DFFFF9D8684848486B8B99C86868699B9B99D21FF06022415010423FF0403FFFF0102020012570000008102078000000040092CF3E100416ABEC24C9ECAFF9C9DCAB99C85CBFF9C9CFFFF9D8584858586B9B89C85858696B9B99C22FF06022915010622FF040AFFFF0108FF16064B0000008000860000000040092CF3E200416A3C4E,2706095a18181712ff0402ffff01110f00075c0000188500820000000bc0092cf3df00416abec06c9ecbff9c9ccab99c85cbff9c9cffff9c8585858586b8b89c86858594b9b99c12ff06022421010a11ff042affff010d0e10035b0000248781038000000c40092cf3e000416abec15c9ecaff9c9dcab99c84cbff9c9dffff9d8684848486b8b99c86868699b9b99d21ff06022415010423ff0403ffff0102020012570000008102078000000040092cf3e100416abec24c9ecaff9c9dcab99c85cbff9c9cffff9d8584858586b9b89c85858696b9b99c22ff06022915010622ff040affff0108ff16064b0000008000860000000040092cf3e200416a3c4e
15104225,50.448,2026-10-02T03:13:52.448000+00:00,DP0SNX,CQ,146,0,86A240404040E088A060A69CB06103F027000A2A18000864E25D00736ABF217282261C8533BCF28000000000000261C885B3B528000000000000035200000C02222668019C70915494300B0B1045DACEC2C0A8643541B641EE322FF07B2076420068BDE4856704320069BE6583E802B5B27F28FB1AE8028FB20067C0638073810A0068406400F28069A300058B0460D0419C,27000a2a18000864e25d00736abf217282261c8533bcf28000000000000261c885b3b528000000000000035200000c02222668019c70915494300b0b1045dacec2c0a8643541b641ee322ff07b2076420068bde4856704320069be6583e802b5b27f28fb1ae8028fb20067c0638073810a0068406400f28069a300058b0460d0419c
15104225,51.363,2026-10-02T03:13:53.363000+00:00,DP0SNX,CQ,271,0,86A240404040E088A060A69CB06103F027060B5B1841BEC33C9ECAFF9C9DCAB99C84CAFF9D9DFFFF9D8685848599B8B89C86868695B9B99C23FF06022314010322FF0402FFFF010109000A000000008202060000000040092CF3E300416ABEC42C9ECAFF9C9CCAB99C84CAFF9D9DFFFF9D848384848FB8B99C84848488BAB99D22FF06022415010623FF0402FFFF0105FF12000000000080007F8000000040092CF3E400416ABEC51C9ECBFF9C9DCAFF9C82CBFF9D9DFFFF9D8482828286BABA9C848484A4BAB99D13FF060223FF010012FF0402FFFF01000000004B0000008004000000000040092CF3E500416ABEC60C9ECBFF9C9DCAFF9C85CBFF9D9DFFFF9D868484849ABABA9C85858532610F,27060b5b1841bec33c9ecaff9c9dcab99c84caff9d9dffff9d8685848599b8b89c86868695b9b99c23ff06022314010322ff0402ffff010109000a000000008202060000000040092cf3e300416abec42c9ecaff9c9ccab99c84caff9d9dffff9d848384848fb8b99c84848488bab99d22ff06022415010623ff0402ffff0105ff12000000000080007f8000000040092cf3e400416abec51c9ecbff9c9dcaff9c82cbff9d9dffff9d8482828286baba9c848484a4bab99d13ff060223ff010012ff0402ffff01000000004b0000008004000000000040092cf3e500416abec60c9ecbff9c9dcaff9c85cbff9d9dffff9d868484849ababa9c85858532610f
15104225,52.098,2026-10-02T03:13:54.098000+00:00,DP0SNX,CQ,146,0,86A240404040E088A060A69CB06103F027000D2B18000864E25E00736ABF217482261C8733BCF28000000000000261C8A5B3B528000000000000035200000C02222668019C70915493F00B0B1045DAD042C0A864354C3641EE322FF05B2076420068BDE4856704B20069BEE583E802B5B27F28FB1B00028FB20068406401F4018A0067C06400F28069A300058B0460D0F686,27000d2b18000864e25e00736abf217482261c8733bcf28000000000000261c8a5b3b528000000000000035200000c02222668019c70915493f00b0b1045dad042c0a864354c3641ee322ff05b2076420068bde4856704b20069bee583e802b5b27f28fb1b00028fb20068406401f4018a0067c06400f28069a300058b0460d0f686
15104225,52.989,2026-10-02T03:13:54.989000+00:00,DP0SNX,CQ,271,0,86A240404040E088A060A69CB06103F027020E1B1800087AC81B006C6ABF21749EFFFC00000001FDFC000000000000000F7FC00000001FDFC00000000000000000000000000000000000000000000000000000000000000000000000000000000CC00033000CD00000F000000000000000000000000000000000000000000000F1A880003E6A2000000990F3C7002B6ABF21749EFF8C8B878B8D8A79FF80FF848A898A7874747C8EFFFF59567473738EFFFF5753545C3FAA2AC640092CF3E900416ABF21749ECBFF9C9CCBFF9C81CBFF9B9CFFFF9D8181818111BABA9C8181810FB9B99C12FF060224FF030012FF2B02FFFF0100FFFFFFFF00000080007F80000000400878C84D004C6ABF21741396,27020e1b1800087ac81b006c6abf21749efffc00000001fdfc000000000000000f7fc00000001fdfc00000000000000000000000000000000000000000000000000000000000000000000000000000000cc00033000cd00000f000000000000000000000000000000000000000000000f1a880003e6a2000000990f3c7002b6abf21749eff8c8b878b8d8a79ff80ff848a898a7874747c8effff59567473738effff5753545c3faa2ac640092cf3e900416abf21749ecbff9c9ccbff9c81cbff9b9cffff9d8181818111baba9c8181810fb9b99c12ff060224ff030012ff2b02ffff0100ffffffff00000080007f80000000400878c84d004c6abf21741396
15104225,53.346,2026-10-02T03:13:55.346000+00:00,DP0SNX,CQ,121,0,86A240404040E088A060A69CB06103F027020F1C18499E0000000000000080000000000000000000000000000000800000000000000000003213000000000000000000000000000000000000000000000000000000000031090000000000000882C20400116ABF21759E81A0FA9AAD4A000094DF73DB225CE2,27020f1c18499e0000000000000080000000000000000000000000000000800000000000000000003213000000000000000000000000000000000000000000000000000000000031090000000000000882c20400116abf21759e81a0fa9aad4a000094df73db225ce2
15104225,53.589,2026-10-02T03:13:55.589000+00:00,DP0SNX,CQ,271,0,86A240404040E088A060A69CB06103F02706105D1803000040092CF3EA00416ABEC9CC9ECBFF9C9CCBFF9C82CBFF9D9DFFFF9D8382828110BABA9C83838311B9B99C13FF060223FF010011FF0402FFFF01FFFF0000FF00000080007F8000000040092CF3EB00416ABECABC9ECBFF9C9DCBFF9C81CBFF9D9DFFFF9D8381818111BABA9C82828212B9B99C13FF060224FF010011FF0402FFFF01FF000000FF00000080007F8000000040092CF3EC00416ABECBAC9ECBFF9C9CCAFF9C81CBFF9C9CFFFF9D8281818111BABA9C82828212B9B99C13FF060224FF010012FF0402FFFF0100FF0000FF00000080007F8000000040092CF3ED00416ABECC9C9ECBFF9C9CCBFF9C84CBFF9C9BFFFF9C83830CC3,2706105d1803000040092cf3ea00416abec9cc9ecbff9c9ccbff9c82cbff9d9dffff9d8382828110baba9c83838311b9b99c13ff060223ff010011ff0402ffff01ffff0000ff00000080007f8000000040092cf3eb00416abecabc9ecbff9c9dcbff9c81cbff9d9dffff9d8381818111baba9c82828212b9b99c13ff060224ff010011ff0402ffff01ff000000ff00000080007f8000000040092cf3ec00416abecbac9ecbff9c9ccaff9c81cbff9c9cffff9d8281818111baba9c82828212b9b99c13ff060224ff010012ff0402ffff0100ff0000ff00000080007f8000000040092cf3ed00416abecc9c9ecbff9c9ccbff9c84cbff9c9bffff9c83830cc3
15104225,53.963,2026-10-02T03:13:55.963000+00:00,DP0SNX,CQ,271,1,86A240404040E088A060A69CB06103F02706115E182C8483ACBABA9C838383AEB9B99C13FF060224FF011512FF0444FFFF0118FF18000000000080007F8000000040092CF3EE00416ABECD8C9ECBFF9C9CCBFF9C84CBFF9C9BFFFF9C84858483B1BABA9C858484B2B9B99C13FF060224FF011012FF042BFFFF0110170400000000008A807F8000000040092CF3EF00416ABECE7C9ECBFF9C9CCBFF9C84CBFF9D9DFFFF9D86838483A5BABA9C858585A7B9B99C14FF060222FF012211FF0402FFFF011900FF00000000008005FF8000000040092CF3F000416ABECF6C9ECBFF9C9CCAFF9C84CBFF9C9BFFFF9C85838484A6BABA9C848484A7B9B99C13FF060229FF012211FF0448FFFF012200000B02,2706115e182c8483acbaba9c838383aeb9b99c13ff060224ff011512ff0444ffff0118ff18000000000080007f8000000040092cf3ee00416abecd8c9ecbff9c9ccbff9c84cbff9c9bffff9c84858483b1baba9c858484b2b9b99c13ff060224ff011012ff042bffff0110170400000000008a807f8000000040092cf3ef00416abece7c9ecbff9c9ccbff9c84cbff9d9dffff9d86838483a5baba9c858585a7b9b99c14ff060222ff012211ff0402ffff011900ff00000000008005ff8000000040092cf3f000416abecf6c9ecbff9c9ccaff9c84cbff9c9bffff9c85838484a6baba9c848484a7b9b99c13ff060229ff012211ff0448ffff012200000b02
15104225,54.323,2026-10-02T03:13:56.323000+00:00,DP0SNX,CQ,146,0,86A240404040E088A060A69CB06103F02700122C18000864E25F00736ABF217682261C8933BCF28000000000000261C8C5B3B528000000000000035200000C02222668019C70915493F00B0B1045DAD1C2C0A864354DB641EE322FF05B2076420068BDE4856704320069BEE583E80335B27F28FB1B00028FB20068C0650072800A0067C06401728069A300058B0460D03312,2700122c18000864e25f00736abf217682261c8933bcf28000000000000261c8c5b3b528000000000000035200000c02222668019c70915493f00b0b1045dad1c2c0a864354db641ee322ff05b2076420068bde4856704320069bee583e80335b27f28fb1b00028fb20068c0650072800a0067c06401728069a300058b0460d03312
15104225,55.214,2026-10-02T03:13:57.214000+00:00,DP0SNX,CQ,271,0,86A240404040E088A060A69CB06103F02706135F180D000000000080067F8000000040092CF3F100416ABED05C9ECBFF9C9CCBFF9C82CBFF9C9CFFFF9D84828282AABABA9C848484ACB9B99C13FF060223FF010411FF0402FFFF0104000004000000008005828000000040092CF3F200416ABED14C9ECBFF9C9CCBFF9C83CBFF9C9CFFFF9D838384839ABABA9C8282839AB9B99C13FF060224FF010311FF040CFFFF0102001700000000008000000000000040092CF3F300416ABED23C9ECBFF9C9CCBFF9C83CBFF9C9CFFFF9D85838484A7BABA9C858585A7B9B99C13FF060224FF010512FF0402FFFF0104030010000000008184870000000040092CF3F400416ABED32C9ECBFF9C9CCBFF9CC23E,2706135f180d000000000080067f8000000040092cf3f100416abed05c9ecbff9c9ccbff9c82cbff9c9cffff9d84828282aababa9c848484acb9b99c13ff060223ff010411ff0402ffff0104000004000000008005828000000040092cf3f200416abed14c9ecbff9c9ccbff9c83cbff9c9cffff9d838384839ababa9c8282839ab9b99c13ff060224ff010311ff040cffff0102001700000000008000000000000040092cf3f300416abed23c9ecbff9c9ccbff9c83cbff9c9cffff9d85838484a7baba9c858585a7b9b99c13ff060224ff010512ff0402ffff0104030010000000008184870000000040092cf3f400416abed32c9ecbff9c9ccbff9cc23e
15104225,55.588,2026-10-02T03:13:57.588000+00:00,DP0SNX,CQ,271,0,86A240404040E088A060A69CB06103F027061460183685CBFF9C9DFFFF9D85858585A0BABA9C868585A2B9B99C13FF060223FF010511FF0402FFFF0105100D09000000008800068000000040092CF3F500416ABED41C9ECBFF9C9CCBFF9C83CBFF9C9AFFFF9C83838383A8BABA9C838383A8B9B99C14FF060223FF010311FF0459FFFF010301000B000000008085870000000040092CF3F600416ABED50C9ECBFF9C9CCAFF9C84CBFF9C9DFFFF9D82848584A1BABA9C828282A0B9B99C14FF060229FF010111FF0402FFFF0101FF1B05000000008000830000000040092CF3F700416ABED5FC9ECBFF9C9CCAFF9C84CBFF9C9AFFFF9C82848484A3BABA9C818282A2B9B99C13FF060224FF0100DEF8,27061460183685cbff9c9dffff9d85858585a0baba9c868585a2b9b99c13ff060223ff010511ff0402ffff0105100d09000000008800068000000040092cf3f500416abed41c9ecbff9c9ccbff9c83cbff9c9affff9c83838383a8baba9c838383a8b9b99c14ff060223ff010311ff0459ffff010301000b000000008085870000000040092cf3f600416abed50c9ecbff9c9ccaff9c84cbff9c9dffff9d82848584a1baba9c828282a0b9b99c14ff060229ff010111ff0402ffff0101ff1b05000000008000830000000040092cf3f700416abed5fc9ecbff9c9ccaff9c84cbff9c9affff9c82848484a3baba9c818282a2b9b99c13ff060224ff0100def8
15104225,55.963,2026-10-02T03:13:57.963000+00:00,DP0SNX,CQ,271,0,86A240404040E088A060A69CB06103F027061561181712FF0466FFFF0100001208000000008001060000000040092CF3F800416ABED6EC9ECBFF9C9CCBFF9C85CBFF9C9BFFFF9C86858585A5BABA9C858585A3B9B99C13FF060222FF011A11FF0437FFFF012A070600000000008300808000000040092CF3F900416ABED7DC9ECBFF9C9CCBFF9C85CBFF9D9DFFFF9D86848484A3BABA9C858586A2B9B99D13FF060223FF011A11FF0402FFFF0120000200000000008003000000000040092CF3FA00416ABED8CC9ECBFF9C9DCBFF9C85CBFF9C9DFFFF9D86858585A2BABA9C858585A1B9B99C14FF060224FF011112FF0402FFFF0117020E00000000008100000000000040092CF3FB00416ABE7DC9,27061561181712ff0466ffff0100001208000000008001060000000040092cf3f800416abed6ec9ecbff9c9ccbff9c85cbff9c9bffff9c86858585a5baba9c858585a3b9b99c13ff060222ff011a11ff0437ffff012a070600000000008300808000000040092cf3f900416abed7dc9ecbff9c9ccbff9c85cbff9d9dffff9d86848484a3baba9c858586a2b9b99d13ff060223ff011a11ff0402ffff0120000200000000008003000000000040092cf3fa00416abed8cc9ecbff9c9dcbff9c85cbff9c9dffff9d86858585a2baba9c858585a1b9b99c14ff060224ff011112ff0402ffff0117020e00000000008100000000000040092cf3fb00416abe7dc9
15104225,56.323,2026-10-02T03:13:58.323000+00:00,DP0SNX,CQ,146,0,86A240404040E088A060A69CB06103F02700162D18000864E26000736ABF217882261C8B33BCF28000000000000261C8E5B3B528000000000000035200000C02222668019C70915494300B0B1045DAD2C2C0A86435433641EE322FF03B2076420068BDE4856704B20069BEE603E802B5B27F28FB1B00028FB2006840648074000A0068406400F28069A300058B0460D05F73,2700162d18000864e26000736abf217882261c8b33bcf28000000000000261c8e5b3b528000000000000035200000c02222668019c70915494300b0b1045dad2c2c0a86435433641ee322ff03b2076420068bde4856704b20069bee603e802b5b27f28fb1b00028fb2006840648074000a0068406400f28069a300058b0460d05f73
15104225,57.213,2026-10-02T03:13:59.213000+00:00,DP0SNX,CQ,271,0,86A240404040E088A060A69CB06103F0270617621840D9BC9ECBFF9C9CCBFF9C84CBFF9D9DFFFF9D8685858595BABA9C86858698B9B99D13FF060223FF010012FF0402FFFF010010030E000000008780088000000040092CF3FC00416ABEDAAC9ECBFF9C9DCBFF9C84CBFF9C9DFFFF9D85848484A4BABA9C858586A7B9B99C13FF060224FF010011FF0402FFFF0100FF00140000000080000C0000000040092CF3FD00416ABEDB9C9ECBFF9C9CCAFF9C84CBFF9D9DFFFF9D85838484A7BABA9C858586A4B9B99C14FF060224FF010011FF0402FFFF01FFFF000F0000000080008B8000000040092CF3FE00416ABEDC8C9ECBFF9C9CCAFF9C83CBFF9C9DFFFF9D848383839FBABA9C8484849BB9C10E,270617621840d9bc9ecbff9c9ccbff9c84cbff9d9dffff9d8685858595baba9c86858698b9b99d13ff060223ff010012ff0402ffff010010030e000000008780088000000040092cf3fc00416abedaac9ecbff9c9dcbff9c84cbff9c9dffff9d85848484a4baba9c858586a7b9b99c13ff060224ff010011ff0402ffff0100ff00140000000080000c0000000040092cf3fd00416abedb9c9ecbff9c9ccaff9c84cbff9d9dffff9d85838484a7baba9c858586a4b9b99c14ff060224ff010011ff0402ffff01ffff000f0000000080008b8000000040092cf3fe00416abedc8c9ecbff9c9ccaff9c83cbff9c9dffff9d848383839fbaba9c8484849bb9c10e
15104225,57.589,2026-10-02T03:13:59.589000+00:00,DP0SNX,CQ,271,0,86A240404040E088A060A69CB06103F0270618631821B99D13FF060224FF010011FF0402FFFF01FFFF0208000000008000048000000040092CF3FF00416ABEDD7C9ECBFF9C9CCBFF9C82CBFF9C9DFFFF9D8382828219BABA9C8383831CB9B99D14FF060226FF010011FF0402FFFF0100FF00FFFF00000080007F8000000040092CF40000416ABEDE6C9ECBFF9C9CCBFF9C81CBFF9C9DFFFF9D8381828110BABA9C83838311B9B99C13FF060227FF010011FF0402FFFF01FF000000FF00000080007F8000000040092CF40100416ABEDF5C9ECBFF9C9CCBFF9C81CBFF9D9DFFFF9D8381818110BABA9C82828310B9B99C13FF060224FF010011FF0402FFFF0100FF0000FF00000080007F80000079FD,270618631821b99d13ff060224ff010011ff0402ffff01ffff0208000000008000048000000040092cf3ff00416abedd7c9ecbff9c9ccbff9c82cbff9c9dffff9d8382828219baba9c8383831cb9b99d14ff060226ff010011ff0402ffff0100ff00ffff00000080007f8000000040092cf40000416abede6c9ecbff9c9ccbff9c81cbff9c9dffff9d8381828110baba9c83838311b9b99c13ff060227ff010011ff0402ffff01ff000000ff00000080007f8000000040092cf40100416abedf5c9ecbff9c9ccbff9c81cbff9d9dffff9d8381818110baba9c82828310b9b99c13ff060224ff010011ff0402ffff0100ff0000ff00000080007f80000079fd
15104225,57.964,2026-10-02T03:13:59.964000+00:00,DP0SNX,CQ,271,0,86A240404040E088A060A69CB06103F02706196418020040092CF40200416ABEE04C9ECBFF9C9CCBFF9C81CBFF9C9DFFFF9D8281818110BABA9C82828210B9B99C14FF060224FF010010FF0402FFFF01FFFF0000FF00000080007F8000000040092CF40300416ABEE13C9ECBFF9C9CCBFF9C81CBFF9C9DFFFF9D8281818131BABA9C82828233B9B99C13FF060224FF010012FF0402FFFF01FFFF0000FF00000080007F8000000040092CF40400416ABEE22C9ECBFF9C9CCBFF9C84CBFF9C9CFFFF9D84838483B1BABA9C838383B2B9B99C13FF060224FF011A11FF0402FFFF0117FF0F000000000080007F8000000040092CF40500416ABEE31C9ECBFF9C9CCAFF9C84CBFF9C9DFFFF9D848584240D,2706196418020040092cf40200416abee04c9ecbff9c9ccbff9c81cbff9c9dffff9d8281818110baba9c82828210b9b99c14ff060224ff010010ff0402ffff01ffff0000ff00000080007f8000000040092cf40300416abee13c9ecbff9c9ccbff9c81cbff9c9dffff9d8281818131baba9c82828233b9b99c13ff060224ff010012ff0402ffff01ffff0000ff00000080007f8000000040092cf40400416abee22c9ecbff9c9ccbff9c84cbff9c9cffff9d84838483b1baba9c838383b2b9b99c13ff060224ff011a11ff0402ffff0117ff0f000000000080007f8000000040092cf40500416abee31c9ecbff9c9ccaff9c84cbff9c9dffff9d848584240d
15104225,58.323,2026-10-02T03:14:00.323000+00:00,DP0SNX,CQ,146,0,86A240404040E088A060A69CB06103F027001A2E18000864E26100736ABF217A82261C8D33BCF28000000000000261C905B3B528000000000000035200000C02222668019C70915494100B0B1045DAD2C2C0A863F5417641EE322FF03B2076420068BDE485E704B20069BEE603E802B5B27F28FB1AE8028FB2006740638073000A0067C064007280E9A300058B0460D08CB5,27001a2e18000864e26100736abf217a82261c8d33bcf28000000000000261c905b3b528000000000000035200000c02222668019c70915494100b0b1045dad2c2c0a863f5417641ee322ff03b2076420068bde485e704b20069bee603e802b5b27f28fb1ae8028fb2006740638073000a0067c064007280e9a300058b0460d08cb5
15104225,59.228,2026-10-02T03:14:01.228000+00:00,DP0SNX,CQ,188,0,86A240404040E088A060A69CB06103F027021B1D180008C8C40800336ABF217A9E4C0001800BFB8F6C8D3040007FFF00007E4F8706805980037FF980257FFF7FFF7FFF1A55A20A83997FFF7FFF7FFF3F08D2E4C600206ABF217B9E000000020000000000000000000000000000000000000000000000000BB6E959003C6ABF217BBCF401A0FA9AC33000F001A0FA9AC32C009C24001FE30EB2FF8D958F2FA284D13F965983CF01AA35C495F9733B01AEF94C8B2648EAF12246C014F2,27021b1d180008c8c40800336abf217a9e4c0001800bfb8f6c8d3040007fff00007e4f8706805980037ff980257fff7fff7fff1a55a20a83997fff7fff7fff3f08d2e4c600206abf217b9e000000020000000000000000000000000000000000000000000000000bb6e959003c6abf217bbcf401a0fa9ac33000f001a0fa9ac32c009c24001fe30eb2ff8d958f2fa284d13f965983cf01aa35c495f9733b01aef94c8b2648eaf12246c014f2
15104225,59.539,2026-10-02T03:14:01.539000+00:00,DP0SNX,CQ,271,0,86A240404040E088A060A69CB06103F027061C65182B84AEBABA9C858485AFB9B99C13FF060227FF01FF11FF0402FFFF0100170A0E000000008680058000000040092CF40600416ABEE40C9ECBFF9C9CCAFF9C84CBFF9C9CFFFF9D85838484B2BABA9C858485AFB9B99C23FF060229FF010010FF0402FFFF010000001E0000000080038B0000000040092CF40700416ABEE4FC9ECBFF9C9CCAFF9C84CBFF9C9CFFFF9C84858585A1BABA9C858485A7B9B99C14FF060223FF010011FF0424FFFF0100140A0D000000008800098000000040092CF40800416ABEE5EC9ECBFF9C9CCBFF9C82CBFF9C9BFFFF9C82828282ABBABA9C828282A9B9B99C13FF060223FF010010FF042CFFFF010000010620EC,27061c65182b84aebaba9c858485afb9b99c13ff060227ff01ff11ff0402ffff0100170a0e000000008680058000000040092cf40600416abee40c9ecbff9c9ccaff9c84cbff9c9cffff9d85838484b2baba9c858485afb9b99c23ff060229ff010010ff0402ffff010000001e0000000080038b0000000040092cf40700416abee4fc9ecbff9c9ccaff9c84cbff9c9cffff9c84858585a1baba9c858485a7b9b99c14ff060223ff010011ff0424ffff0100140a0d000000008800098000000040092cf40800416abee5ec9ecbff9c9ccbff9c82cbff9c9bffff9c82828282abbaba9c828282a9b9b99c13ff060223ff010010ff042cffff010000010620ec
15104225,59.914,2026-10-02T03:14:01.914000+00:00,DP0SNX,CQ,271,0,86A240404040E088A060A69CB06103F027061D66180C000000008001038000000040092CF40900416ABEE6DC9ECBFF9C9CCAFF9C85CBFF9C9CFFFF9C858484849FBABA9C8585859EB9B99C13FF060223FF011911FF0427FFFF0124FF0103000000008000028000000040092CF40A00416ABEE7CC9ECBFF9C9CCBFF9C84CBFF9C9CFFFF9D85848484A6BABA9C858585A6B9B99C13FF060223FF010011FF0406FFFF0100000C100000000080008C0000000040092CF40B00416ABEE8BC9ECBFF9C9CCAFF9C83CBFF9C9DFFFF9D84838383A1BABA9C848585A1B9B99C12FF060223FF010910FF0402FFFF0108000101000000008088810000000040092CF40C00416ABEE9AC9ECBFF9C9CCAFF9C8455BB,27061d66180c000000008001038000000040092cf40900416abee6dc9ecbff9c9ccaff9c85cbff9c9cffff9c858484849fbaba9c8585859eb9b99c13ff060223ff011911ff0427ffff0124ff0103000000008000028000000040092cf40a00416abee7cc9ecbff9c9ccbff9c84cbff9c9cffff9d85848484a6baba9c858585a6b9b99c13ff060223ff010011ff0406ffff0100000c100000000080008c0000000040092cf40b00416abee8bc9ecbff9c9ccaff9c83cbff9c9dffff9d84838383a1baba9c848585a1b9b99c12ff060223ff010910ff0402ffff0108000101000000008088810000000040092cf40c00416abee9ac9ecbff9c9ccaff9c8455bb
15104225,60.273,2026-10-02T03:14:02.273000+00:00,DP0SNX,CQ,146,0,86A240404040E088A060A69CB06103F027001E2F18000864E26200736ABF217C82261C8F33BCF28000000000000261C925B3B528000000000000035200000C02222668019C70915494100B0B1045DAD342C0A863F54036416F322FEFDB20764200683DE4856704320069BEE583E802B5327F28FB1AF0028FB20068C0658072000A0067C064007200E9A300058B0460D07F1C,27001e2f18000864e26200736abf217c82261c8f33bcf28000000000000261c925b3b528000000000000035200000c02222668019c70915494100b0b1045dad342c0a863f54036416f322fefdb20764200683de4856704320069bee583e802b5327f28fb1af0028fb20068c0658072000a0067c064007200e9a300058b0460d07f1c
15104225,61.169,2026-10-02T03:14:03.169000+00:00,DP0SNX,CQ,122,0,86A240404040E088A060A69CB06103F027021F1E180008D3E4D900206ABF217C9E0000000200000000808000000000000000000000000000000000000008E6E53000346ABF217D9E78B181AC9E4C832B7281B1A484CCD72E78A9A17E7B1CA42E71AD74DE283CE72D71BD345B9A6EEC2B78B55198731CB82BB832,27021f1e180008d3e4d900206abf217c9e0000000200000000808000000000000000000000000000000000000008e6e53000346abf217d9e78b181ac9e4c832b7281b1a484ccd72e78a9a17e7b1ca42e71ad74de283ce72d71bd345b9a6eec2b78b55198731cb82bb832
15104225,61.414,2026-10-02T03:14:03.414000+00:00,DP0SNX,CQ,271,0,86A240404040E088A060A69CB06103F0270620671835CBFF9C9AFFFF9C82848484A4BABA9C818182A5B9B99C13FF060224FF010611FF0458FFFF01050011000000000080007F8000000040092CF40D00416ABEEA9C9ECBFF9C9CCAFF9C84CBFF9C9DFFFF9D85848485A0BABA9C858585A0B9B99C13FF060224FF010611FF0402FFFF0106000511000000008000098000000040092CF40E00416ABEEB8C9ECBFF9C9CCBFF9C84CBFF9C9CFFFF9D8584848499BABA9C86858699B9B99C13FF060224FF010011FF0402FFFF010008060B000000008600868000000040092CF40F00416ABEEC7C9ECBFF9C9CCAFF9C85CBFF9C9CFFFF9D868585859CBABA9C86868699B9B99C14FF060224FF010111A68C,270620671835cbff9c9affff9c82848484a4baba9c818182a5b9b99c13ff060224ff010611ff0458ffff01050011000000000080007f8000000040092cf40d00416abeea9c9ecbff9c9ccaff9c84cbff9c9dffff9d85848485a0baba9c858585a0b9b99c13ff060224ff010611ff0402ffff0106000511000000008000098000000040092cf40e00416abeeb8c9ecbff9c9ccbff9c84cbff9c9cffff9d8584848499baba9c86858699b9b99c13ff060224ff010011ff0402ffff010008060b000000008600868000000040092cf40f00416abeec7c9ecbff9c9ccaff9c85cbff9c9cffff9d868585859cbaba9c86868699b9b99c14ff060224ff010111a68c
15104225,61.789,2026-10-02T03:14:03.789000+00:00,DP0SNX,CQ,271,0,86A240404040E088A060A69CB06103F0270621681816FF0403FFFF0101091004000000008580848000000040092CF41000416ABEED6C9ECBFF9C9DCBFF9C85CBFF9D9DFFFF9D85858685A2BABA9C858586A1B9B99C13FF060222FF010210FF0402FFFF0103041704000000008200088000000040092CF41100416ABEEE5C9ECBFF9C9DCBFF9C85CBFF9C9DFFFF9D85858685A3BABA9C858586A2B9B99C13FF060224FF010111FF0403FFFF0102031606000000008180090000000040092CF41200416ABEEF4C9ECBFF9C9DCBFF9C85CBFF9D9DFFFF9D85848585A4BABA9C858585A3B9B99D13FF060223FF010011FF0502FFFF0100001506000000008000098000000040092CF41300416ABEF0A008,270621681816ff0403ffff0101091004000000008580848000000040092cf41000416abeed6c9ecbff9c9dcbff9c85cbff9d9dffff9d85858685a2baba9c858586a1b9b99c13ff060222ff010210ff0402ffff0103041704000000008200088000000040092cf41100416abeee5c9ecbff9c9dcbff9c85cbff9c9dffff9d85858685a3baba9c858586a2b9b99c13ff060224ff010111ff0403ffff0102031606000000008180090000000040092cf41200416abeef4c9ecbff9c9dcbff9c85cbff9d9dffff9d85848585a4baba9c858585a3b9b99d13ff060223ff010011ff0502ffff0100001506000000008000098000000040092cf41300416abef0a008
15104225,62.148,2026-10-02T03:14:04.148000+00:00,DP0SNX,CQ,146,0,86A240404040E088A060A69CB06103F02700223018000864E26300736ABF217E82261C9133BCF28000000000000261C945B3B528000000000000035200000C02222668019C70915493D00B0B1045DAD2C2C0A863F54BF6416F322FF05B20764200683CE4876705B20069BEE603E80335327F28FB1B00028FB20068C0650073000A00684064007280E9A300058B0460D08900,2700223018000864e26300736abf217e82261c9133bcf28000000000000261c945b3b528000000000000035200000c02222668019c70915493d00b0b1045dad2c2c0a863f54bf6416f322ff05b20764200683ce4876705b20069bee603e80335327f28fb1b00028fb20068c0650073000a00684064007280e9a300058b0460d08900
15104225,63.064,2026-10-02T03:14:05.064000+00:00,DP0SNX,CQ,271,0,86A240404040E088A060A69CB06103F027062369183F3C9ECBFF9C9CCBFF9C85CBFF9C9DFFFF9D85858685A2BABA9C858585A0B9B99C13FF060224FF010011FF0402FFFF0100091203000000008480040000000040092CF41400416ABEF12C9ECBFF9C9CCBFF9C84CBFF9C9DFFFF9D868585844ABABA9C868686A1B9B99C13FF060224FF010010FF0402FFFF01FF0A0207000000008380068000000040092CF41500416ABEF21C9ECBFF9C9CCAFF9C83CBFF9C9CFFFF9D84838383A8BABA9C838384A4B9B99C13FF060223FF010011FF0409FFFF01FFFF0007000000008000038000000040092CF41600416ABEF30C9ECBFF9C9DCBFF9C82CBFF9C9DFFFF9D828282821CBABA9C8282821CB9B9CC8C,27062369183f3c9ecbff9c9ccbff9c85cbff9c9dffff9d85858685a2baba9c858585a0b9b99c13ff060224ff010011ff0402ffff0100091203000000008480040000000040092cf41400416abef12c9ecbff9c9ccbff9c84cbff9c9dffff9d868585844ababa9c868686a1b9b99c13ff060224ff010010ff0402ffff01ff0a0207000000008380068000000040092cf41500416abef21c9ecbff9c9ccaff9c83cbff9c9cffff9d84838383a8baba9c838384a4b9b99c13ff060223ff010011ff0409ffff01ffff0007000000008000038000000040092cf41600416abef30c9ecbff9c9dcbff9c82cbff9c9dffff9d828282821cbaba9c8282821cb9b9cc8c
15104225,63.439,2026-10-02T03:14:05.439000+00:00,DP0SNX,CQ,271,0,86A240404040E088A060A69CB06103F02706246A18209C13FF060224FF010012FF0402FFFF01FF000000FF00000080007F8000000040092CF41700416ABEF3FC9ECBFF9C9CCAFF9C82CBFF9C9DFFFF9D8282828210BABA9C82828210B9B99C14FF060227FF010011FF0402FFFF01FFFF0000FF00000080007F8000000040092CF41800416ABEF4EC9ECBFF9C9CCAFF9C82CBFF9C9DFFFF9D8282828210BABA9C81818210B9B99C14FF060224FF010011FF0402FFFF0100FF0000FF00000080007F8000000040092CF41900416ABEF5DC9ECBFF9C9CCAFF9C81CBFF9C9DFFFF9D8181828110BABA9C81818110B9B99C13FF060226FF010012FF0402FFFF0100FF0000FF00000080007F80000000F2FD,2706246a18209c13ff060224ff010012ff0402ffff01ff000000ff00000080007f8000000040092cf41700416abef3fc9ecbff9c9ccaff9c82cbff9c9dffff9d8282828210baba9c82828210b9b99c14ff060227ff010011ff0402ffff01ffff0000ff00000080007f8000000040092cf41800416abef4ec9ecbff9c9ccaff9c82cbff9c9dffff9d8282828210baba9c81818210b9b99c14ff060224ff010011ff0402ffff0100ff0000ff00000080007f8000000040092cf41900416abef5dc9ecbff9c9ccaff9c81cbff9c9dffff9d8181828110baba9c81818110b9b99c13ff060226ff010012ff0402ffff0100ff0000ff00000080007f80000000f2fd
15104225,63.814,2026-10-02T03:14:05.814000+00:00,DP0SNX,CQ,271,0,86A240404040E088A060A69CB06103F02706256B180140092CF41A00416ABEF6CC9ECBFF9C9CCBFF9C81CBFF9C9CFFFF9D8281818129BABA9C82828230B9B99C13FF060223FF010011FF0402FFFF01FFFF00FFFF00000080007F8000000040092CF41B00416ABEF7BC9ECBFF9C9CCAFF9C83CBFF9C9CFFFF9D85838384B7BABA9C848585B8B9B99C13FF060223FF01FF10FF040AFFFF01000000220000000080038F0000000040092CF41C00416ABEF8AC9ECBFF9C9CCBFF9C84CBFF9C9CFFFF9D85838484A9BABA9C858485B2B9B99C19FF060224FF010010FF0406FFFF01FF00011E0000000081000D8000000040092CF41D00416ABEF99C9ECBFF9C9CCAFF9C84CBFF9C9CFFFF9D84838484016B,2706256b180140092cf41a00416abef6cc9ecbff9c9ccbff9c81cbff9c9cffff9d8281818129baba9c82828230b9b99c13ff060223ff010011ff0402ffff01ffff00ffff00000080007f8000000040092cf41b00416abef7bc9ecbff9c9ccaff9c83cbff9c9cffff9d85838384b7baba9c848585b8b9b99c13ff060223ff01ff10ff040affff01000000220000000080038f0000000040092cf41c00416abef8ac9ecbff9c9ccbff9c84cbff9c9cffff9d85838484a9baba9c858485b2b9b99c19ff060224ff010010ff0406ffff01ff00011e0000000081000d8000000040092cf41d00416abef99c9ecbff9c9ccaff9c84cbff9c9cffff9d84838484016b
15104225,64.173,2026-10-02T03:14:06.173000+00:00,DP0SNX,CQ,146,0,86A240404040E088A060A69CB06103F02700263118000864E26400736ABF218082261C9333BCF28000000000000261C965B3B528000000000000035200000C02222668019C70915494900B0B1045DAD2C2C0A863F54AB6416F322FEFFB2076420068BDE4856704B20069BE65846802B5327F28FB1B00028FB20068C0650074000A0068406400F28069A300058B0460D07E6E,2700263118000864e26400736abf218082261c9333bcf28000000000000261c965b3b528000000000000035200000c02222668019c70915494900b0b1045dad2c2c0a863f54ab6416f322feffb2076420068bde4856704b20069be65846802b5327f28fb1b00028fb20068c0650074000a0068406400f28069a300058b0460d07e6e
15104225,65.064,2026-10-02T03:14:07.063999999+00:00,DP0SNX,CQ,271,0,86A240404040E088A060A69CB06103F02706276C182AA9BABA9C848484A8B9B99C13FF060223FF010010FF0402FFFF010000160B000000008000090000000040092CF41E00416ABEFA8C9ECBFF9C9CCAFF9C82CBFF9C9CFFFF9D84828282AEBABA9C848484ACB9B99C13FF060227FF010010FF0402FFFF0100FF0002000000008005810000000040092CF41F00416ABEFB7C9ECBFF9C9CCBFF9C85CBFF9C9CFFFF9D86848484A9BABA9C858685A6B9B99C13FF060222FF012410FF0402FFFF011D000000000000008003800000000040092CF42000416ABEFC6C9ECBFF9C9CCAFF9C85CBFF9C9CFFFF9D86848484A6BABA9C858585A4B9B99C13FF060224FF011C10FF0402FFFF0123FF000100447B,2706276c182aa9baba9c848484a8b9b99c13ff060223ff010010ff0402ffff010000160b000000008000090000000040092cf41e00416abefa8c9ecbff9c9ccaff9c82cbff9c9cffff9d84828282aebaba9c848484acb9b99c13ff060227ff010010ff0402ffff0100ff0002000000008005810000000040092cf41f00416abefb7c9ecbff9c9ccbff9c85cbff9c9cffff9d86848484a9baba9c858685a6b9b99c13ff060222ff012410ff0402ffff011d000000000000008003800000000040092cf42000416abefc6c9ecbff9c9ccaff9c85cbff9c9cffff9d86848484a6baba9c858585a4b9b99c13ff060224ff011c10ff0402ffff0123ff000100447b
15104225,65.439,2026-10-02T03:14:07.438999999+00:00,DP0SNX,CQ,271,0,86A240404040E088A060A69CB06103F02706286D180B0000008001808000000040092CF42100416ABEFD5C9ECBFF9C9CCBFF9C85CBFF9C9CFFFF9D85848585A7BABA9C858585A6B9B99C13FF060224FF010310FF0402FFFF0104001707000000008000098000000040092CF42200416ABEFE4C9ECBFF9C9CCAFF9C85CBFF9C9BFFFF9C858686859BBABA9C8685859AB9B99C13FF060224FF010111FF043BFFFF01040F14050000000087000A0000000040092CF42300416ABEFF3C9ECBFF9C9CCBFF9C84CBFF9C9BFFFF9C83848584A5BABA9C828383A5B9B99C14FF060224FF010210FF042EFFFF0103000D0A000000008000888000000040092CF42400416ABF002C9ECBFF9C9CCBFF9C85CBC6AF,2706286d180b0000008001808000000040092cf42100416abefd5c9ecbff9c9ccbff9c85cbff9c9cffff9d85848585a7baba9c858585a6b9b99c13ff060224ff010310ff0402ffff0104001707000000008000098000000040092cf42200416abefe4c9ecbff9c9ccaff9c85cbff9c9bffff9c858686859bbaba9c8685859ab9b99c13ff060224ff010111ff043bffff01040f14050000000087000a0000000040092cf42300416abeff3c9ecbff9c9ccbff9c84cbff9c9bffff9c83848584a5baba9c828383a5b9b99c14ff060224ff010210ff042effff0103000d0a000000008000888000000040092cf42400416abf002c9ecbff9c9ccbff9c85cbc6af
15104225,65.814,2026-10-02T03:14:07.813999999+00:00,DP0SNX,CQ,271,0,86A240404040E088A060A69CB06103F02706296E1834FF9C9CFFFF9D858485859FBABA9C858585A1B9B99C14FF060223FF010411FF0402FFFF0104000E0A0000000080000A0000000040092CF42500416ABF011C9ECBFF9C9CCAFF9C85CBFF9C9CFFFF9D868586859DBABA9C8686869CB9B99C13FF060223FF010410FF0403FFFF0108041502000000008480060000000040092CF42600416ABF020C9ECBFF9C9CCBFF9C85CBFF9C9CFFFF9D86858585A2BABA9C868686A4B9B99C13FF060224FF010511FF0404FFFF0103040C05000000008300060000000040092CF42700416ABF02FC9ECBFF9C9CCBFF9C84CBFF9C9DFFFF9D86848485A5BABA9C86868695B9B99C14FF060229FF010111FFEE86,2706296e1834ff9c9cffff9d858485859fbaba9c858585a1b9b99c14ff060223ff010411ff0402ffff0104000e0a0000000080000a0000000040092cf42500416abf011c9ecbff9c9ccaff9c85cbff9c9cffff9d868586859dbaba9c8686869cb9b99c13ff060223ff010410ff0403ffff0108041502000000008480060000000040092cf42600416abf020c9ecbff9c9ccbff9c85cbff9c9cffff9d86858585a2baba9c868686a4b9b99c13ff060224ff010511ff0404ffff0103040c05000000008300060000000040092cf42700416abf02fc9ecbff9c9ccbff9c84cbff9c9dffff9d86848485a5baba9c86868695b9b99c14ff060229ff010111ffee86
15104225,66.173,2026-10-02T03:14:08.173000+00:00,DP0SNX,CQ,146,0,86A240404040E088A060A69CB06103F027002A3218000864E26500736ABF218282261C9533BCF28000000000000261C985B3B528000000000000035200000C02222668019C70915494900B0B1045DAD342C0A863F55036416F322FF01B2076420068BDE4856704B20069BEE603E802B5327F28FB1AE8028FB2006940658071800A0067C06400F280E9A300058B0460D08C7B,27002a3218000864e26500736abf218282261c9533bcf28000000000000261c985b3b528000000000000035200000c02222668019c70915494900b0b1045dad342c0a863f55036416f322ff01b2076420068bde4856704b20069bee603e802b5327f28fb1ae8028fb2006940658071800a0067c06400f280e9a300058b0460d08c7b
15104225,67.089,2026-10-02T03:14:09.089000+00:00,DP0SNX,CQ,271,0,86A240404040E088A060A69CB06103F027062B6F18150402FFFF010102020600000000818087AB00000040092CF42800416ABF03EC9ECBFF9C9CCAFF9C84CBFF9C9DFFFF9D85848484A2BABA9C85858697B9B99C14FF060224FF010011FF0403FFFF010000080C000000008000882380000040092CF42900416ABF04DC9ECBFF9C9DCAFF9C83CBFF9D9DFFFF9D838384839EBABA9C82828390B9B99C13FF060228FF010011FF0402FFFF0100000C01000000008000002080000040092CF42A00416ABF05CC9ECBFF9C9DCAFF9C85CBFF9C9BFFFF9C84858685A0BABA9C848384A0B9B99C14FF060228FF010510FF0432FFFF01100813000000000084007F8000000040092CF42B00416ABF06BC5E83,27062b6f18150402ffff010102020600000000818087ab00000040092cf42800416abf03ec9ecbff9c9ccaff9c84cbff9c9dffff9d85848484a2baba9c85858697b9b99c14ff060224ff010011ff0403ffff010000080c000000008000882380000040092cf42900416abf04dc9ecbff9c9dcaff9c83cbff9d9dffff9d838384839ebaba9c82828390b9b99c13ff060228ff010011ff0402ffff0100000c01000000008000002080000040092cf42a00416abf05cc9ecbff9c9dcaff9c85cbff9c9bffff9c84858685a0baba9c848384a0b9b99c14ff060228ff010510ff0432ffff01100813000000000084007f8000000040092cf42b00416abf06bc5e83
15104225,67.464,2026-10-02T03:14:09.464000+00:00,DP0SNX,CQ,271,0,86A240404040E088A060A69CB06103F027062C70183E9ECBFF9C9DCBFF9C84CBFF9D9DFFFF9D85848485A3BABA9C858585A3B9B99C13FF060224FF010011FF0402FFFF01FFFF060F0000000080000B0000000040092CF42C00416ABF07AC9ECBFF9C9DCBFF9C83CBFF9C9CFFFF9D838383839ABABA9C83838498B9B99C14FF060224FF010012FF0404FFFF0100000003000000008000020000000040092CF42D00416ABF089C9ECBFF9C9DCAFF9C82CBFF9C9DFFFF9D8382828216BABA9C8383831AB9B99C13FF060223FF010011FF0402FFFF01FFFF0000FF00000080007F8000000040092CF42E00416ABF098C9ECBFF9C9DCBFF9C82CBFF9C9DFFFF9D8382828210BABA9C82828310B9B99C55C3,27062c70183e9ecbff9c9dcbff9c84cbff9d9dffff9d85848485a3baba9c858585a3b9b99c13ff060224ff010011ff0402ffff01ffff060f0000000080000b0000000040092cf42c00416abf07ac9ecbff9c9dcbff9c83cbff9c9cffff9d838383839ababa9c83838498b9b99c14ff060224ff010012ff0404ffff0100000003000000008000020000000040092cf42d00416abf089c9ecbff9c9dcaff9c82cbff9c9dffff9d8382828216baba9c8383831ab9b99c13ff060223ff010011ff0402ffff01ffff0000ff00000080007f8000000040092cf42e00416abf098c9ecbff9c9dcbff9c82cbff9c9dffff9d8382828210baba9c82828310b9b99c55c3
15104225,67.839,2026-10-02T03:14:09.839000+00:00,DP0SNX,CQ,271,0,86A240404040E088A060A69CB06103F027062D71181F13FF060224FF010011FF0402FFFF0100000000FF00000080007F8000000040092CF42F00416ABF0A7C9ECBFF9C9CCAFF9C82CBFF9C9CFFFF9D8282828210BABA9C82828310B9B99C14FF060224FF010011FF0402FFFF01FFFF0000FF00000080007F8000000040092CF43000416ABF0B6C9ECBFF9C9CCBFF9C81CBFF9C9CFFFF9D8281818110BABA9C82828210B9B99C14FF060222FF010011FF0402FFFF0100000000FF00000080007F8000000040092CF43100416ABF0C5C9ECBFF9C9CCBFF9C81CBFF9C9CFFFF9D8281818135BABA9C82828239B9B99C13FF060223FF010011FF0402FFFF0100FF00000000000080007F8000000040E6D9,27062d71181f13ff060224ff010011ff0402ffff0100000000ff00000080007f8000000040092cf42f00416abf0a7c9ecbff9c9ccaff9c82cbff9c9cffff9d8282828210baba9c82828310b9b99c14ff060224ff010011ff0402ffff01ffff0000ff00000080007f8000000040092cf43000416abf0b6c9ecbff9c9ccbff9c81cbff9c9cffff9d8281818110baba9c82828210b9b99c14ff060222ff010011ff0402ffff0100000000ff00000080007f8000000040092cf43100416abf0c5c9ecbff9c9ccbff9c81cbff9c9cffff9d8281818135baba9c82828239b9b99c13ff060223ff010011ff0402ffff0100ff00000000000080007f8000000040e6d9
15104225,68.198,2026-10-02T03:14:10.197999999+00:00,DP0SNX,CQ,146,0,86A240404040E088A060A69CB06103F027002E3318000864E26600736ABF218482261C9733BCF28000000000000261C9A5B3B528000000000000035200000C02222668019C70915494700B0B1045DAD342C0A863F54476416F324FF07B2076420068BDE485E704B20069BEE603E802B5327F28FB1B00028FB20067C06401F3818A0068406380F20069A300058B0460D07292,27002e3318000864e26600736abf218482261c9733bcf28000000000000261c9a5b3b528000000000000035200000c02222668019c70915494700b0b1045dad342c0a863f54476416f324ff07b2076420068bde485e704b20069bee603e802b5327f28fb1b00028fb20067c06401f3818a0068406380f20069a300058b0460d07292
15104225,69.089,2026-10-02T03:14:11.089000+00:00,DP0SNX,CQ,271,0,86A240404040E088A060A69CB06103F027062F721800092CF43200416ABF0D4C9ECBFF9C9CCAFF9C83CBFF9C9CFFFF9D85828383B5BABA9C848585B5B9B99C13FF060223FF010010FF0402FFFF0100FF001B0000000080048D8000000040092CF43300416ABF0E3C9ECBFF9C9CCAFF9C84CBFF9C9CFFFF9D84848584ABBABA9C848485ACB9B99C13FF060224FF010010FF0403FFFF01FFFF170E0000000080000D0000000040092CF43400416ABF0F2C9ECBFF9C9CCBFF9C84CBFF9C9DFFFF9D85848584A8BABA9C858585A8B9B99C13FF060224FF010010FF0402FFFF01FF020E100000000083800B0000000040092CF43500416ABF101C9ECBFF9C9CCBFF9C84CBFF9C9CFFFF9D85838485A78AFB,27062f721800092cf43200416abf0d4c9ecbff9c9ccaff9c83cbff9c9cffff9d85828383b5baba9c848585b5b9b99c13ff060223ff010010ff0402ffff0100ff001b0000000080048d8000000040092cf43300416abf0e3c9ecbff9c9ccaff9c84cbff9c9cffff9d84848584abbaba9c848485acb9b99c13ff060224ff010010ff0403ffff01ffff170e0000000080000d0000000040092cf43400416abf0f2c9ecbff9c9ccbff9c84cbff9c9dffff9d85848584a8baba9c858585a8b9b99c13ff060224ff010010ff0402ffff01ff020e100000000083800b0000000040092cf43500416abf101c9ecbff9c9ccbff9c84cbff9c9cffff9d85838485a78afb
15104225,69.464,2026-10-02T03:14:11.464000+00:00,DP0SNX,CQ,271,0,86A240404040E088A060A69CB06103F0270630731829BABA9C868586AAB9B99C12FF060224FF010011FF0402FFFF01FF0008160000000083800B0000000040092CF43600416ABF110C9ECBFF9C9CCBFF9C84CBFF9C9CFFFF9D85838384AABABA9C858585ABB9B99C13FF060223FF010011FF0407FFFF01000200190000000080018A0000000040092CF43700416ABF11FC9ECBFF9C9CCBFF9C84CBFF9C9CFFFF9D86848485A7BABA9C868586A9B9B99C13FF060224FF010010FF0403FFFF0100010714000000008400078000000040092CF43800416ABF12EC9ECBFF9C9CCBFF9C84CBFF9C9DFFFF9D85848485AFBABA9C858586A9B9B99C13FF060229FF010011FF0402FFFF0100000A0C000036A2,270630731829baba9c868586aab9b99c12ff060224ff010011ff0402ffff01ff0008160000000083800b0000000040092cf43600416abf110c9ecbff9c9ccbff9c84cbff9c9cffff9d85838384aababa9c858585abb9b99c13ff060223ff010011ff0407ffff01000200190000000080018a0000000040092cf43700416abf11fc9ecbff9c9ccbff9c84cbff9c9cffff9d86848485a7baba9c868586a9b9b99c13ff060224ff010010ff0403ffff0100010714000000008400078000000040092cf43800416abf12ec9ecbff9c9ccbff9c84cbff9c9dffff9d85848485afbaba9c858586a9b9b99c13ff060229ff010011ff0402ffff0100000a0c000036a2
15104225,69.839,2026-10-02T03:14:11.839000+00:00,DP0SNX,CQ,271,0,86A240404040E088A060A69CB06103F027063174180A00008000098000000040092CF43900416ABF13DC9ECBFF9C9CCAFF9C84CBFF9C9CFFFF9D85848585A7BABA9C858585A1B9B99C13FF060224FF010011FF040AFFFF010001110A000000008081080000000040092CF43A00416ABF14CC9ECBFF9C9CCBFF9C84CBFF9C9DFFFF9D85868584A5BABA9C868585A1B9B99C13FF060222FF010012FF0402FFFF0100180404000000008880028000000040092CF43B00416ABF15BC9ECBFF9C9CCBFF9C85CBFF9C9CFFFF9D858585859CBABA9C85858597B9B99C14FF060224FF010810FF0403FFFF0111021500000000008100800000000040092CF43C00416ABF16AC9ECBFF9C9DCAFF9C84CBFF3F9C,27063174180a00008000098000000040092cf43900416abf13dc9ecbff9c9ccaff9c84cbff9c9cffff9d85848585a7baba9c858585a1b9b99c13ff060224ff010011ff040affff010001110a000000008081080000000040092cf43a00416abf14cc9ecbff9c9ccbff9c84cbff9c9dffff9d85868584a5baba9c868585a1b9b99c13ff060222ff010012ff0402ffff0100180404000000008880028000000040092cf43b00416abf15bc9ecbff9c9ccbff9c85cbff9c9cffff9d858585859cbaba9c85858597b9b99c14ff060224ff010810ff0403ffff0111021500000000008100800000000040092cf43c00416abf16ac9ecbff9c9dcaff9c84cbff3f9c
15104225,70.198,2026-10-02T03:14:12.198000+00:00,DP0SNX,CQ,146,0,86A240404040E088A060A69CB06103F02700323418000864E26700736ABF218682261C9933BCF28000000000000261C9C5B3B528000000000000035200000C02222668019C70915494100B0B1045DAD3C2C0A863F54036416F324FF0DB2076420068BDE485670432006A3EE583E782B5327F28FB1B00028FB20068C0650072800A0068406401728069A300058B0460D011EA,2700323418000864e26700736abf218682261c9933bcf28000000000000261c9c5b3b528000000000000035200000c02222668019c70915494100b0b1045dad3c2c0a863f54036416f324ff0db2076420068bde485670432006a3ee583e782b5327f28fb1b00028fb20068c0650072800a0068406401728069a300058b0460d011ea
15104225,71.094,2026-10-02T03:14:13.094000+00:00,DP0SNX,CQ,114,0,86A240404040E088A060A69CB06103F02702331F1800087DC68900536ABF21869E0008EB524906FA06FB06FA06FB0000059500000595000000CC000000DF005D035200000000000000000000000000510000053505340536000000A110572DB6000C000002CB01650000000400005555864D,2702331f1800087dc68900536abf21869e0008eb524906fa06fb06fa06fb0000059500000595000000cc000000df005d035200000000000000000000000000510000053505340536000000a110572db6000c000002cb01650000000400005555864d
15104225,71.339,2026-10-02T03:14:13.339000+00:00,DP0SNX,CQ,271,0,86A240404040E088A060A69CB06103F02706347518339C9DFFFF9D858484859FBABA9C8585869BB9B99C13FF060224FF010811FF0402FFFF010700020D000000008000080000000040092CF43D00416ABF179C9ECBFF9C9DCBFF9C84CBFF9C9CFFFF9D8684848597BABA9C86868796B9B99C13FF060224FF010011FF0405FFFF010000090D000000008500870000000040092CF43E00416ABF188C9ECBFF9C9DCAFF9C85CBFF9C9DFFFF9D868485859FBABA9C8686869DB9B99C13FF060222FF010111FF0402FFFF0100031305000000008380848000000040092CF43F00416ABF197C9ECBFF9C9DCAFF9C84CBFF9C9DFFFF9D85848585A3BABA9C858586A1B9B99C13FF060228FF010012FF044318,2706347518339c9dffff9d858484859fbaba9c8585869bb9b99c13ff060224ff010811ff0402ffff010700020d000000008000080000000040092cf43d00416abf179c9ecbff9c9dcbff9c84cbff9c9cffff9d8684848597baba9c86868796b9b99c13ff060224ff010011ff0405ffff010000090d000000008500870000000040092cf43e00416abf188c9ecbff9c9dcaff9c85cbff9c9dffff9d868485859fbaba9c8686869db9b99c13ff060222ff010111ff0402ffff0100031305000000008380848000000040092cf43f00416abf197c9ecbff9c9dcaff9c84cbff9c9dffff9d85848585a3baba9c858586a1b9b99c13ff060228ff010012ff044318
15104225,71.714,2026-10-02T03:14:13.714000+00:00,DP0SNX,CQ,271,0,86A240404040E088A060A69CB06103F027063576181403FFFF010002080C0000000081000A8000000040092CF44000416ABF1A6C9ECBFF9C9CCAFF9C84CBFF9C9DFFFF9D85848484A4BABA9C8585869FB9B99C14FF060222FF010010FF0402FFFF010000030E000000008000098000000040092CF44100416ABF1B5C9ECBFF9C9DCAFF9C84CBFF9D9DFFFF9D85848485A1BABA9C8585869DB9B99C13FF060224FF010010FF0402FFFF0100FF0311000000008000098000000040092CF44200416ABF1C4C9ECAFF9C9DCAFF9C84CBFF9D9DFFFF9D858484849FBABA9C8585869CB9B99D14FF060224FF010011FF0403FFFF01FFFF080E000000018000078000000040092CF44300416ABF1D3C9E7540,27063576181403ffff010002080c0000000081000a8000000040092cf44000416abf1a6c9ecbff9c9ccaff9c84cbff9c9dffff9d85848484a4baba9c8585869fb9b99c14ff060222ff010010ff0402ffff010000030e000000008000098000000040092cf44100416abf1b5c9ecbff9c9dcaff9c84cbff9d9dffff9d85848485a1baba9c8585869db9b99c13ff060224ff010010ff0402ffff0100ff0311000000008000098000000040092cf44200416abf1c4c9ecaff9c9dcaff9c84cbff9d9dffff9d858484849fbaba9c8585869cb9b99d14ff060224ff010011ff0403ffff01ffff080e000000018000078000000040092cf44300416abf1d3c9e7540
15104225,72.089,2026-10-02T03:14:14.089000+00:00,DP0SNX,CQ,271,0,86A240404040E088A060A69CB06103F027063677183DCBFF9C9DCAFF9C83CBFF9D9DFFFF9D8383838397BABA9C83838492B9B99D13FF060224FF010010FF0402FFFF01FF000001000000008000008000000040092CF44400416ABF1E2C9ECBFF9C9DCBFF9C82CBFF9C9DFFFF9D8382828212BABA9C82828313B9B99C13FF060223FF010010FF0402FFFF0100FF00FFFF00000080007F8000000040092CF44500416ABF1F1C9ECAFF9C9CCAFF9C82CBFF9D9DFFFF9D8282828210BABA9C82828211B9B99C14FF060224FF010010FF0402FFFF0100000000FF00000080007F8000000040092CF44600416ABF200C9ECBFF9C9CCBFF9C82CBFF9C9DFFFF9D8282828210BABA9C82828211B9B99C12A0C9,27063677183dcbff9c9dcaff9c83cbff9d9dffff9d8383838397baba9c83838492b9b99d13ff060224ff010010ff0402ffff01ff000001000000008000008000000040092cf44400416abf1e2c9ecbff9c9dcbff9c82cbff9c9dffff9d8382828212baba9c82828313b9b99c13ff060223ff010010ff0402ffff0100ff00ffff00000080007f8000000040092cf44500416abf1f1c9ecaff9c9ccaff9c82cbff9d9dffff9d8282828210baba9c82828211b9b99c14ff060224ff010010ff0402ffff0100000000ff00000080007f8000000040092cf44600416abf200c9ecbff9c9ccbff9c82cbff9c9dffff9d8282828210baba9c82828211b9b99c12a0c9
15104225,72.448,2026-10-02T03:14:14.448000+00:00,DP0SNX,CQ,146,0,86A240404040E088A060A69CB06103F02700373518000864E26800736ABF218882261C9B33BCF28000000000000261C9E5B3B528000000000000035200000C02222668019C70915494100B0B1045DAD2C2C0A863F54B76416F324FF07B2076420068BDE4856704B20069BEE603E802B5327F28FB1B00028FB2006940658071800A0068406400F28069A300058B0460D083B7,2700373518000864e26800736abf218882261c9b33bcf28000000000000261c9e5b3b528000000000000035200000c02222668019c70915494100b0b1045dad2c2c0a863f54b76416f324ff07b2076420068bde4856704b20069bee603e802b5327f28fb1b00028fb2006940658071800a0068406400f28069a300058b0460d083b7
15104225,73.364,2026-10-02T03:14:15.364000+00:00,DP0SNX,CQ,271,0,86A240404040E088A060A69CB06103F027063878181EFF060224FF010011FF0402FFFF01FF000000FF00000080007F8000000040092CF44700416ABF20FC9ECBFF9C9DCBFF9C81CBFF9D9DFFFF9D8281818110BABA9C82828210B9B99D12FF060225FF010012FF0402FFFF01FF000000FF00000080007F800000004008C8C40900336ABE7A1782620001255845A5F1C04340007FFF00007996869080BB7FD480017FF4D06FA03FDE321A51A1D88E7D7FFF7FFF7FFFFF08C8C40A00336ABE7A27826A0002A558E3A312C02640007FFF00007A91854F800B800E80027FFFD21C98C9DF011A51A13A8E437FFF7FFF7FFFFF08C8C40B00336ABE7A37826A0002A559C39F02BFF340007FFF00007AB62950,27063878181eff060224ff010011ff0402ffff01ff000000ff00000080007f8000000040092cf44700416abf20fc9ecbff9c9dcbff9c81cbff9d9dffff9d8281818110baba9c82828210b9b99d12ff060225ff010012ff0402ffff01ff000000ff00000080007f800000004008c8c40900336abe7a1782620001255845a5f1c04340007fff00007996869080bb7fd480017ff4d06fa03fde321a51a1d88e7d7fff7fff7fffff08c8c40a00336abe7a27826a0002a558e3a312c02640007fff00007a91854f800b800e80027fffd21c98c9df011a51a13a8e437fff7fff7fffff08c8c40b00336abe7a37826a0002a559c39f02bff340007fff00007ab62950
15104225,73.739,2026-10-02T03:14:15.739000+00:00,DP0SNX,CQ,271,0,86A240404040E088A060A69CB06103F027063979181D854C807B7FDE80027FFDD4928E33DF051A51A07E8E027FFF7FFF7FFFFF08C8C40C00336ABE7A47826B0002A55A599C50BFF740007FFF00007AD2855480BE7FDD7FF97FFCD68786F4DE0E1A519FC28DC37FFF7FFF7FFFFF08C8C40D00336ABE7A57826B0001255B2999EFC01440007FFF00007976873E81177FE480027FFCD9097FF3DBF21A519F068D867FFF7FFF7FFFFF08C8C40E00336ABE7A67826B0001215C129830BFE740007FFF00007BF782DA7F977FE37FF88007DB517B61D9911A519E4D8D4C7FFF7FFF7FFFFF08C8C40F00336ABE7A77826B0002A15D2F9655C02040007FFF00007B59857781697FF97FFE7FF4DDE4758BD6441C,27063979181d854c807b7fde80027ffdd4928e33df051a51a07e8e027fff7fff7fffff08c8c40c00336abe7a47826b0002a55a599c50bff740007fff00007ad2855480be7fdd7ff97ffcd68786f4de0e1a519fc28dc37fff7fff7fffff08c8c40d00336abe7a57826b0001255b2999efc01440007fff00007976873e81177fe480027ffcd9097ff3dbf21a519f068d867fff7fff7fffff08c8c40e00336abe7a67826b0001215c129830bfe740007fff00007bf782da7f977fe37ff88007db517b61d9911a519e4d8d4c7fff7fff7fffff08c8c40f00336abe7a77826b0002a15d2f9655c02040007fff00007b59857781697ff97ffe7ff4dde4758bd6441c
15104225,74.123,2026-10-02T03:14:16.123000+00:00,DP0SNX,CQ,146,0,86A240404040E088A060A69CB06103F027003A3618000864E26900736ABF218A82261C9D33BCF28000000000000261CA05B3B528000000000000035200000C02222668019C70915494500B0B1045DAD342C0A863F54D36416F324FF15B2076420068BDE4856704B20069BEE583E802B5327F28FB1B00028FB2006940658071800A0068406401728069A300058B0460D000C9,27003a3618000864e26900736abf218a82261c9d33bcf28000000000000261ca05b3b528000000000000035200000c02222668019c70915494500b0b1045dad342c0a863f54d36416f324ff15b2076420068bde4856704b20069bee583e802b5327f28fb1b00028fb2006940658071800a0068406401728069a300058b0460d000c9
15104225,75.039,2026-10-02T03:14:17.039000+00:00,DP0SNX,CQ,271,0,86A240404040E088A060A69CB06103F027063B7A180E5B1A519D908D127FFF7FFF7FFFFF08C8C41000336ABE7A87826B0002A15E4D94DCC01740007FFF00007B908574818E7FED7FFB7FF9E0747146D2D61A519CD48CD97FFF7FFF7FFFFF08C8C41100336ABE7A97826B0002A15F5893B3BFFC40007FFF00007BB8858481B27FF17FFE7FF8E2CF6E22CF5F1A529C1B8CA37FFF7FFF7FFFFF08C8C41200336ABE7AA7826B000121607F92CFC00C40007FFF00007D0B848D81AF7FFA7FFD8001E5476AEDCB5D1A529B5E8C6D7FFF7FFF7FFFFF08C8C41300336ABE7AB7826B00012161A29217C00540007FFF00007C81854081D97FF280017FF7E77168A8C7AC1A529AA18C387FFF7FFF7FFFFF08A0BE,27063b7a180e5b1a519d908d127fff7fff7fffff08c8c41000336abe7a87826b0002a15e4d94dcc01740007fff00007b908574818e7fed7ffb7ff9e0747146d2d61a519cd48cd97fff7fff7fffff08c8c41100336abe7a97826b0002a15f5893b3bffc40007fff00007bb8858481b27ff17ffe7ff8e2cf6e22cf5f1a529c1b8ca37fff7fff7fffff08c8c41200336abe7aa7826b000121607f92cfc00c40007fff00007d0b848d81af7ffa7ffd8001e5476aedcb5d1a529b5e8c6d7fff7fff7fffff08c8c41300336abe7ab7826b00012161a29217c00540007fff00007c81854081d97ff280017ff7e77168a8c7ac1a529aa18c387fff7fff7fffff08a0be
15104225,75.439,2026-10-02T03:14:17.439000+00:00,DP0SNX,CQ,271,0,86A240404040E088A060A69CB06103F027063C7B1839C8C41400336ABE7AC7826B0002A162E89153C01840007FFF00007C68859581E17FFE7FF67FFCE9A26613C3771A5299E58C057FFF7FFF7FFFFF08C8C41500336ABE7AD7826B0002A1640790CFC00540007FFF00007C9B859F81E57FFD7FF77FF4EB9F6472BF921A5299288BD27FFF7FFF7FFFFF08C8C41600336ABE7AE7826B00012165299070C00740007FFF00007B9F866E82827FFF7FFF7FFCED7D62A7BB701A52986F8BA17FFF7FFF7FFFFF08C8C41700336ABE7AF7826B000121666C9009BFF940007FFF00007E76845E82747FF87FF97FF6EF4E614BB7381A5297B28B717FFF7FFF7FFFFF08C8C41800336ABE7B07826B0002A167D661,27063c7b1839c8c41400336abe7ac7826b0002a162e89153c01840007fff00007c68859581e17ffe7ff67ffce9a26613c3771a5299e58c057fff7fff7fffff08c8c41500336abe7ad7826b0002a1640790cfc00540007fff00007c9b859f81e57ffd7ff77ff4eb9f6472bf921a5299288bd27fff7fff7fffff08c8c41600336abe7ae7826b00012165299070c00740007fff00007b9f866e82827fff7fff7ffced7d62a7bb701a52986f8ba17fff7fff7fffff08c8c41700336abe7af7826b000121666c9009bff940007fff00007e76845e82747ff87ff97ff6ef4e614bb7381a5297b28b717fff7fff7fffff08c8c41800336abe7b07826b0002a167d661
15104225,75.839,2026-10-02T03:14:17.839000+00:00,DP0SNX,CQ,271,0,86A240404040E088A060A69CB06103F027063D7C182AAA8FBAC00D40007FFF00007D4185B781D47FFD7FFC7FF5F0DE5FBEB3031A5396F58B417FFF7FFF7FFFFF08C8C41900336ABE7B17826B0002A168C88F97BFFC40007FFF00007D7385BC81C080047FF77FF3F2505EE5AF1B1A5396388B127FFF7FFF7FFFFF08C8C41A00336ABE7B27826B00012169C08F82BFFC40007FFF00007D89862280A97FFA80027FF4F3845DC3AB341A53957E8AE47FFF7FFF7FFFFF08C8C41B00336ABE7B37826B0001216AE08F5EBFEE40007FFF00007F9B8479819C7FF97FFC7FF8F4B85D26A74D1A5394C08AB77FFF7FFF7FFFFF08C8C41C00336ABE7B47826B0001216BF08F58BFF740007FFF00007C5786BD5EE7,27063d7c182aaa8fbac00d40007fff00007d4185b781d47ffd7ffc7ff5f0de5fbeb3031a5396f58b417fff7fff7fffff08c8c41900336abe7b17826b0002a168c88f97bffc40007fff00007d7385bc81c080047ff77ff3f2505ee5af1b1a5396388b127fff7fff7fffff08c8c41a00336abe7b27826b00012169c08f82bffc40007fff00007d89862280a97ffa80027ff4f3845dc3ab341a53957e8ae47fff7fff7fffff08c8c41b00336abe7b37826b0001216ae08f5ebfee40007fff00007f9b8479819c7ff97ffc7ff8f4b85d26a74d1a5394c08ab77fff7fff7fffff08c8c41c00336abe7b47826b0001216bf08f58bff740007fff00007c5786bd5ee7
15104225,76.223,2026-10-02T03:14:18.223000+00:00,DP0SNX,CQ,146,0,86A240404040E088A060A69CB06103F027003E3718000864E26A00736ABF218C82261C9F33BCF28000000000000261CA25B3B528000000000000035200000C02222668019C70915494300B0B1045DAD242C0A863F55A36416F324FF0BB20764200683DE4856704320069BEE603E802B5327F28FB1AE8028FB2006940E50073800A0067C06400F20069A300058B0460D0986D,27003e3718000864e26a00736abf218c82261c9f33bcf28000000000000261ca25b3b528000000000000035200000c02222668019c70915494300b0b1045dad242c0a863f55a36416f324ff0bb20764200683de4856704320069bee603e802b5327f28fb1ae8028fb2006940e50073800a0067c06400f20069a300058b0460d0986d
15104225,77.114,2026-10-02T03:14:19.114000+00:00,DP0SNX,CQ,271,0,86A240404040E088A060A69CB06103F027063F7D181B81EC80057FF27FF4F5955C36A3B71A5394038A8A7FFF7FFF7FFFFF08C8C41D00336ABE7B57826B0002A16CF88F56C00740007FFF00007E4585B9814B7FF67FF58003F6635B6DA0161A5393468A5D7FFF7FFF7FFFFF08C8C41E00336ABE7B67826B0002A16DD98F5AC00340007FFF00007E6F85B88125800080018000F7115AEA9CCE1A53928C8A327FFF7FFF7FFFFF08C8C41F00336ABE7B77826B0001216EB28F8FBFE540007FFF00007FC0850880E27FF680017FFDF7C55A9699411A5491CF8A077FFF7FFF7FFFFF08C8C42000336ABE7B87826B0001216F9C8FA9BFF340007FFF00007CF686BA80AF7FFB7FFC7FF9F8355A0E96351AB5D6,27063f7d181b81ec80057ff27ff4f5955c36a3b71a5394038a8a7fff7fff7fffff08c8c41d00336abe7b57826b0002a16cf88f56c00740007fff00007e4585b9814b7ff67ff58003f6635b6da0161a5393468a5d7fff7fff7fffff08c8c41e00336abe7b67826b0002a16dd98f5ac00340007fff00007e6f85b88125800080018000f7115aea9cce1a53928c8a327fff7fff7fffff08c8c41f00336abe7b77826b0001216eb28f8fbfe540007fff00007fc0850880e27ff680017ffdf7c55a9699411a5491cf8a077fff7fff7fffff08c8c42000336abe7b87826b0001216f9c8fa9bff340007fff00007cf686ba80af7ffb7ffc7ff9f8355a0e96351ab5d6
15104225,77.514,2026-10-02T03:14:19.514000+00:00,DP0SNX,CQ,271,0,86A240404040E088A060A69CB06103F02706407E180C54911289DD7FFF7FFF7FFFFF08C8C42100336ABE7B97826B00012170828FBFBFF040007FFF00007F9C854D800F7FFE7FFA7FFAF897599293141A54905489B37FFF7FFF7FFFFF08C8C42200336ABE7BA7826B0002A171568FDBBFD340007FFF00007F08859980687FFA7FFC7FF9F905598B90051A548F9889897FFF7FFF7FFFFF08C8C42300336ABE7BB7826B0002A171E98FDEC00740007FFF00007F2A857D80377FFD7FFE7FF9F90F58B48D881A548EDD89607FFF7FFF7FFFFF08C8C42400336ABE7BC7826B0001217286902BBFE040007FFF0000811284847FC97FF880067FF6F95458B78AE61A548E2189387FFF7FFF7FFFFF08C8C42B67,2706407e180c54911289dd7fff7fff7fffff08c8c42100336abe7b97826b00012170828fbfbff040007fff00007f9c854d800f7ffe7ffa7ffaf897599293141a54905489b37fff7fff7fffff08c8c42200336abe7ba7826b0002a171568fdbbfd340007fff00007f08859980687ffa7ffc7ff9f905598b90051a548f9889897fff7fff7fffff08c8c42300336abe7bb7826b0002a171e98fdec00740007fff00007f2a857d80377ffd7ffe7ff9f90f58b48d881a548edd89607fff7fff7fffff08c8c42400336abe7bc7826b0001217286902bbfe040007fff0000811284847fc97ff880067ff6f95458b78ae61a548e2189387fff7fff7fffff08c8c42b67
15104225,77.914,2026-10-02T03:14:19.914000+00:00,DP0SNX,CQ,271,0,86A240404040E088A060A69CB06103F02706417F18372500336ABE7BD7826B000121734C9070BFFF40007FFF00007D9786557FCE7FF880007FFEF95D583188371A548D63890F7FFF7FFF7FFFFF08C8C42600336ABE7BE7826B00012173FC90A9BFE140007FFF00008194842E8078800A80017FFAF990585985C31A558CA688E77FFF7FFF7FFFFF08C8C42700336ABE7BF7826B0002A1749F90E5BFF340007FFF00007FA685337F55800380017FF9F98457F1836C1A558BE988BF7FFF7FFF7FFFFF08C8C42800336ABE7C07822C0002A175F0910EBF8940007FFF00007FB885197F207FFC7FF07FFAF99D581B7F171A558B2D88987FFF7FFF7FFFFF08C8C42900336ABE7CA39E4E00012189D090EAC2,2706417f18372500336abe7bd7826b000121734c9070bfff40007fff00007d9786557fce7ff880007ffef95d583188371a548d63890f7fff7fff7fffff08c8c42600336abe7be7826b00012173fc90a9bfe140007fff00008194842e8078800a80017ffaf990585985c31a558ca688e77fff7fff7fffff08c8c42700336abe7bf7826b0002a1749f90e5bff340007fff00007fa685337f55800380017ff9f98457f1836c1a558be988bf7fff7fff7fffff08c8c42800336abe7c07822c0002a175f0910ebf8940007fff00007fb885197f207ffc7ff07ffaf99d581b7f171a558b2d88987fff7fff7fffff08c8c42900336abe7ca39e4e00012189d090eac2
15104225,78.297,2026-10-02T03:14:20.297000+00:00,DP0SNX,CQ,146,0,86A240404040E088A060A69CB06103F02700423818000864E26B00736ABF218E82261CA133BCF28000000000000261CA45B3B528000000000000035200000C02222668019C70915494300B0B1045DAD2C2C0A863F55736416F324FF05B20764200683D6485E704B20069BEE603E802B5327F28FB1AE8028FB2006940658072000A0067C06400F20069A300058B0460D0DB30,2700423818000864e26b00736abf218e82261ca133bcf28000000000000261ca45b3b528000000000000035200000c02222668019c70915494300b0b1045dad2c2c0a863f55736416f324ff05b20764200683d6485e704b20069bee603e802b5327f28fb1ae8028fb2006940658072000a0067c06400f20069a300058b0460d0db30
15104225,79.189,2026-10-02T03:14:21.189000+00:00,DP0SNX,CQ,271,0,86A240404040E088A060A69CB06103F0270643801828C0B3A440007FFF0000802583077D7E80157FF57FF4EE1566BB43C71A5683FE87247FFF7FFF7FFFFF08C8C42A00336ABE7D939E4E0002A12604B0D71DDC40007FFF0000810E7C917E858065802F7FF6E1864413B9461A5978EE84F37FFF7FFF7FFFFF08C8C42B00336ABE7E839E4E0001251F4A60A41CEC40007FFF00007F857E1382517FEA800C7FE45BD9D389D9FD1A5B6DE7829C7FFF7FFF7FFFFF08C8C42C00336ABE7F739E4E0002A514327897EF8B40007FFF000080AB7FFA835C80057FE57FE7641FC2A6E9A91A5C62E77FC67FFF7FFF7FFFFF08C8C42D00336ABE80639E4E00012531B98743BCD340007FFF000082C5821F82582103,270643801828c0b3a440007fff0000802583077d7e80157ff57ff4ee1566bb43c71a5683fe87247fff7fff7fffff08c8c42a00336abe7d939e4e0002a12604b0d71ddc40007fff0000810e7c917e858065802f7ff6e1864413b9461a5978ee84f37fff7fff7fffff08c8c42b00336abe7e839e4e0001251f4a60a41cec40007fff00007f857e1382517fea800c7fe45bd9d389d9fd1a5b6de7829c7fff7fff7fffff08c8c42c00336abe7f739e4e0002a514327897ef8b40007fff000080ab7ffa835c80057fe57fe7641fc2a6e9a91a5c62e77fc67fff7fff7fffff08c8c42d00336abe80639e4e00012531b98743bcd340007fff000082c5821f82582103
15104225,79.589,2026-10-02T03:14:21.589000+00:00,DP0SNX,CQ,271,0,86A240404040E088A060A69CB06103F02706448118197FFF7FF47FE68383B7B1F3311A5E58037B9D7FFF7FFF7FFFFF08C8C42E00336ABE81539E4E0002A54A5E774B93F540007FFF0000809E858180B080077FF27FE78A26C4B4EB831A5F4D7072D07FFF7FFF7FFFFF08C8C42F00336ABE82439E4E0001255456630181A040007FFF00007DE186FA7FAE80037FF07FE89395CAABE6181A6045854BA07FFF7FFF7FFFFF08C8C43000336ABE83339E4E0002A557B454FB748040007FFF00007AE686FC7EE0800180007FF49C11D092DF681A614B3615987FFF7FFF7FFFFF08C8C43100336ABE84239E4E000123581F4C7C698540007FFF0000799E85B47E3180067FF97FFCA2AFD889D5AF1A6155BD8E,2706448118197fff7ff47fe68383b7b1f3311a5e58037b9d7fff7fff7fffff08c8c42e00336abe81539e4e0002a54a5e774b93f540007fff0000809e858180b080077ff27fe78a26c4b4eb831a5f4d7072d07fff7fff7fffff08c8c42f00336abe82439e4e0001255456630181a040007fff00007de186fa7fae80037ff07fe89395caabe6181a6045854ba07fff7fff7fffff08c8c43000336abe83339e4e0002a557b454fb748040007fff00007ae686fc7ee0800180007ff49c11d092df681a614b3615987fff7fff7fffff08c8c43100336abe84239e4e000123581f4c7c698540007fff0000799e85b47e3180067ff97ffca2afd889d5af1a6155bd8e
15104225,79.989,2026-10-02T03:14:21.989000+00:00,DP0SNX,CQ,271,0,86A240404040E088A060A69CB06103F027064582180A980A3E7FFF7FFF7FFFFF08C8C43200336ABE85139E4E000123539E48295ED940007FFF00007A0184A17D96800180048001ABB0DD85CBB01A61607005867FFF7FFF7FFFFF08C8C43300336ABE86039E4E0002A353BC496D5EB640007FFF00007BCB84277C457FFF80098000B805D9B2C81B1A616B6602807FFF7FFF7FFFFF08C8C43400336ABE86F39E4E0001A045375D9E5D9840007FFF00007EBF85027D4C7FDE7FFC80017FFF7FFF7FFF1A60766700177FFF7FFF7FFF7F08C8C43500336ABE87E39E4E0001A01FA78CDE551040007FFF000080808421828A7FD880037FF67FFF7FFF7FFF1A5E816FFDE27FFF7FFF7FFF7F08C8C4360043C5,27064582180a980a3e7fff7fff7fffff08c8c43200336abe85139e4e000123539e48295ed940007fff00007a0184a17d96800180048001abb0dd85cbb01a61607005867fff7fff7fffff08c8c43300336abe86039e4e0002a353bc496d5eb640007fff00007bcb84277c457fff80098000b805d9b2c81b1a616b6602807fff7fff7fffff08c8c43400336abe86f39e4e0001a045375d9e5d9840007fff00007ebf85027d4c7fde7ffc80017fff7fff7fff1a60766700177fff7fff7fff7f08c8c43500336abe87e39e4e0001a01fa78cde551040007fff000080808421828a7fd880037ff67fff7fff7fff1a5e816ffde27fff7fff7fff7f08c8c4360043c5
15104225,80.373,2026-10-02T03:14:22.373000+00:00,DP0SNX,CQ,146,0,86A240404040E088A060A69CB06103F02700463918000864E26C00736ABF219082261CA333BCF28000000000000261CA65B3B528000000000000035200000C02222668019C70915494100B0B1045DAD342C0A863F554F6416F324FF0BB2076420068BDE4856704B20069BEE603E78335327F28FB1AE8028FB20068C0658072000A0067C06400F28069A300058B0460D08B7E,2700463918000864e26c00736abf219082261ca333bcf28000000000000261ca65b3b528000000000000035200000c02222668019c70915494100b0b1045dad342c0a863f554f6416f324ff0bb2076420068bde4856704b20069bee603e78335327f28fb1ae8028fb20068c0658072000a0067c06400f28069a300058b0460d08b7e
15104225,81.289,2026-10-02T03:14:23.289000+00:00,DP0SNX,CQ,271,0,86A240404040E088A060A69CB06103F0270647831835336ABE88D39E4E0001A019AFBC47407540007FFF000080708262841E7FEC80187FED7FFF7FFF7FFF1A5B8C78FBA77FFF7FFF7FFF7F08C8C43700336ABE89C39E4E0001A047739C4E00A740007FFF00007D59848F82FD801380227FF97FFF7FFF7FFF1A58977CF9217FFF7FFF7FFF7F08C8C43800336ABE8AB39E4E0001A02AAC6D82000840007FFF00007D3486427D4A800280147FF17FFF7FFF7FFF1A55A276F5CF7FFF7FFF7FFF3F08C8C43900336ABE8BA39E4E0001A06B745A18259A40007FFF00007DD2880981987FDF80117FF07FFF7FFF7FFF1A52AD4BF0247FFF7FFF7FFF3F08C8C43A00336ABE8C939E4E0002A35DA35DF532D415,270647831835336abe88d39e4e0001a019afbc47407540007fff000080708262841e7fec80187fed7fff7fff7fff1a5b8c78fba77fff7fff7fff7f08c8c43700336abe89c39e4e0001a047739c4e00a740007fff00007d59848f82fd801380227ff97fff7fff7fff1a58977cf9217fff7fff7fff7f08c8c43800336abe8ab39e4e0001a02aac6d82000840007fff00007d3486427d4a800280147ff17fff7fff7fff1a55a276f5cf7fff7fff7fff3f08c8c43900336abe8ba39e4e0001a06b745a18259a40007fff00007dd2880981987fdf80117ff07fff7fff7fff1a52ad4bf0247fff7fff7fff3f08c8c43a00336abe8c939e4e0002a35da35df532d415
15104225,81.689,2026-10-02T03:14:23.689000+00:00,DP0SNX,CQ,271,0,86A240404040E088A060A69CB06103F02706488418269940007FFF00008364866C835E7FFE8016801F2B29D9B2A1C41A50B755DF807FFF7FFF7FFFFF08C8C43B00336ABE8D839E4E0002A1614A6E437E1240007FFF0000821F7B1C858B800C80048026D60CCB5EB96D1A4FB9159DFB7FFF7FFF7FFFFF08C8C43C00336ABE8E739E4E000124475D720AC39D40007FFF0000789D82A8823B7FE4802D80308C3F210DD4F51A4FAF9E860D7FFF7FFF7FFFFF08C8C43D00336ABE8F639E4E000123630460AE6B1640007FFF000083747D8D85707FB57FFB80669A8EFD1B851C1A50A4D97F4F7FFF7FFF7FFFFF08C8C43E00336ABE90539E4E0002A30952AE27DE1340007FFF00007D207FA47AF67F49EE74,2706488418269940007fff00008364866c835e7ffe8016801f2b29d9b2a1c41a50b755df807fff7fff7fffff08c8c43b00336abe8d839e4e0002a1614a6e437e1240007fff0000821f7b1c858b800c80048026d60ccb5eb96d1a4fb9159dfb7fff7fff7fffff08c8c43c00336abe8e739e4e000124475d720ac39d40007fff0000789d82a8823b7fe4802d80308c3f210dd4f51a4faf9e860d7fff7fff7fffff08c8c43d00336abe8f639e4e000123630460ae6b1640007fff000083747d8d85707fb57ffb80669a8efd1b851c1a50a4d97f4f7fff7fff7fffff08c8c43e00336abe90539e4e0002a30952ae27de1340007fff00007d207fa47af67f49ee74
15104225,82.064,2026-10-02T03:14:24.064000+00:00,DP0SNX,CQ,271,0,86A240404040E088A060A69CB06103F02706498518177FB57FBC4659DACAC5671A5299E17BAD7FFF7FFF7FFFFF08C8C43F00336ABE91439E4E000125379B8BFB0BFC40007FFF000084F6814D820A801980747FE276E16F3FFE901A548ED879097FFF7FFF7FFFFF08C8C44000336ABE92339E4E0002A2F9A477AFC54840007FFF00007EDB83F681E2801D7FFC7FF204626E5A9C251A5783CB76C37FFF7FFF7FFFFF08C8C44100336ABE93239E4E00012312EE9C8CD75B40007FFF000081798356806A7FFB7FF880276026D8C0D68F1A5978BC74927FFF7FFF7FFFFF08C8C44200336ABE94139E4E0002A5166C8DBCF2BE40007FFF0000824480718275800D801580029193CA78E69A1A5B6DB1726BF4,2706498518177fb57fbc4659dacac5671a5299e17bad7fff7fff7fffff08c8c43f00336abe91439e4e000125379b8bfb0bfc40007fff000084f6814d820a801980747fe276e16f3ffe901a548ed879097fff7fff7fffff08c8c44000336abe92339e4e0002a2f9a477afc54840007fff00007edb83f681e2801d7ffc7ff204626e5a9c251a5783cb76c37fff7fff7fffff08c8c44100336abe93239e4e00012312ee9c8cd75b40007fff000081798356806a7ffb7ff880276026d8c0d68f1a5978bc74927fff7fff7fffff08c8c44200336abe94139e4e0002a5166c8dbcf2be40007fff0000824480718275800d801580029193ca78e69a1a5b6db1726bf4
15104225,82.422,2026-10-02T03:14:24.422000+00:00,DP0SNX,CQ,146,0,86A240404040E088A060A69CB06103F027004A3A18000864E26D00736ABF219282261CA533BCF28000000000000261CA85B3B528000000000000035200000C02222668019C70915494300B0B1045DAD342C0A863F546F6416F324FF0DB2076420068BDE4856704320069BEE6046802B5327F28FB1AE8028FB2006940650072000A0068406400F28069A300058B0460D03789,27004a3a18000864e26d00736abf219282261ca533bcf28000000000000261ca85b3b528000000000000035200000c02222668019c70915494300b0b1045dad342c0a863f546f6416f324ff0db2076420068bde4856704320069bee6046802b5327f28fb1ae8028fb2006940650072000a0068406400f28069a300058b0460d03789
15104225,83.34,2026-10-02T03:14:25.340000+00:00,DP0SNX,CQ,271,0,86A240404040E088A060A69CB06103F027024B201800087AC81C006C6ABF21929EFFFC00000001FDFC000000000000000F7FC00000001FDFC00000000000000000000000000000000000000000000000000000000000000000000000000000000CC00033000CD00000F000000000000000000000000000000000000000000000F1A880003E6A2000000990F3C8002B6ABF21929EFF8C8B878B8C8979FF80FF8489898A7874747C8DFFFF59557373738EFFFF5753545C3EAA2A4540092CF44800416ABF21929ECBFF9C9CCAFF9C81CBFF9B9CFFFF9C8181818111BABA9C8080810FB9B99B12FF060224FF030011FF2B02FFFF04FEFF0000FF000000FF7F7F81800000400878C84E004C6ABF21928602,27024b201800087ac81c006c6abf21929efffc00000001fdfc000000000000000f7fc00000001fdfc00000000000000000000000000000000000000000000000000000000000000000000000000000000cc00033000cd00000f000000000000000000000000000000000000000000000f1a880003e6a2000000990f3c8002b6abf21929eff8c8b878b8c8979ff80ff8489898a7874747c8dffff59557373738effff5753545c3eaa2a4540092cf44800416abf21929ecbff9c9ccaff9c81cbff9b9cffff9c8181818111baba9c8080810fb9b99b12ff060224ff030011ff2b02ffff04feff0000ff000000ff7f7f81800000400878c84e004c6abf21928602
15104225,83.695,2026-10-02T03:14:25.695000+00:00,DP0SNX,CQ,121,0,86A240404040E088A060A69CB06103F027024C2118499E0000000000000080000000000000000000000000000000800000000000000000003213000000000000000000000000000000000000000000000000000000000031090000000000000882C20500116ABF21939E81A0FA9B227A000094DFE90B2226DB,27024c2118499e0000000000000080000000000000000000000000000000800000000000000000003213000000000000000000000000000000000000000000000000000000000031090000000000000882c20500116abf21939e81a0fa9b227a000094dfe90b2226db
15104225,83.939,2026-10-02T03:14:25.939000+00:00,DP0SNX,CQ,271,0,86A240404040E088A060A69CB06103F027064D861808397FFF7FFF7FFFFF08C8C44300336ABE95039E4E00012512C57979FC8140007FFF0000816B7F6383597FFA80027FFA7D5ACBEDE7021A5C62B56F607FFF7FFF7FFFFF08C8C44400336ABE95F39E4E0002A5138E734A03D140007FFF000080AB7F6683E37FF580087FFC8A4ECCFAE5BE1A5E57CF6B2C7FFF7FFF7FFFFF08C8C44500336ABE96E39E4E0001251682664B0D5540007FFF00007EC77F1785218003800980048879CDBDE5541A5F4D3F62337FFF7FFF7FFFFF08C8C44600336ABE97D39E4E0002A51F1B5AC81C8F40007FFF00007B3B7F2784FB800180067FFD895ACD5AE58C1A60457A39C57FFF7FFF7FFFFF08C8C44700336A56D5,27064d861808397fff7fff7fffff08c8c44300336abe95039e4e00012512c57979fc8140007fff0000816b7f6383597ffa80027ffa7d5acbede7021a5c62b56f607fff7fff7fffff08c8c44400336abe95f39e4e0002a5138e734a03d140007fff000080ab7f6683e37ff580087ffc8a4eccfae5be1a5e57cf6b2c7fff7fff7fffff08c8c44500336abe96e39e4e0001251682664b0d5540007fff00007ec77f1785218003800980048879cdbde5541a5f4d3f62337fff7fff7fffff08c8c44600336abe97d39e4e0002a51f1b5ac81c8f40007fff00007b3b7f2784fb800180067ffd895acd5ae58c1a60457a39c57fff7fff7fffff08c8c44700336a56d5
15104225,84.323,2026-10-02T03:14:26.323000+00:00,DP0SNX,CQ,146,0,86A240404040E088A060A69CB06103F027004E3B18000864E26E00736ABF219482261CA733BCF28000000000000261CAA5B3B528000000000000035200000C02222668019C70915493F00B0B1045DAD1C2C0A863F54EB6416F324FF07B2076420068BDE4856704B20069BEE583E802B5327F28FB1B00028FB20067406380F3808A0067C06400F280E9A300058B0460D013BC,27004e3b18000864e26e00736abf219482261ca733bcf28000000000000261caa5b3b528000000000000035200000c02222668019c70915493f00b0b1045dad1c2c0a863f54eb6416f324ff07b2076420068bde4856704b20069bee583e802b5327f28fb1b00028fb20067406380f3808a0067c06400f280e9a300058b0460d013bc
15104225,85.239,2026-10-02T03:14:27.239000+00:00,DP0SNX,CQ,271,0,86A240404040E088A060A69CB06103F027064F871833BE98C39E4E000125326054BD357A40007FFF00007824813982A18005800A7FFF8B20C87FE8E51A614B6504DF7FFF7FFF7FFFFF08C8C44800336ABE99B39E4E0002A546D056C84F2B40007FFF000077BB83977F397FFF800580058CF1C053EDE61A6155CBF9C87FFF7FFF7FFFFF08C8C44900336ABE9AA39E4E0002A556405CF0616840007FFF00007A1F85587C538000800C80028794BCADF0711A6160A5F51E7FFF7FFF7FFFFF08C8C44A00336ABE9B939E4E0001255D1D6316671840007FFF00007D86857B7B9C800680047FF68349BB0CF1831A616B9BF21C7FFF7FFF7FFFFF08C8C44B00336ABE9C839E4E0001A0584E716D612C4057E3,27064f871833be98c39e4e000125326054bd357a40007fff00007824813982a18005800a7fff8b20c87fe8e51a614b6504df7fff7fff7fffff08c8c44800336abe99b39e4e0002a546d056c84f2b40007fff000077bb83977f397fff800580058cf1c053ede61a6155cbf9c87fff7fff7fffff08c8c44900336abe9aa39e4e0002a556405cf0616840007fff00007a1f85587c538000800c80028794bcadf0711a6160a5f51e7fff7fff7fffff08c8c44a00336abe9b939e4e0001255d1d6316671840007fff00007d86857b7b9c800680047ff68349bb0cf1831a616b9bf21c7fff7fff7fffff08c8c44b00336abe9c839e4e0001a0584e716d612c4057e3
15104225,85.614,2026-10-02T03:14:27.614000+00:00,DP0SNX,CQ,271,0,86A240404040E088A060A69CB06103F0270650881824007FFF00007F2E85A67D427FDE80017FF17FFF7FFF7FFF1A60769BEFB47FFF7FFF7FFF7F08C8C44C00336ABE9D739E4E0001A0385AA7C157A040007FFF00007F8D834C840C7FDC80107FED7FFF7FFF7FFF1A5E81A4ED817FFF7FFF7FFF7F08C8C44D00336ABE9E639E4E0001A09524A9C2E0FB40007FFF00007FB480D084EB7FFD801F7FF27FFF7FFF7FFF1A5B8CADEB457FFF7FFF7FFF7F08C8C44E00336ABE9F539E4E0001A04FCF89AEFD7740007FFF00007D3E85B0822A801F801B7FEC7FFF7FFF7FFF1A5897B3E8BD7FFF7FFF7FFF7F08C8C44F00336ABEA0439E4E0001A01CDF755AE6E640007FFF00007D0485B07B86800F80019E88,270650881824007fff00007f2e85a67d427fde80017ff17fff7fff7fff1a60769befb47fff7fff7fff7f08c8c44c00336abe9d739e4e0001a0385aa7c157a040007fff00007f8d834c840c7fdc80107fed7fff7fff7fff1a5e81a4ed817fff7fff7fff7f08c8c44d00336abe9e639e4e0001a09524a9c2e0fb40007fff00007fb480d084eb7ffd801f7ff27fff7fff7fff1a5b8cadeb457fff7fff7fff7f08c8c44e00336abe9f539e4e0001a04fcf89aefd7740007fff00007d3e85b0822a801f801b7fec7fff7fff7fff1a5897b3e8bd7fff7fff7fff7f08c8c44f00336abea0439e4e0001a01cdf755ae6e640007fff00007d0485b07b86800f80019e88
15104225,86.014,2026-10-02T03:14:28.014000+00:00,DP0SNX,CQ,271,0,86A240404040E088A060A69CB06103F02706518918157FEC7FFF7FFF7FFF1A55A2ADE5647FFF7FFF7FFF3F08C8C45000336ABEA1339E4E0001A037975190DE6740007FFF00007A3F86ED80EB7FD77FFF7FEA7FFF7FFF7FFF1A52AD7CDFA77FFF7FFF7FFF3F08C8C45100336ABEA2239E4E0002A349C262942D3940007FFF0000859C852181927FFD801D8032502BE941B6EC1A50B77FCE857FFF7FFF7FFFFF08C8C45200336ABEA3139E4E00012164907903843F40007FFF000080297BFF86457FFF801C802CCE3CC6A0C89E1A4FB8F38CAB7FFF7FFF7FFFFF08C8C45300336ABEA4039E4E0002A543217A58C40340007FFF000078B782A380D57FE48021802781AE34EAE7A51A4FAF6975837F9503,2706518918157fec7fff7fff7fff1a55a2ade5647fff7fff7fff3f08c8c45000336abea1339e4e0001a037975190de6740007fff00007a3f86ed80eb7fd77fff7fea7fff7fff7fff1a52ad7cdfa77fff7fff7fff3f08c8c45100336abea2239e4e0002a349c262942d3940007fff0000859c852181927ffd801d8032502be941b6ec1a50b77fce857fff7fff7fffff08c8c45200336abea3139e4e00012164907903843f40007fff000080297bff86457fff801c802cce3cc6a0c89e1a4fb8f38cab7fff7fff7fffff08c8c45300336abea4039e4e0002a543217a58c40340007fff000078b782a380d57fe48021802781ae34eae7a51a4faf6975837f9503
15104225,86.398,2026-10-02T03:14:28.398000+00:00,DP0SNX,CQ,146,0,86A240404040E088A060A69CB06103F02700523C18000864E26F00736ABF219682261CA933BCF28000000000000261CAC5B3B528000000000000035200000C02222668019C70915494500B0B10455AD342C0A863F543B6416F324FF05B2076420068BCE4876706320069BEE603E802B5327F28FB1B00028FB2006840648073000A0068406400F280E9A300058B0460D06EC9,2700523c18000864e26f00736abf219682261ca933bcf28000000000000261cac5b3b528000000000000035200000c02222668019c70915494500b0b10455ad342c0a863f543b6416f324ff05b2076420068bce4876706320069bee603e802b5327f28fb1b00028fb2006840648073000a0068406400f280e9a300058b0460d06ec9
15104225,87.289,2026-10-02T03:14:29.289000+00:00,DP0SNX,CQ,271,0,86A240404040E088A060A69CB06103F02706538A1806FF7FFF7FFFFF08C8C45400336ABEA4F39E4E0002A3718E498D562540007FFF0000839583EC83A47FD8802C805133B7D9E54E2C1A50A4A66EE37FFF7FFF7FFFFF08C8C45500336ABEA5E39E4E000126C345609A2F4240007FFF000080747B9983EF7F897FBC8007B41F6AE90D031A5299AA6B487FFF7FFF7FFFFF08C8C45600336ABEA6D39E4E0002A6C86C7F087EFE40007FFF00007B9181D27E417FA6805D8006A7F13F5D18FE1A548EA368A77FFF7FFF7FFFFF08C8C45700336ABEA7C39E4E00012542FF85B8F2B740007FFF000083F87EDE82FA7FF980207FEF887042A3F0021A57839366627FFF7FFF7FFFFF08C8C45800336ABEA83B37,2706538a1806ff7fff7fffff08c8c45400336abea4f39e4e0002a3718e498d562540007fff0000839583ec83a47fd8802c805133b7d9e54e2c1a50a4a66ee37fff7fff7fffff08c8c45500336abea5e39e4e000126c345609a2f4240007fff000080747b9983ef7f897fbc8007b41f6ae90d031a5299aa6b487fff7fff7fffff08c8c45600336abea6d39e4e0002a6c86c7f087efe40007fff00007b9181d27e417fa6805d8006a7f13f5d18fe1a548ea368a77fff7fff7fffff08c8c45700336abea7c39e4e00012542ff85b8f2b740007fff000083f87ede82fa7ff980207fef887042a3f0021a57839366627fff7fff7fffff08c8c45800336abea83b37
15104225,87.689,2026-10-02T03:14:29.689000+00:00,DP0SNX,CQ,271,0,86A240404040E088A060A69CB06103F02706548B1831B39E4E0002A536AA9AFFC1F340007FFF0000818B831B7FF6800E7FF77FD5A214C11CE8CB1A59788664317FFF7FFF7FFFFF08C8C45900336ABEA9A39E4E0001253B5090C198AF40007FFF0000806782DC807A800080037FEC702CC2BCEC121A5B6D7B61D67FFF7FFF7FFFFF08C8C45A00336ABEAA939E4E0002A543578371987840007FFF00007FDF83C6806180047FFF7FFE8D0CC5E0EA711A5C62805EFA7FFF7FFF7FFFFF08C8C45B00336ABEAB839E4E00012547B079C3947340007FFF00007F8084BC8047800380087FF69199C519EA4B1A5E579A5ABB7FFF7FFF7FFFFF08C8C45C00336ABEAC739E4E0002A54A6E756A8D8F40007F8B93,2706548b1831b39e4e0002a536aa9affc1f340007fff0000818b831b7ff6800e7ff77fd5a214c11ce8cb1a59788664317fff7fff7fffff08c8c45900336abea9a39e4e0001253b5090c198af40007fff0000806782dc807a800080037fec702cc2bcec121a5b6d7b61d67fff7fff7fffff08c8c45a00336abeaa939e4e0002a543578371987840007fff00007fdf83c6806180047fff7ffe8d0cc5e0ea711a5c62805efa7fff7fff7fffff08c8c45b00336abeab839e4e00012547b079c3947340007fff00007f8084bc8047800380087ff69199c519ea4b1a5e579a5abb7fff7fff7fffff08c8c45c00336abeac739e4e0002a54a6e756a8d8f40007f8b93
15104225,88.064,2026-10-02T03:14:30.064000+00:00,DP0SNX,CQ,271,0,86A240404040E088A060A69CB06103F02706558C1822FF00007EEF86437F887FFF80037FF683ACC393ECA41A5F4D1051967FFF7FFF7FFFFF08C8C45D00336ABEAD639E4E0002A54D0C75588D7C40007FFF00007FC587AE7EA8800980077FFC79CCBFF0EEB51A60457127E67FFF7FFF7FFFFF08C8C45E00336ABEAE539E4E0002A55091788A8E5D40007FFF0000814A88307D96800180067FF86D33BF24EDBC1A614B93F42D7FFF7FFF7FFFFF08C8C45F00336ABEAF439E4E00012554E47DC38D2240007FFF0000830C87A37CCA800980047FF65D85BF5DE9BB1A6155FFE9537FFF7FFF7FFFFF08C8C46000336ABEB0339E4E0001255C1181E686C840007FFF0000836D86A47C3D7FFF80017FF5DA87,2706558c1822ff00007eef86437f887fff80037ff683acc393eca41a5f4d1051967fff7fff7fffff08c8c45d00336abead639e4e0002a54d0c75588d7c40007fff00007fc587ae7ea8800980077ffc79ccbff0eeb51a60457127e67fff7fff7fffff08c8c45e00336abeae539e4e0002a55091788a8e5d40007fff0000814a88307d96800180067ff86d33bf24edbc1a614b93f42d7fff7fff7fffff08c8c45f00336abeaf439e4e00012554e47dc38d2240007fff0000830c87a37cca800980047ff65d85bf5de9bb1a6155ffe9537fff7fff7fffff08c8c46000336abeb0339e4e0001255c1181e686c840007fff0000836d86a47c3d7fff80017ff5da87
15104225,88.448,2026-10-02T03:14:30.448000+00:00,DP0SNX,CQ,146,0,86A240404040E088A060A69CB06103F02700563D18000864E27000736ABF219882261CAB33BCF28000000000000261CAE5B3B528000000000000035200000C02222668019C70915494500B0B10455AD3C2C0A863F550B6416F324FF03B2076420068BDE4856704B20069BEE583E80335327F28FB1AE8028FB2006940658072000A0068406400F28069A300058B0460D07965,2700563d18000864e27000736abf219882261cab33bcf28000000000000261cae5b3b528000000000000035200000c02222668019c70915494500b0b10455ad3c2c0a863f550b6416f324ff03b2076420068bde4856704b20069bee583e80335327f28fb1ae8028fb2006940658072000a0068406400f28069a300058b0460d07965
15104225,89.345,2026-10-02T03:14:31.345000+00:00,DP0SNX,CQ,121,0,86A240404040E088A060A69CB06103F027025722180008C8C46100336ABF21989E4C0001800C5E8FBB948740007FFF00007F1C871A80D58003800280257FFF7FFF7FFF1A55A36783167FFF7FFF7FFF3F08D2E4C700206ABF21999E000000020000000000000000000000000000000000000000000000002B79,27025722180008c8c46100336abf21989e4c0001800c5e8fbb948740007fff00007f1c871a80d58003800280257fff7fff7fff1a55a36783167fff7fff7fff3f08d2e4c700206abf21999e000000020000000000000000000000000000000000000000000000002b79
15104225,89.589,2026-10-02T03:14:31.589000+00:00,DP0SNX,CQ,271,0,86A240404040E088A060A69CB06103F02706588D18134EBBBF78E3A31A6160D9E4B67FFF7FFF7FFFFF08C8C46200336ABEB1239E4E0002A565C37D92784540007FFF0000822D85737B64800D7FF97FF04B8DBBDCE43F1A616BCFE1B97FFF7FFF7FFFFF08C8C46300336ABEB2139E4E0001A05C317F6A60BC40007FFF00007F8B86307D9D7FD87FFB7FED7FFF7FFF7FFF1A6076D1DF537FFF7FFF7FFF7F08C8C46400336ABEB3039E4E0001A0884FBCAE02AB40007FFF00007D97812584BB7FE280247FE87FFF7FFF7FFF1A5E81D7DD217FFF7FFF7FFF7F08C8C46500336ABEB3F39E4E0001A0773098FFF09440007FFF00007CB981BA846F801E802780027FFF7FFF7FFF1A5B8CE2DAE47FFF7F2563,2706588d18134ebbbf78e3a31a6160d9e4b67fff7fff7fffff08c8c46200336abeb1239e4e0002a565c37d92784540007fff0000822d85737b64800d7ff97ff04b8dbbdce43f1a616bcfe1b97fff7fff7fffff08c8c46300336abeb2139e4e0001a05c317f6a60bc40007fff00007f8b86307d9d7fd87ffb7fed7fff7fff7fff1a6076d1df537fff7fff7fff7f08c8c46400336abeb3039e4e0001a0884fbcae02ab40007fff00007d97812584bb7fe280247fe87fff7fff7fff1a5e81d7dd217fff7fff7fff7f08c8c46500336abeb3f39e4e0001a0773098fff09440007fff00007cb981ba846f801e802780027fff7fff7fff1a5b8ce2dae47fff7f2563
15104225,89.989,2026-10-02T03:14:31.989000+00:00,DP0SNX,CQ,271,0,86A240404040E088A060A69CB06103F02706598E1804FF7FFF7F08C8C46600336ABEB4E39E4E0001A031587C50022440007FFF00007CCC859C7C73802280087FFB7FFF7FFF7FFF1A5897E6D8597FFF7FFF7FFF7F08C8C46700336ABEB5D39E4E0001A03F0D7297FF1840007FFF00007CBA87977D9D7FD580027FED7FFF7FFF7FFF1A55A2DFD4FA7FFF7FFF7FFF3F08C8C46800336ABEB6C39E30000120859E777FFCCB40007FFF00007DB080FF87DC7FF980067FF77FFF7FFF7FFF1A52ADB0CF287FFF7FFF7FFF3F08C8C46900336ABEB7B39E300002A46F888E0DEC0A40007FFF000080BE840C870A80157FFC7FF8971C23BCD5A71A50B7A7BD887FFF7FFF7FFFFF08C8C46A00336ABEB8A39E3939,2706598e1804ff7fff7f08c8c46600336abeb4e39e4e0001a031587c50022440007fff00007ccc859c7c73802280087ffb7fff7fff7fff1a5897e6d8597fff7fff7fff7f08c8c46700336abeb5d39e4e0001a03f0d7297ff1840007fff00007cba87977d9d7fd580027fed7fff7fff7fff1a55a2dfd4fa7fff7fff7fff3f08c8c46800336abeb6c39e30000120859e777ffccb40007fff00007db080ff87dc7ff980067ff77fff7fff7fff1a52adb0cf287fff7fff7fff3f08c8c46900336abeb7b39e300002a46f888e0dec0a40007fff000080be840c870a80157ffc7ff8971c23bcd5a71a50b7a7bd887fff7fff7fffff08c8c46a00336abeb8a39e3939
15104225,90.374,2026-10-02T03:14:32.374000+00:00,DP0SNX,CQ,146,0,86A240404040E088A060A69CB06103F027005A3E18000864E27100736ABF219A82261CAD33BCF28000000000000261CB05B3B528000000000000035200000C02222668019C70915494900B0B10455AD3C2C0A863F55AB6416F324FF01B2076420068BDE485E704B200693EE583E8033531FF28FB1B00028FB2006940658072000A0067C06400F20069A300058B0460D01616,27005a3e18000864e27100736abf219a82261cad33bcf28000000000000261cb05b3b528000000000000035200000c02222668019c70915494900b0b10455ad3c2c0a863f55ab6416f324ff01b2076420068bde485e704b200693ee583e8033531ff28fb1b00028fb2006940658072000a0067c06400f20069a300058b0460d01616
15104225,91.27,2026-10-02T03:14:33.270000+00:00,DP0SNX,CQ,122,0,86A240404040E088A060A69CB06103F027025B23180008D3E4DA00206ABF219A9E0000000200000000808000000000000000000000000000000000000008E6E53100346ABF219B9E78B1C1AC9E4C832B7281F1A484CCD72D78ADE17E7B1CA42E71ADB4DE283CE72D71BD745B9A6EEC2B78AD9198731CB82B22DB,27025b23180008d3e4da00206abf219a9e0000000200000000808000000000000000000000000000000000000008e6e53100346abf219b9e78b1c1ac9e4c832b7281f1a484ccd72d78ade17e7b1ca42e71adb4de283ce72d71bd745b9a6eec2b78ad9198731cb82b22db
15104225,91.514,2026-10-02T03:14:33.514000+00:00,DP0SNX,CQ,271,0,86A240404040E088A060A69CB06103F027065C8F182F3000012567799A8DEBFC40007FFF0000828585A7849F800B80027FF5A94E35FDDFE91A4FB8D07B6A7FFF7FFF7FFFFF08C8C46B00336ABEB9939E300002A55E089FCCECE840007FFF0000820286A982CC7FFE80067FF3B16B436FE5591A4FAF3764FE7FFF7FFF7FFFFF08C8C46C00336ABEBA839E300002A5535C9D91EE6040007FFF000081AA86CE81448003800F7FF4AD224BE5EBD81A50A4725E777FFF7FFF7FFFFF08C8C46D00336ABEBB739E300001254A4B92E8EDC040007FFF0000823985C380A78000800D7FF799A74B89F1E51A5299785AE47FFF7FFF7FFFFF08C8C46E00336ABEBC639E300002A53EB184E4ED6340007FFF006CC9,27065c8f182f3000012567799a8debfc40007fff0000828585a7849f800b80027ff5a94e35fddfe91a4fb8d07b6a7fff7fff7fffff08c8c46b00336abeb9939e300002a55e089fccece840007fff0000820286a982cc7ffe80067ff3b16b436fe5591a4faf3764fe7fff7fff7fffff08c8c46c00336abeba839e300002a5535c9d91ee6040007fff000081aa86ce81448003800f7ff4ad224be5ebd81a50a4725e777fff7fff7fffff08c8c46d00336abebb739e300001254a4b92e8edc040007fff0000823985c380a78000800d7ff799a74b89f1e51a5299785ae47fff7fff7fffff08c8c46e00336abebc639e300002a53eb184e4ed6340007fff006cc9
15104225,91.889,2026-10-02T03:14:33.889000+00:00,DP0SNX,CQ,271,0,86A240404040E088A060A69CB06103F027065D9018200081F084688104800280197FF579C650C1F6CA1A548E6F58457FFF7FFF7FFFFF08C8C46F00336ABEBD27853000012534E57A33EBDB40007FFF000082E182EC81BF800F800E7FFC5FC0593AF5A41A56856656687FFF7FFF7FFFFF08C8C47000336ABEBD4F853800028580864DC86E0B40007FFF000081F582CB81D28004800F7FFA5B715B46F5091A57838D560A7FFF7FFF7FFFFF08C8C47100336ABEBD77855900028455638D4A2C9A40007FFF000082838013828E7EF480397F97B5891BF444C61A5781B755AD7FFF7FFF7FFFFF08C8C47200336ABEBD9F85590002816577927D0C8640007FFF000081DF80D182D67FF07FFF7FADE78E29C9,27065d9018200081f084688104800280197ff579c650c1f6ca1a548e6f58457fff7fff7fffff08c8c46f00336abebd27853000012534e57a33ebdb40007fff000082e182ec81bf800f800e7ffc5fc0593af5a41a56856656687fff7fff7fffff08c8c47000336abebd4f853800028580864dc86e0b40007fff000081f582cb81d28004800f7ffa5b715b46f5091a57838d560a7fff7fff7fffff08c8c47100336abebd77855900028455638d4a2c9a40007fff000082838013828e7ef480397f97b5891bf444c61a5781b755ad7fff7fff7fffff08c8c47200336abebd9f85590002816577927d0c8640007fff000081df80d182d67ff07fff7fade78e29c9
15104225,92.248,2026-10-02T03:14:34.248000+00:00,DP0SNX,CQ,146,0,86A240404040E088A060A69CB06103F027005E3F18000864E27200736ABF219C82261CAF33BCF28000000000000261CB25B3B528000000000000035200000C02222668019C70915494300B0B10455AD442C0A863F552F6416F324FF01B2076420068BDE4856704B20069BEE603E802B5327F28FB1AE8028FB20067C06401F4018A0067C06400F28069A300058B0460D09FD4,27005e3f18000864e27200736abf219c82261caf33bcf28000000000000261cb25b3b528000000000000035200000c02222668019c70915494300b0b10455ad442c0a863f552f6416f324ff01b2076420068bde4856704b20069bee603e802b5327f28fb1ae8028fb20067c06401f4018a0067c06400f28069a300058b0460d09fd4
15104225,93.139,2026-10-02T03:14:35.139000+00:00,DP0SNX,CQ,271,0,86A240404040E088A060A69CB06103F027065F911811688A38861A577FDE55507FFF7FFF7FFFFF08C8C47300336ABEBDC78559000281668192B707CE40007FFF000081D081378285800280058000E968751038381A587E0654F37FFF7FFF7FFFFF08C8C47400336ABEBDEF85590002816660927E07C340007FFF000081CC817D823A800380068001E9C974EF38CB1A587C2F54967FFF7FFF7FFFFF08C8C47500336ABEBE178559000281663A927507D940007FFF000081CC81B881E7800A80008001E9D6748E38EE1A587A5854387FFF7FFF7FFFFF08C8C47600336ABEBE3F855900010166A1926C080740007FFF000083D383737FC97FFF8006800AE9D6745738F71A59787F53D97FFF7FFF7F9110,27065f911811688a38861a577fde55507fff7fff7fffff08c8c47300336abebdc78559000281668192b707ce40007fff000081d081378285800280058000e968751038381a587e0654f37fff7fff7fffff08c8c47400336abebdef85590002816660927e07c340007fff000081cc817d823a800380068001e9c974ef38cb1a587c2f54967fff7fff7fffff08c8c47500336abebe178559000281663a927507d940007fff000081cc81b881e7800a80008001e9d6748e38ee1a587a5854387fff7fff7fffff08c8c47600336abebe3f855900010166a1926c080740007fff000083d383737fc97fff8006800ae9d6745738f71a59787f53d97fff7fff7f9110
15104225,93.514,2026-10-02T03:14:35.514000+00:00,DP0SNX,CQ,271,0,86A240404040E088A060A69CB06103F0270660921802FFFF08C8C47700336ABEBE678559000281663F927607DB40007FFF000081BA8215814480048005800FE9EB746339141A5976A953797FFF7FFF7FFFFF08C8C47800336ABEBE8F855900028166DB927607FC40007FFF000081AC823080FD7FFF80078007EA07743939461A5974D153187FFF7FFF7FFFFF08C8C47900336ABEBEB785590002816653927307DA40007FFF00008199825980A680008009800EEA0F7452394C1A5A72FC52B57FFF7FFF7FFFFF08C8C47A00336ABEBEDF8559000281665D926707FF40007FFF0000818982748059800B80068002EA2C73EF39891A5A712352507FFF7FFF7FFFFF08C8C47B00336ABEBF07855900D916,270660921802ffff08c8c47700336abebe678559000281663f927607db40007fff000081ba8215814480048005800fe9eb746339141a5976a953797fff7fff7fffff08c8c47800336abebe8f855900028166db927607fc40007fff000081ac823080fd7fff80078007ea07743939461a5974d153187fff7fff7fffff08c8c47900336abebeb785590002816653927307da40007fff00008199825980a680008009800eea0f7452394c1a5a72fc52b57fff7fff7fffff08c8c47a00336abebedf8559000281665d926707ff40007fff0000818982748059800b80068002ea2c73ef39891a5a712352507fff7fff7fffff08c8c47b00336abebf07855900d916
15104225,93.889,2026-10-02T03:14:35.889000+00:00,DP0SNX,CQ,271,0,86A240404040E088A060A69CB06103F027066193182D02816673925D07E640007FFF0000816F828D80117FFD80098007EA55742B39BD1A5A6F4F51E97FFF7FFF7FFFFF08C8C47C00336ABEBF2F8559000281665D926607E540007FFF0000815982A07FC27FFE80038004EA53743439B81A5B6D77517F7FFF7FFF7FFFFF08C8C47D00336ABEBF578559000281665A925507F940007FFF0000814082AB7F777FFD80018006EA78740339F91A5B6BA051117FFF7FFF7FFFFF08C8C47E00336ABEBF7F8559000281664B9256080040007FFF0000812682C37F2C800180028008EA7F73EE3A071A5B69CB509F7FFF7FFF7FFFFF08C8C47F00336ABEBFA7855900028166189250080640007FFF0000819F20,27066193182d02816673925d07e640007fff0000816f828d80117ffd80098007ea55742b39bd1a5a6f4f51e97fff7fff7fffff08c8c47c00336abebf2f8559000281665d926607e540007fff0000815982a07fc27ffe80038004ea53743439b81a5b6d77517f7fff7fff7fffff08c8c47d00336abebf578559000281665a925507f940007fff0000814082ab7f777ffd80018006ea78740339f91a5b6ba051117fff7fff7fffff08c8c47e00336abebf7f8559000281664b9256080040007fff0000812682c37f2c800180028008ea7f73ee3a071a5b69cb509f7fff7fff7fffff08c8c47f00336abebfa7855900028166189250080640007fff0000819f20
15104225,94.248,2026-10-02T03:14:36.248000+00:00,DP0SNX,CQ,146,0,86A240404040E088A060A69CB06103F02700624018000864E27300736ABF219E82261CB133BCF28000000000000261CB45B3B528000000000000035200000C02222668019C70915494100B0B10455AD442C0A863F55376416F324FF15B20764200683D6406E705B20069BEE583E802B5327F28FB1B00028FB2006840648073000A0067C064007200E9A300058B0460D01A6A,2700624018000864e27300736abf219e82261cb133bcf28000000000000261cb45b3b528000000000000035200000c02222668019c70915494100b0b10455ad442c0a863f55376416f324ff15b20764200683d6406e705b20069bee583e802b5327f28fb1b00028fb2006840648073000a0067c064007200e9a300058b0460d01a6a
15104225,95.139,2026-10-02T03:14:37.139000+00:00,DP0SNX,CQ,271,0,86A240404040E088A060A69CB06103F027066394181E1182D47ED67FFB800A8005EA8A73E23A1A1A5B67F550297FFF7FFF7FFFFF08C8C48000336ABEBFCF85590002816636925707FC40007FFF000080EA82CC7E967FFA80058007EA9174113A1C1A5C66214FAD7FFF7FFF7FFFFF08C8C48100336ABEBFF7852A0002816639926007EC40007FFF000080D482E17E3B7FFC80078003EA8E74593A0D1A5C644D4F2B7FFF7FFF7FFFFF08C8C48200336ABEC0CC9E4C000105AC465E82E3DD40007FFF00007C98807A83CA7FC480337FF2B29DBCC1E4A41A5D5A9B4BCF7FFF7FFF7FFFFF08C8C48300336ABEC1BC9E4C000102196464D8613940007FFF00007C64832081CA7FF4800B803529584742BF0F,27066394181e1182d47ed67ffb800a8005ea8a73e23a1a1a5b67f550297fff7fff7fffff08c8c48000336abebfcf85590002816636925707fc40007fff000080ea82cc7e967ffa80058007ea9174113a1c1a5c66214fad7fff7fff7fffff08c8c48100336abebff7852a0002816639926007ec40007fff000080d482e17e3b7ffc80078003ea8e74593a0d1a5c644d4f2b7fff7fff7fffff08c8c48200336abec0cc9e4c000105ac465e82e3dd40007fff00007c98807a83ca7fc480337ff2b29dbcc1e4a41a5d5a9b4bcf7fff7fff7fffff08c8c48300336abec1bc9e4c000102196464d8613940007fff00007c64832081ca7ff4800b803529584742bf0f
15104225,95.514,2026-10-02T03:14:37.514000+00:00,DP0SNX,CQ,271,0,86A240404040E088A060A69CB06103F027066495180FCB321A5E4FEA44D37FFF7FFF7FFFFF08C8C48400336ABEC2AC9E4C0001030A13707ACCCB40007FFF000084007D9385FF7FF88018804DB608E8CCB1CF1A5F46A42B327FFF7FFF7FFFFF08C8C48500336ABEC39C9E4C00010539415E9A5D1A40007FFF00007A6286B081E67FF78042805538253C67D18F1A6048FAEAA87FFF7FFF7FFFFF08C8C48600336ABEC48C9E4C00010130A46CC2FE0F40007FFF00007DCE7A6F853E7FDE7FEB8069F77F7837AD321A615307DAF07FFF7FFF7FFFFF08C8C48700336ABEC57C9E4C000283325D897BCB9E40007FFF000082B57F9788227FBC8045809FAE34EF4854D21A615DD1D56A7FFF7FFF7FFFFFB7F2,27066495180fcb321a5e4fea44d37fff7fff7fffff08c8c48400336abec2ac9e4c0001030a13707acccb40007fff000084007d9385ff7ff88018804db608e8ccb1cf1a5f46a42b327fff7fff7fffff08c8c48500336abec39c9e4c00010539415e9a5d1a40007fff00007a6286b081e67ff78042805538253c67d18f1a6048faeaa87fff7fff7fffff08c8c48600336abec48c9e4c00010130a46cc2fe0f40007fff00007dce7a6f853e7fde7feb8069f77f7837ad321a615307daf07fff7fff7fffff08c8c48700336abec57c9e4c000283325d897bcb9e40007fff000082b57f9788227fbc8045809fae34ef4854d21a615dd1d56a7fff7fff7fffffb7f2
15104225,95.914,2026-10-02T03:14:37.914000+00:00,DP0SNX,CQ,271,0,86A240404040E088A060A69CB06103F027066596180008C8C48800336ABEC66C9E4C00028350BC7B26D99240007FFF000081E37B9D860580187FCE80C3CB22E78B7BDF1A6168C4D2217FFF7FFF7FFFFF08C8C48900336ABEC75C9E4C000180649F87B8179B40007FFF00007D8A7DC485767FDB7FC380D27FFF7FFF7FFF1A6073C2CF9F7FFF7FFF7FFF7F08C8C48A00336ABEC84C9E4C0001805BCE922982E640007FFF00007E897DBB84AA7F987FFA80D17FFF7FFF7FFF1A5E7ECBCD647FFF7FFF7FFF7F08C8C48B00336ABEC93C9E4C0001804905854EEC5E40007FFF00007B7E843E7E497FAF805A80C67FFF7FFF7FFF1A5C89D3CB307FFF7FFF7FFF7F08C8C48C00336ABECA2C9E4C000180E2A1,27066596180008c8c48800336abec66c9e4c00028350bc7b26d99240007fff000081e37b9d860580187fce80c3cb22e78b7bdf1a6168c4d2217fff7fff7fffff08c8c48900336abec75c9e4c000180649f87b8179b40007fff00007d8a7dc485767fdb7fc380d27fff7fff7fff1a6073c2cf9f7fff7fff7fff7f08c8c48a00336abec84c9e4c0001805bce922982e640007fff00007e897dbb84aa7f987ffa80d17fff7fff7fff1a5e7ecbcd647fff7fff7fff7f08c8c48b00336abec93c9e4c0001804905854eec5e40007fff00007b7e843e7e497faf805a80c67fff7fff7fff1a5c89d3cb307fff7fff7fff7f08c8c48c00336abeca2c9e4c000180e2a1
15104225,96.298,2026-10-02T03:14:38.298000+00:00,DP0SNX,CQ,146,0,86A240404040E088A060A69CB06103F02700664118000864E27400736ABF21A082261CB333BCF28000000000000261CB65B3B528000000000000035200000C02222668019C70915494300B0B10455AD5C2C0A863F54636416F324FF0DB2076420068BDE4856705320069BEE603E80335327F28FB1B00028FB20068C0658072000A0067C06400F28069A300058B0460D0C603,2700664118000864e27400736abf21a082261cb333bcf28000000000000261cb65b3b528000000000000035200000c02222668019c70915494300b0b10455ad5c2c0a863f54636416f324ff0db2076420068bde4856705320069bee603e80335327f28fb1b00028fb20068c0658072000a0067c06400f28069a300058b0460d0c603
15104225,97.189,2026-10-02T03:14:39.189000+00:00,DP0SNX,CQ,271,0,86A240404040E088A060A69CB06103F027066797182B60FE7C664D0340007FFF000085D67F7C7D068008805380D87FFF7FFF7FFF1A5994DAC8C47FFF7FFF7FFF7F08C8C48D00336ABECB1C9E4C00018053C97F94AA5E40007FFF00007ECE806B784B802B7FC180E47FFF7FFF7FFF1A569FD9C5B57FFF7FFF7FFF3F08C8C48E00336ABECC0C9E4C0001806B3E85E7068940007FFF000082B282D778D57FDA7F8F80C77FFF7FFF7FFF1A53AAB7C0E67FFF7FFF7FFF3F08C8C48F00336ABECCFC9E4C0001068349A5542D9640007FFF000081A6840779AB7FD17F73808DAFEA471517D91A50B51EB5037FFF7FFF7FFFFF08C8C49000336ABECDEC9E4C0001024E947401952A40007FFF0000804B88C994,27066797182b60fe7c664d0340007fff000085d67f7c7d068008805380d87fff7fff7fff1a5994dac8c47fff7fff7fff7f08c8c48d00336abecb1c9e4c00018053c97f94aa5e40007fff00007ece806b784b802b7fc180e47fff7fff7fff1a569fd9c5b57fff7fff7fff3f08c8c48e00336abecc0c9e4c0001806b3e85e7068940007fff000082b282d778d57fda7f8f80c77fff7fff7fff1a53aab7c0e67fff7fff7fff3f08c8c48f00336abeccfc9e4c0001068349a5542d9640007fff000081a6840779ab7fd17f73808dafea471517d91a50b51eb5037fff7fff7fffff08c8c49000336abecdec9e4c0001024e947401952a40007fff0000804b88c994
15104225,97.589,2026-10-02T03:14:39.589000+00:00,DP0SNX,CQ,271,0,86A240404040E088A060A69CB06103F027066898181C037DC180127F47807C12DFC05F92301A4FBA5B7C937FFF7FFF7FFFFF08C8C49100336ABECEDC9E4C00028387FD8E89B8D540007FFF0000824C7E6B791B7FB5801F808858D2F00950171A4FB21B57E77FFF7FFF7FFFFF08C8C49200336ABECFCC9E4C000283AC3A8651BE1040007FFF00007E427F2378D78012802380B16ACBFDFA78191A50A7754F797FFF7FFF7FFFFF08C8C49300336ABED0BC9E4C000281C4FC7716F17440007FFF00007FF382DA79BF7FBC7FFA80CBEE0FAF01AD631A519C834B677FFF7FFF7FFFFF08C8C49400336ABED1AC9E4C000104D7487B27590140007FFF000080A282347B19801C7FFF80FA36641D0BA23F1FED,27066898181c037dc180127f47807c12dfc05f92301a4fba5b7c937fff7fff7fffff08c8c49100336abecedc9e4c00028387fd8e89b8d540007fff0000824c7e6b791b7fb5801f808858d2f00950171a4fb21b57e77fff7fff7fffff08c8c49200336abecfcc9e4c000283ac3a8651be1040007fff00007e427f2378d78012802380b16acbfdfa78191a50a7754f797fff7fff7fffff08c8c49300336abed0bc9e4c000281c4fc7716f17440007fff00007ff382da79bf7fbc7ffa80cbee0faf01ad631a519c834b677fff7fff7fffff08c8c49400336abed1ac9e4c000104d7487b27590140007fff000080a282347b19801c7fff80fa36641d0ba23f1fed
15104225,97.964,2026-10-02T03:14:39.964000+00:00,DP0SNX,CQ,271,0,86A240404040E088A060A69CB06103F027066999180D1A54917B489A7FFF7FFF7FFFFF08C8C49500336ABED29C9E4C000281DEC0716AE5C940007FFF00008122807A7BD47FA1800580F6DDCBBE0DBD1E1A56867046477FFF7FFF7FFFFF08C8C49600336ABED38C9E4C000180F2927AD382F840007FFF00007FA0811C7C8F8017800981037FFF7FFF7FFF1A587B6144167FFF7FFF7FFFFF08C8C49700336ABED47C9E4C000101036A6C35F58D40007FFF0000829B7B9D7B9F7FA6800180C1EE5C8979C0231A5A705641CD7FFF7FFF7FFFFF08C8C49800336ABED56C9E4C000104282468001DDB40007FFF0000829E7E887B397FD77FFB808BC7F829CDBD6D1A5C65553F1F7FFF7FFF7FFFFF08C8A0A4,27066999180d1a54917b489a7fff7fff7fffff08c8c49500336abed29c9e4c000281dec0716ae5c940007fff00008122807a7bd47fa1800580f6ddcbbe0dbd1e1a56867046477fff7fff7fffff08c8c49600336abed38c9e4c000180f2927ad382f840007fff00007fa0811c7c8f8017800981037fff7fff7fff1a587b6144167fff7fff7fffff08c8c49700336abed47c9e4c000101036a6c35f58d40007fff0000829b7b9d7b9f7fa6800180c1ee5c8979c0231a5a705641cd7fff7fff7fffff08c8c49800336abed56c9e4c000104282468001ddb40007fff0000829e7e887b397fd77ffb808bc7f829cdbd6d1a5c65553f1f7fff7fff7fffff08c8a0a4
15104225,98.348,2026-10-02T03:14:40.348000+00:00,DP0SNX,CQ,146,0,86A240404040E088A060A69CB06103F027006A4218000864E27500736ABF21A282261CB533BCF28000000000000261CB85B3B528000000000000035200000C02222668019C70915494100B0B10455AD5C2C0A863F556B6416F324FF0FB2076420068BDE4856704B20069BEE583E78335327F28FB1B00028FB2006740638073000A0067C06400F28069A300058B0460D0A2BE,27006a4218000864e27500736abf21a282261cb533bcf28000000000000261cb85b3b528000000000000035200000c02222668019c70915494100b0b10455ad5c2c0a863f556b6416f324ff0fb2076420068bde4856704b20069bee583e78335327f28fb1b00028fb2006740638073000a0067c06400f28069a300058b0460d0a2be
15104225,99.239,2026-10-02T03:14:41.239000+00:00,DP0SNX,CQ,271,0,86A240404040E088A060A69CB06103F027066B9A1838C49900336ABED65C9E4C00028544645AB1DFF440007FFF0000840A824D7E527F8F7FF7803AC54BBD12D89B1A5D5A683B637FFF7FFF7FFFFF08C8C49A00336ABED74C9E4C000105B63356776F2440007FFF000082747B6180D97F8780207FCB549B5F5BF3E81A5E4FB734477FFF7FFF7FFFFF08C8C49B00336ABED83C9E4C000284F60B6E881CC440007FFF00007CF8823686EF8093805C7FDDCA2B2C7EBE841A5F468519C37FFF7FFF7FFFFF08C8C49C00336ABED92C9E4C0002820F0A89B0827240007FFF00007DAF829387B580057F8C800806219B0363AC1A604923D9C37FFF7FFF7FFFFF08C8C49D00336ABEDA1C9E4C00010195DBA7EE,27066b9a1838c49900336abed65c9e4c00028544645ab1dff440007fff0000840a824d7e527f8f7ff7803ac54bbd12d89b1a5d5a683b637fff7fff7fffff08c8c49a00336abed74c9e4c000105b63356776f2440007fff000082747b6180d97f8780207fcb549b5f5bf3e81a5e4fb734477fff7fff7fffff08c8c49b00336abed83c9e4c000284f60b6e881cc440007fff00007cf8823686ef8093805c7fddca2b2c7ebe841a5f468519c37fff7fff7fffff08c8c49c00336abed92c9e4c0002820f0a89b0827240007fff00007daf829387b580057f8c800806219b0363ac1a604923d9c37fff7fff7fffff08c8c49d00336abeda1c9e4c00010195dba7ee
15104225,99.614,2026-10-02T03:14:41.614000+00:00,DP0SNX,CQ,271,0,86A240404040E088A060A69CB06103F027066C9B18296E76FDEE40007FFF000084487FF477997FF2800A7FFAF0FE9918B6A31A61533DCA727FFF7FFF7FFFFF08C8C49E00336ABEDB0C9E4C000105EB2549C4483240007FFF000087F1807A7F6B7FFA80168007730C739EFEBB1A615E08C5007FFF7FFF7FFFFF08C8C49F00336ABEDBFC9E4C00010509264BAE76B940007FFF000084CC7A577EFA801A800D80215C5B8B0AFA701A6168F8C1BD7FFF7FFF7FFFFF08C8C4A000336ABEDCEC9E4C00018014116533AA3340007FFF00007C467B9A7EC68004800E80207FFF7FFF7FFF1A6073F7BF3D7FFF7FFF7FFF7F08C8C4A100336ABEDDDC9E4C000180F1C064F8D26840007FFF00007F3883477BAAC8,27066c9b18296e76fdee40007fff000084487ff477997ff2800a7ffaf0fe9918b6a31a61533dca727fff7fff7fffff08c8c49e00336abedb0c9e4c000105eb2549c4483240007fff000087f1807a7f6b7ffa80168007730c739efebb1a615e08c5007fff7fff7fffff08c8c49f00336abedbfc9e4c00010509264bae76b940007fff000084cc7a577efa801a800d80215c5b8b0afa701a6168f8c1bd7fff7fff7fffff08c8c4a000336abedcec9e4c00018014116533aa3340007fff00007c467b9a7ec68004800e80207fff7fff7fff1a6073f7bf3d7fff7fff7fff7f08c8c4a100336abedddc9e4c000180f1c064f8d26840007fff00007f3883477baac8
15104225,99.99,2026-10-02T03:14:41.990000+00:00,DP0SNX,CQ,271,0,86A240404040E088A060A69CB06103F027066D9C181A287FEC8015801F7FFF7FFF7FFF1A5E7EFFBD047FFF7FFF7FFF7F08C8C4A200336ABEDECC9E4C000180293563C4352840007FFF0000856C7FF57F057FD87FF680157FFF7FFF7FFF1A5C8A08BACF7FFF7FFF7FFF7F08C8C4A300336ABEDFBC9E4C00018005BF9DE450D740007FFF00007E5882A979F27FD47FE87FF67FFF7FFF7FFF1A59950FB8617FFF7FFF7FFF7F08C8C4A400336ABEE0AC9E4C0001808CC38E5C880A40007FFF00007A237CAE81E57FCC7FF77FE97FFF7FFF7FFF1A56A00EB54D7FFF7FFF7FFF3F08C8C4A500336ABEE19C9E4C0001803AEA950A780940007FFF00007C9A81EF78E47FC3800C7FE47FFF7FFF7FFF1A538422,27066d9c181a287fec8015801f7fff7fff7fff1a5e7effbd047fff7fff7fff7f08c8c4a200336abedecc9e4c000180293563c4352840007fff0000856c7ff57f057fd87ff680157fff7fff7fff1a5c8a08bacf7fff7fff7fff7f08c8c4a300336abedfbc9e4c00018005bf9de450d740007fff00007e5882a979f27fd47fe87ff67fff7fff7fff1a59950fb8617fff7fff7fff7f08c8c4a400336abee0ac9e4c0001808cc38e5c880a40007fff00007a237cae81e57fcc7ff77fe97fff7fff7fff1a56a00eb54d7fff7fff7fff3f08c8c4a500336abee19c9e4c0001803aea950a780940007fff00007c9a81ef78e47fc3800c7fe47fff7fff7fff1a538422
15104225,100.373,2026-10-02T03:14:42.373000+00:00,DP0SNX,CQ,146,0,86A240404040E088A060A69CB06103F027006E4318000864E27600736ABF21A482261CB733BCF28000000000000261CBA5B3B528000000000000035200000C02222668019C70915494100B0B10455AD442C0A863F55336416F324FF07B2076420068BDE4856704B20069BEE584680335327F28FB1AE8028FB20067C0640073000A0067C06400F20069A300058B0460D0DBF7,27006e4318000864e27600736abf21a482261cb733bcf28000000000000261cba5b3b528000000000000035200000c02222668019c70915494100b0b10455ad442c0a863f55336416f324ff07b2076420068bde4856704b20069bee584680335327f28fb1ae8028fb20067c0640073000a0067c06400f20069a300058b0460d0dbf7
15104225,101.245,2026-10-02T03:14:43.245000+00:00,DP0SNX,CQ,114,0,86A240404040E088A060A69CB06103F027026F241800087DC68A00536ABF21A49E0008FA524906FB06FC06FB06FC0000059600000596000000CC000000DF005D035200000000000000000000000000510000053505340536000000A110582DB6000C000002CB0165000000040000555545BC,27026f241800087dc68a00536abf21a49e0008fa524906fb06fc06fb06fc0000059600000596000000cc000000df005d035200000000000000000000000000510000053505340536000000a110582db6000c000002cb0165000000040000555545bc
15104225,101.489,2026-10-02T03:14:43.489000+00:00,DP0SNX,CQ,271,0,86A240404040E088A060A69CB06103F02706709D180BAAEDB06E7FFF7FFF7FFF3F08C8C4A600336ABEE28C9E4C000285E2C151759E0640007FFF0000812D7A6484FA7FEB7FCF7FEC6AA39E81FA751A50B54DA4407FFF7FFF7FFFFF08C8C4A700336ABEE37C9E4C0002810966729FF7F240007FFF00007EA87EE78761800F802D802FF8408484AB9B1A4FBA4A6AC57FFF7FFF7FFFFF08C8C4A800336ABEE46C9E4C000102491082E285D640007FFF00008183876381387FCB803F8040050A961B64281A4FB1E8474B7FFF7FFF7FFFFF08C8C4A900336ABEE55C9E4C00010145E2878C164C40007FFF00007C8D7BC385607FED7FD3803AE48B3CF855CB1A50A73F3F087FFF7FFF7FFFFF08C8C4AAF513,2706709d180baaedb06e7fff7fff7fff3f08c8c4a600336abee28c9e4c000285e2c151759e0640007fff0000812d7a6484fa7feb7fcf7fec6aa39e81fa751a50b54da4407fff7fff7fffff08c8c4a700336abee37c9e4c0002810966729ff7f240007fff00007ea87ee78761800f802d802ff8408484ab9b1a4fba4a6ac57fff7fff7fffff08c8c4a800336abee46c9e4c000102491082e285d640007fff00008183876381387fcb803f8040050a961b64281a4fb1e8474b7fff7fff7fffff08c8c4a900336abee55c9e4c00010145e2878c164c40007fff00007c8d7bc385607fed7fd3803ae48b3cf855cb1a50a73f3f087fff7fff7fffff08c8c4aaf513
15104225,101.889,2026-10-02T03:14:43.889000+00:00,DP0SNX,CQ,271,0,86A240404040E088A060A69CB06103F02706719E183600336ABEE64C9E4C000106370C9833D96140007FFF000081BC8362860B7FBF80808066C100C7032BA51A519C4E3B017FFF7FFF7FFFFF08C8C4AB00336ABEE73C9E4C0001017ABB6EA7E7CB40007FFF00008309798F81CE80207F5F8057D9CAD065AB161A54914838387FFF7FFF7FFFFF08C8C4AC00336ABEE82C9E4C000101B3018975E9DA40007FFF000081D17BCB7D837F957F897F7BE59BCC5B70DB1A56863835E57FFF7FFF7FFFFF08C8C4AD00336ABEE91C9E4C000285D1CA666C079340007FFF00007FB17C957EF280687FFE7F8FD93C6EA3DA191A587B2C33B57FFF7FFF7FFFFF08C8C4AE00336ABEEA0C9E4C000180D92077811E23,2706719e183600336abee64c9e4c000106370c9833d96140007fff000081bc8362860b7fbf80808066c100c7032ba51a519c4e3b017fff7fff7fffff08c8c4ab00336abee73c9e4c0001017abb6ea7e7cb40007fff00008309798f81ce80207f5f8057d9cad065ab161a54914838387fff7fff7fffff08c8c4ac00336abee82c9e4c000101b3018975e9da40007fff000081d17bcb7d837f957f897f7be59bcc5b70db1a56863835e57fff7fff7fffff08c8c4ad00336abee91c9e4c000285d1ca666c079340007fff00007fb17c957ef280687ffe7f8fd93c6ea3da191a587b2c33b57fff7fff7fffff08c8c4ae00336abeea0c9e4c000180d92077811e23
15104225,102.248,2026-10-02T03:14:44.248000+00:00,DP0SNX,CQ,146,0,86A240404040E088A060A69CB06103F02700724418000864E27700736ABF21A682261CB933BCF28000000000000261CBC5B3B528000000000000035200000C02222668019C70915493F00B0B10455AD442C0A863F559B6416F324FF0FB2076420068BDE4856704320069BEE603E802B5327F28FB1AE0028FB20068C0650072800A0067C06400F200E9A300058B0460D05E11,2700724418000864e27700736abf21a682261cb933bcf28000000000000261cbc5b3b528000000000000035200000c02222668019c70915493f00b0b10455ad442c0a863f559b6416f324ff0fb2076420068bde4856704320069bee603e802b5327f28fb1ae0028fb20068c0650072800a0067c06400f200e9a300058b0460d05e11
15104225,103.14,2026-10-02T03:14:45.140000+00:00,DP0SNX,CQ,271,0,86A240404040E088A060A69CB06103F02706739F1827855B40007FFF00007FEA843281627FEF7FF27FDC7FFF7FFF7FFF1A5A7020316B7FFF7FFF7FFFFF08C8C4AF00336ABEEAFC9E4C0002852C1958A9B5E340007FFF0000811F84B77E777FFE7FE6800E7ACAD38BE0D41A5C651E2EB97FFF7FFF7FFFFF08C8C4B000336ABEEBEC9E4C00028187806A47F4DE40007FFF00007FF1864D7EB87FEA7FDF7FE2E5FBB002BCA41A5D5A332AF57FFF7FFF7FFFFF08C8C4B100336ABEECDC9E4C000103A6EC6AECC1D340007FFF000078AF80D6807D7FF67FF97FE8739BE989C75B1A5E4F8423BA7FFF7FFF7FFFFF08C8C4B200336ABEEDCC9E4C000283C64D7444C78C40007FFF0000788E811382F680A580,2706739f1827855b40007fff00007fea843281627fef7ff27fdc7fff7fff7fff1a5a7020316b7fff7fff7fffff08c8c4af00336abeeafc9e4c0002852c1958a9b5e340007fff0000811f84b77e777ffe7fe6800e7acad38be0d41a5c651e2eb97fff7fff7fffff08c8c4b000336abeebec9e4c00028187806a47f4de40007fff00007ff1864d7eb87fea7fdf7fe2e5fbb002bca41a5d5a332af57fff7fff7fffff08c8c4b100336abeecdc9e4c000103a6ec6aecc1d340007fff000078af80d6807d7ff67ff97fe8739be989c75b1a5e4f8423ba7fff7fff7fffff08c8c4b200336abeedcc9e4c000283c64d7444c78c40007fff0000788e811382f680a580
15104225,103.539,2026-10-02T03:14:45.539000+00:00,DP0SNX,CQ,271,0,86A240404040E088A060A69CB06103F0270674A01818087FF27FFF901BF2D1B6391A5F4667084A7FFF7FFF7FFFFF08C8C4B300336ABEEEBC9E4C000103D3776EC7BD8540007FFF000078F47E1282027FF880007FF67AA6EB26C5CF1A60494FC8DA7FFF7FFF7FFFFF08C8C4B400336ABEEFAC9E4C000283D058790AC44E40007FFF000078A47F837EE3800E801180138C13F8BBA8C11A615370B9F77FFF7FFF7FFFFF08C8C4B500336ABEF09C9E4C000103C4DC7488E1C940007FFF00007C5783427AC47FFC80168025D1C2D317B4DE1A615E3BB4967FFF7FFF7FFFFF08C8C4B600336ABEF18C9E4C000285C2F2518E0DB240007FFF0000846A80037BAD800080218025A4877A38FA891A61692E0B43,270674a01818087ff27fff901bf2d1b6391a5f4667084a7fff7fff7fffff08c8c4b300336abeeebc9e4c000103d3776ec7bd8540007fff000078f47e1282027ff880007ff67aa6eb26c5cf1a60494fc8da7fff7fff7fffff08c8c4b400336abeefac9e4c000283d058790ac44e40007fff000078a47f837ee3800e801180138c13f8bba8c11a615370b9f77fff7fff7fffff08c8c4b500336abef09c9e4c000103c4dc7488e1c940007fff00007c5783427ac47ffc80168025d1c2d317b4de1a615e3bb4967fff7fff7fffff08c8c4b600336abef18c9e4c000285c2f2518e0db240007fff0000846a80037bad800080218025a4877a38fa891a61692e0b43
15104225,103.915,2026-10-02T03:14:45.915000+00:00,DP0SNX,CQ,271,0,86A240404040E088A060A69CB06103F0270675A11809B1597FFF7FFF7FFFFF08C8C4B700336ABEF27C9E4C000180158767BA91A840007FFF00007FF57AD67E8B80048022802A7FFF7FFF7FFF1A60742EAEDB7FFF7FFF7FFF7F08C8C4B800336ABEF36C9E4C000180E7D95CDECB6A40007FFF000081A283527C6F7FD07FFD802F7FFF7FFF7FFF1A5E7F34ACA37FFF7FFF7FFF7F08C8C4B900336ABEF45C9E4C00018022329E3E2B7240007FFF000080D983B17C147FB97FD17FEA7FFF7FFF7FFF1A5C8A3DAA6E7FFF7FFF7FFF7F08C8C4BA00336ABEF54C9E4C0001805C9175D3862B40007FFF00007E007AFD7DE97FC0801B7FDE7FFF7FFF7FFF1A599543A7FE7FFF7FFF7FFF7F08C8C4BB0033C015,270675a11809b1597fff7fff7fffff08c8c4b700336abef27c9e4c000180158767ba91a840007fff00007ff57ad67e8b80048022802a7fff7fff7fff1a60742eaedb7fff7fff7fff7f08c8c4b800336abef36c9e4c000180e7d95cdecb6a40007fff000081a283527c6f7fd07ffd802f7fff7fff7fff1a5e7f34aca37fff7fff7fff7f08c8c4b900336abef45c9e4c00018022329e3e2b7240007fff000080d983b17c147fb97fd17fea7fff7fff7fff1a5c8a3daa6e7fff7fff7fff7f08c8c4ba00336abef54c9e4c0001805c9175d3862b40007fff00007e007afd7de97fc0801b7fde7fff7fff7fff1a599543a7fe7fff7fff7fff7f08c8c4bb0033c015
15104225,104.298,2026-10-02T03:14:46.298000+00:00,DP0SNX,CQ,146,1,86A240404040E088A060A69CB06103F02700764518000864E27800736ABF21A882261CBB33BCF28000000000000261CBE5B3B528000000000000035200000C02222668019C70915493D00B0B10455AD342C0A863F54AF6416F324FF0BB2076420068BDE4856704B20069BEE583E802B5327F28FB1B00028FB2006740638073000A0067C064007200E9A300058B0460D0E33B,2700764518000864e27800736abf21a882261cbb33bcf28000000000000261cbe5b3b528000000000000035200000c02222668019c70915493d00b0b10455ad342c0a863f54af6416f324ff0bb2076420068bde4856704b20069bee583e802b5327f28fb1b00028fb2006740638073000a0067c064007200e9a300058b0460d0e33b
15104225,105.19,2026-10-02T03:14:47.190000+00:00,DP0SNX,CQ,271,1,86A240404040E088A060A69CB06103F0270677A218346ABEF63C9E4C000180C087841FAA3B40007FFF00007D9082A1866D7F94800780067FFF7FFF7FFF1A56A043A4E57FFF7FFF7FFF3F08C8C4BC00336ABEF72C9E4C0001801B1065383D1440007FFF0000793F7DB1800C7FD47FD8800C7FFF7FFF7FFF1A53AB219FF77FFF7FFF7FFF3F08C8C4BD00336ABEF81C9E4C00010329FF7516BD3D40007FFF00008674823D829B803F8044804187B0FDC496821A50B57A937D7FFF7FFF7FFFFF08C8C4BE00336ABEF90C9E4C000105423E60C360F840007FFF00007A41853281D07FC58021804130BC3D7CCB581A4FBA38590E7FFF7FFF7FFFFF08C8C4BF00336ABEF9FC9E4C00028127786E27F8EB44E0,270677a218346abef63c9e4c000180c087841faa3b40007fff00007d9082a1866d7f94800780067fff7fff7fff1a56a043a4e57fff7fff7fff3f08c8c4bc00336abef72c9e4c0001801b1065383d1440007fff0000793f7db1800c7fd47fd8800c7fff7fff7fff1a53ab219ff77fff7fff7fff3f08c8c4bd00336abef81c9e4c00010329ff7516bd3d40007fff00008674823d829b803f8044804187b0fdc496821a50b57a937d7fff7fff7fffff08c8c4be00336abef90c9e4c000105423e60c360f840007fff00007a41853281d07fc58021804130bc3d7ccb581a4fba38590e7fff7fff7fffff08c8c4bf00336abef9fc9e4c00028127786e27f8eb44e0
