pass_id,audio_time_s,utc_approx,src,dst,length,corrected_bits,frame,payload_hex
15039241,92.415,2026-09-21T16:10:45.415000+00:00,DP0SNX,CQ,146,0,86A240404040E088A060A69CB06103F02700BA4618000864EB5B00736AB157098218522E33FF4280000000000001852305ABA028000000000000009800000C0222266800D75011B655100D0A1045CBD8C4835E646316F6415931B0305B1069520069C1E6056704C2006BC0E783E802B6B4FF28FB1AF8028FC20068C2E50073800A0068C064807200A92300028B05E0C0F9B5,2700ba4618000864eb5b00736ab157098218522e33ff4280000000000001852305aba028000000000000009800000c0222266800d75011b655100d0a1045cbd8c4835e646316f6415931b0305b1069520069c1e6056704c2006bc0e783e802b6b4ff28fb1af8028fc20068c2e50073800a0068c064807200a92300028b05e0c0f9b5
15039241,95.407,2026-09-21T16:10:48.407000+00:00,DP0SNX,CQ,82,1,86A240404040E088A060A69CB06103F02702BC37180008C8C03200336AB1570C9E47000123775CB9D384B740007FFF000078BF80597F868007800480028A62F0B3BBC81A54ACF789B17FFF7FFF7FFFFF41F7,2702bc37180008c8c03200336ab1570c9e47000123775cb9d384b740007fff000078bf80597f868007800480028a62f0b3bbc81a54acf789b17fff7fff7fffff41f7
15039241,97.455,2026-09-21T16:10:50.455000+00:00,DP0SNX,CQ,63,0,86A240404040E088A060A69CB06103F02702BF39180008D3E0E700206AB1570E9E000000020000000080800000000000000000000000000000000000003C05,2702bf39180008d3e0e700206ab1570e9e000000020000000080800000000000000000000000000000000000003c05
15039241,98.415,2026-09-21T16:10:51.415000+00:00,DP0SNX,CQ,146,1,86A240404040E088A060A69CB06103F02700C04918000864EB5E00736AB1570F8218523433FF4280000000000001852365ABA028000000000000009800000C0222266800D75011B655700D0A1045CBD7C4835E64631D36415931B0305B106952006A41E6056704C2006BC0E783E802B6B4FF28FB1AF8028FC20068C2E50073800A0068406480F200292300028B05E0D0D879,2700c04918000864eb5e00736ab1570f8218523433ff4280000000000001852365aba028000000000000009800000c0222266800d75011b655700d0a1045cbd7c4835e64631d36415931b0305b106952006a41e6056704c2006bc0e783e802b6b4ff28fb1af8028fc20068c2e50073800a0068406480f200292300028b05e0d0d879
15039241,110.415,2026-09-21T16:11:03.415000+00:00,DP0SNX,CQ,146,2,86A240404040E088A060A69CB06103F02700CA4F18000864EB6400736AB1571B8218524033FF4280000000000001852425ABA028000000000000009800000C0222266800D75011B655500D0A1045CBD8C4835E64631476415931B0317B106952006A41E605670442006BC0E783E80336B57F28FB1AF8028FC2006842E50073000A0068406480F280292300028B05E08001D8,2700ca4f18000864eb6400736ab1571b8218524033ff4280000000000001852425aba028000000000000009800000c0222266800d75011b655500d0a1045cbd8c4835e64631476415931b0317b106952006a41e605670442006bc0e783e80336b57f28fb1af8028fc2006842e50073000a0068406480f280292300028b05e08001d8
15039241,116.415,2026-09-21T16:11:09.415000+00:00,DP0SNX,CQ,146,1,86A240404040E088A060A69CB06103F02700CD5218000864EB6700736AB157218218524633FF4280000000000001852485ABA028000000000000009800000C0222266800D75011B655700D0A1045CBD7C4835E646320B6415931B0311B106952006A41E605670442006BC0E803E80336B57F28FB1AF8028FC2006942E50073000A0068C06480F200292300028B05E098A948,2700cd5218000864eb6700736ab157218218524633ff4280000000000001852485aba028000000000000009800000c0222266800d75011b655700d0a1045cbd7c4835e646320b6415931b0311b106952006a41e605670442006bc0e803e80336b57f28fb1af8028fc2006942e50073000a0068c06480f200292300028b05e098a948
15039241,118.415,2026-09-21T16:11:11.415000+00:00,DP0SNX,CQ,146,2,86A240404040E088A060A69CB06103F02700CF5318000864EB6800736AB157238218524833FF42800000000000018524A5ABA028000000000000009800000C0222266800D75011B655700D0A1045CBD844835E646321B6415931B030BB106952006A41E585670442006BC0E783E78336B57F28FB1AE0028FC2006942E50073000A0068406480F200292300028B05E0A0D582,2700cf5318000864eb6800736ab157238218524833ff42800000000000018524a5aba028000000000000009800000c0222266800d75011b655700d0a1045cbd844835e646321b6415931b030bb106952006a41e585670442006bc0e783e78336b57f28fb1ae0028fc2006942e50073000a0068406480f200292300028b05e0a0d582
15039241,125.407,2026-09-21T16:11:18.407000+00:00,DP0SNX,CQ,82,1,86A240404040E088A060A69CB06103F02702D33F180008C8C03300336AB1572A9E470001237B2EBA9080B440007FFF000078D280487F49801280097FFA8AC4F1BCB9B61A54ABA088C17FFF7FFF7FFFFFBFE0,2702d33f180008c8c03300336ab1572a9e470001237b2eba9080b440007fff000078d280487f49801280097ffa8ac4f1bcb9b61a54aba088c17fff7fff7fffffbfe0
15039241,127.304,2026-09-21T16:11:20.304000+00:00,DP0SNX,CQ,63,0,86A240404040E088A060A69CB06103F02702D540180008D2E0E200206AB1572B9E0000000200000000000000000000000000000000000000000000000075A0,2702d540180008d2e0e200206ab1572b9e0000000200000000000000000000000000000000000000000000000075a0
15039241,127.479,2026-09-21T16:11:20.479000+00:00,DP0SNX,CQ,63,0,86A240404040E088A060A69CB06103F02702D641180008D3E0E800206AB1572C9E0000000200000000808000000000000000000000000000000000000027B2,2702d641180008d3e0e800206ab1572c9e0000000200000000808000000000000000000000000000000000000027b2
15039241,136.415,2026-09-21T16:11:29.414999999+00:00,DP0SNX,CQ,146,0,86A240404040E088A060A69CB06103F02700DE5C18000864EB7100736AB157358218525A33FF42800000000000018525C5ABA028000000000000009800000C0222266800D75011B654F00D0A1045CBD8C4835E64631D76415931B030FB106952006A41E605E68442006BC0E783E80336B57F28FB1AF8028FC20068C2E50073008A0068406480F280292300028B05E0E8E2B6,2700de5c18000864eb7100736ab157358218525a33ff42800000000000018525c5aba028000000000000009800000c0222266800d75011b654f00d0a1045cbd8c4835e64631d76415931b030fb106952006a41e605e68442006bc0e783e80336b57f28fb1af8028fc20068c2e50073008a0068406480f280292300028b05e0e8e2b6
15039241,140.415,2026-09-21T16:11:33.415000+00:00,DP0SNX,CQ,146,2,86A240404040E088A060A69CB06103F02700E05E18000864EB7300736AB157398218525E33FF4280000000000001852605ABA028000000000000009800000C0222266800D75011B655100D0A1045CBD8C4835E64632136415931B0309B1069520069C1E6056704C2006BC0E803E802B6B57F28FB1AF8028FC20068C2E58073000A0068406480F280292300028B05E0F8BD73,2700e05e18000864eb7300736ab157398218525e33ff4280000000000001852605aba028000000000000009800000c0222266800d75011b655100d0a1045cbd8c4835e64632136415931b0309b1069520069c1e6056704c2006bc0e803e802b6b57f28fb1af8028fc20068c2e58073000a0068406480f280292300028b05e0f8bd73
15039241,144.415,2026-09-21T16:11:37.415000+00:00,DP0SNX,CQ,146,1,86A240404040E088A060A69CB06103F02700E26018000864EB7500736AB1573D8218526233FF4280000000000001852645ABA028000000000000009800000C0222266800D75011B655700D0A1045CBD7C4835E64631DB6415931B0305B106952006A41E6056704C2006BC0E783E80336B57F28FB1AF8028FC2006942E50072800A0068C06480F280292300028B05E0882CB7,2700e26018000864eb7500736ab1573d8218526233ff4280000000000001852645aba028000000000000009800000c0222266800d75011b655700d0a1045cbd7c4835e64631db6415931b0305b106952006a41e6056704c2006bc0e783e80336b57f28fb1af8028fc2006942e50072800a0068c06480f280292300028b05e0882cb7
15039241,147.411,2026-09-21T16:11:40.411000+00:00,DP0SNX,CQ,114,1,86A240404040E088A060A69CB06103F02702E4451800087DC3AE00536AB157409E00371952492F4F2F4F2F4E2F4E00002D4500002D44000003300000010801740D9800000000000000000000000000A200000A680A660A6A000000A153332DB6000C000016A20B5100000004000055555B43,2702e4451800087dc3ae00536ab157409e00371952492f4f2f4f2f4e2f4e00002d4500002d44000003300000010801740d9800000000000000000000000000a200000a680a660a6a000000a153332db6000c000016a20b5100000004000055555b43
15039241,148.415,2026-09-21T16:11:41.415000+00:00,DP0SNX,CQ,146,1,86A240404040E088A060A69CB06103F02700E56218000864EB7700736AB157418218526633FF4280000000000001852685ABA028000000000000009800000C0222266800D75011B655300D0A1045CBD5C4835E64631AB6415931B0303B1069520069C1E6056704C2006BC0E783E78336B57F28FB1AF8028FC20068C2E50072800A0068C06480F280292300028B05E0900D59,2700e56218000864eb7700736ab157418218526633ff4280000000000001852685aba028000000000000009800000c0222266800d75011b655300d0a1045cbd5c4835e64631ab6415931b0303b1069520069c1e6056704c2006bc0e783e78336b57f28fb1af8028fc20068c2e50072800a0068c06480f280292300028b05e0900d59
15039241,150.415,2026-09-21T16:11:43.415000+00:00,DP0SNX,CQ,146,2,86A240404040E088A060A69CB06103F02700E66318000864EB7800736AB157438218526833FF42800000000000018526A5ABA028000000000000009800000C0222266800D75011B654F00D0A1045CBD744835E64631F36415931B0303B106952006A40E588E70742006BC0E784680336B57F28FB1AE0028FC2006942E50073000A0068406480F280292300028B05E0986DCB,2700e66318000864eb7800736ab157438218526833ff42800000000000018526a5aba028000000000000009800000c0222266800d75011b654f00d0a1045cbd744835e64631f36415931b0303b106952006a40e588e70742006bc0e784680336b57f28fb1ae0028fc2006942e50073000a0068406480f280292300028b05e0986dcb
15039241,152.415,2026-09-21T16:11:45.415000+00:00,DP0SNX,CQ,146,0,86A240404040E088A060A69CB06103F02700E76418000864EB7900736AB157458218526A33FF42800000000000018526C5ABA028000000000000009800000C0222266800D75011B655300D0A1045CBD6C4835E646320B6415931B02FFB106952006A41E6056784C2006B40E783E802B6B57F28FB1AF8028FC2006942650073800A0068406480F200292300028B05E0A0C528,2700e76418000864eb7900736ab157458218526a33ff42800000000000018526c5aba028000000000000009800000c0222266800d75011b655300d0a1045cbd6c4835e646320b6415931b02ffb106952006a41e6056784c2006b40e783e802b6b57f28fb1af8028fc2006942650073800a0068406480f200292300028b05e0a0c528
15039241,155.406,2026-09-21T16:11:48.406000+00:00,DP0SNX,CQ,82,0,86A240404040E088A060A69CB06103F02702E946180008C8C03400336AB157489E470002A37ED0BB117D2E40007FFF000078E980537F04800B80057FFE8BF6F2B4B7841A54AA4887E97FFF7FFF7FFFFF39C5,2702e946180008c8c03400336ab157489e470002a37ed0bb117d2e40007fff000078e980537f04800b80057ffe8bf6f2b4b7841a54aa4887e97fff7fff7fffff39c5
15039241,156.415,2026-09-21T16:11:49.415000+00:00,DP0SNX,CQ,146,2,86A240404040E088A060A69CB06103F02700EA6618000864EB7B00736AB157498218526E33FF4280000000000001852705ABA028000000000000009800000C0222266800D75011B655300D0A1045CBD744835E646316B6415931B0301B106952006A41E604E704C2006BC0E783E802B6B57F28FB1AF8028FC2006842E50073008A0068406480F200A92300028B05E0B0AED7,2700ea6618000864eb7b00736ab157498218526e33ff4280000000000001852705aba028000000000000009800000c0222266800d75011b655300d0a1045cbd744835e646316b6415931b0301b106952006a41e604e704c2006bc0e783e802b6b57f28fb1af8028fc2006842e50073008a0068406480f200a92300028b05e0b0aed7
15039241,157.279,2026-09-21T16:11:50.279000+00:00,DP0SNX,CQ,63,0,86A240404040E088A060A69CB06103F02702EB47180008D2E0E300206AB157499E000000020000000000000000000000000000000000000000000000002942,2702eb47180008d2e0e300206ab157499e000000020000000000000000000000000000000000000000000000002942
15039241,157.454,2026-09-21T16:11:50.454000+00:00,DP0SNX,CQ,63,1,86A240404040E088A060A69CB06103F02702EC48180008D3E0E900206AB1574A9E00000006038150837FC000000000000000000000000000000000000002C1,2702ec48180008d3e0e900206ab1574a9e00000006038150837fc000000000000000000000000000000000000002c1
15039241,159.281,2026-09-21T16:11:52.281000+00:00,DP0SNX,CQ,83,0,86A240404040E088A060A69CB06103F02702EE49180008E6E12B00346AB1574B9E72A542244F4C842D788D7849241D8E307891B48B73DF2BB2789121C7955CD92E72A921998E6CB634789D221056ECB52C49C3,2702ee49180008e6e12b00346ab1574b9e72a542244f4c842d788d7849241d8e307891b48b73df2bb2789121c7955cd92e72a921998e6cb634789d221056ecb52c49c3
15039241,160.415,2026-09-21T16:11:53.415000+00:00,DP0SNX,CQ,146,0,86A240404040E088A060A69CB06103F02700EF6818000864EB7D00736AB1574D8218527233FF4280000000000001852745ABA028000000000000009800000C0222266800D75011B655100D0A1045CBD844835E64631436415931B030DB106952006A41E585670442006BC0E7846802B6B57F28FB1AF8028FC20068C2E48073800A0068406480F280292300028B05E0C011A6,2700ef6818000864eb7d00736ab1574d8218527233ff4280000000000001852745aba028000000000000009800000c0222266800d75011b655100d0a1045cbd844835e64631436415931b030db106952006a41e585670442006bc0e7846802b6b57f28fb1af8028fc20068c2e48073800a0068406480f280292300028b05e0c011a6
15039241,161.684,2026-09-21T16:11:54.684000+00:00,DP0SNX,CQ,97,2,86A240404040E088A060A69CB06103F02702F14B1FFF9E000000000000008000000000000000000000000000000080000000000000000000310000000000000000000000000000000000000000000000000000000000000009000000000000C50D,2702f14b1fff9e000000000000008000000000000000000000000000000080000000000000000000310000000000000000000000000000000000000000000000000000000000000009000000000000c50d
15039241,164.415,2026-09-21T16:11:57.415000+00:00,DP0SNX,CQ,146,0,86A240404040E088A060A69CB06103F02700F36A18000864EB7F00736AB157518218527633FF4280000000000001852785ABA028000000000000009800000C0222266800D75011B655300D0A1045CBD944835E64631336415931B030FB106952006A41E605670442006BC0E7836802B6B57F28FB1AF8028FC20068C2E50072800A0068406480F280292300028B05E0D07237,2700f36a18000864eb7f00736ab157518218527633ff4280000000000001852785aba028000000000000009800000c0222266800d75011b655300d0a1045cbd944835e64631336415931b030fb106952006a41e605670442006bc0e7836802b6b57f28fb1af8028fc20068c2e50072800a0068406480f280292300028b05e0d07237
15039241,166.415,2026-09-21T16:11:59.415000+00:00,DP0SNX,CQ,146,1,86A240404040E088A060A69CB06103F02700F46B18000864EB8000736AB157538218527833FF42800000000000018527A5ABA028000000000000009800000C0222266800D75011B655900D0A1045CBD844835E64631A36415931B030FB1069520069C1E605670442006BC0E783E782B6B57F28FB1AF8028FC2006942E500F3800A0068C06480F280292300028B05E0D87A07,2700f46b18000864eb8000736ab157538218527833ff42800000000000018527a5aba028000000000000009800000c0222266800d75011b655900d0a1045cbd844835e64631a36415931b030fb1069520069c1e605670442006bc0e783e782b6b57f28fb1af8028fc2006942e500f3800a0068c06480f280292300028b05e0d87a07
15039241,167.282,2026-09-21T16:12:00.282000+00:00,DP0SNX,CQ,91,1,86A240404040E088A060A69CB06103F02702F54C18000BB6D93F003C6AB15753BCF401A0C4BD11D900F001A0C4BD10F80079FD3F57194D9D7F86B0CC579FD9121F9675CD3701AA3D94968356D701160A84482748C7F93244805410,2702f54c18000bb6d93f003c6ab15753bcf401a0c4bd11d900f001a0c4bd10f80079fd3f57194d9d7f86b0cc579fd9121f9675cd3701aa3d94968356d701160a84482748c7f93244805410
15039241,168.415,2026-09-21T16:12:01.415000+00:00,DP0SNX,CQ,146,2,86A240404040E088A060A69CB06103F02700F66C18000864EB8100736AB157558218527A33FF42800000000000018527C5ABA028000000000000009800000C0222266800D75011B655700D0A1045CBD8C4835E64631EB6415931B0309B106952006A41E6056704C2006B40E803E80336B57F28FB1AF8028FC20068C2650073000A00684064817280292300028B05E0E0A704,2700f66c18000864eb8100736ab157558218527a33ff42800000000000018527c5aba028000000000000009800000c0222266800d75011b655700d0a1045cbd8c4835e64631eb6415931b0309b106952006a41e6056704c2006b40e803e80336b57f28fb1af8028fc20068c2650073000a00684064817280292300028b05e0e0a704
15039241,170.415,2026-09-21T16:12:03.415000+00:00,DP0SNX,CQ,146,2,86A240404040E088A060A69CB06103F02700F76D18000864EB8200736AB157578218527C33FF42800000000000018527E5ABA028000000000000009800000C0222266800D75011B655700D0A1045CBD8C4835E64632076415931B0303B106952006A41E605670442006BC0E803E802B6B57F28FB1AF8028FC20069426500F3800A00684064807200A92300028B05E0E89598,2700f76d18000864eb8200736ab157578218527c33ff42800000000000018527e5aba028000000000000009800000c0222266800d75011b655700d0a1045cbd8c4835e64632076415931b0303b106952006a41e605670442006bc0e803e802b6b57f28fb1af8028fc20069426500f3800a00684064807200a92300028b05e0e89598
15039241,174.415,2026-09-21T16:12:07.415000+00:00,DP0SNX,CQ,146,1,86A240404040E088A060A69CB06103F02700F96F18000864EB8400736AB1575B8218528033FF4280000000000001852825ABA028000000000000009800000C0222266800D75011B655700D0A1045CBD7C4835E646316B6415931B0301B1069520069C1E6056704C2006BC0E783E802B6B57F28FB1AF8028FC20068C2650073800A0068C06480F280292300028B05E0F82EE9,2700f96f18000864eb8400736ab1575b8218528033ff4280000000000001852825aba028000000000000009800000c0222266800d75011b655700d0a1045cbd7c4835e646316b6415931b0301b1069520069c1e6056704c2006bc0e783e802b6b57f28fb1af8028fc20068c2650073800a0068c06480f280292300028b05e0f82ee9
15039241,177.411,2026-09-21T16:12:10.411000+00:00,DP0SNX,CQ,114,0,86A240404040E088A060A69CB06103F02702FB4D1800087DC3AF00536AB1575E9E00372852492F502F502F4F2F4F00002D4600002D45000003300000010801740D9800000000000000000000000000A200000A680A660A6A000000A153332DB6000C000016A30B5100000004000055554FD5,2702fb4d1800087dc3af00536ab1575e9e00372852492f502f502f4f2f4f00002d4600002d45000003300000010801740d9800000000000000000000000000a200000a680a660a6a000000a153332db6000c000016a30b5100000004000055554fd5
15039241,178.415,2026-09-21T16:12:11.415000+00:00,DP0SNX,CQ,146,0,86A240404040E088A060A69CB06103F02700FC7118000864EB8600736AB1575F8218528433FF4280000000000001852865ABA028000000000000009800000C0222266800D75011B655D00D0A1045CBD844835E64631436415931B0303B106952006A406607E706C2006BC0E783E80336B57F28FB1AF8028FC20068C2650073000A00684064807280292300028B05E0886D77,2700fc7118000864eb8600736ab1575f8218528433ff4280000000000001852865aba028000000000000009800000c0222266800d75011b655d00d0a1045cbd844835e64631436415931b0303b106952006a406607e706c2006bc0e783e80336b57f28fb1af8028fc20068c2650073000a00684064807280292300028b05e0886d77
15039241,182.415,2026-09-21T16:12:15.415000+00:00,DP0SNX,CQ,146,1,86A240404040E088A060A69CB06103F02700FE7318000864EB8800736AB157638218528833FF42800000000000018528A5ABA028000000000000009800000C0222266800D75011B655D00D0A1045CBD8C4835E64631F36415931B030FB106952006A41E6056704C2006BC0E7846802B6B57F28FB1AE0028FC20068C2650073000A0068406480F280292300028B05E0988048,2700fe7318000864eb8800736ab157638218528833ff42800000000000018528a5aba028000000000000009800000c0222266800d75011b655d00d0a1045cbd8c4835e64631f36415931b030fb106952006a41e6056704c2006bc0e7846802b6b57f28fb1ae0028fc20068c2650073000a0068406480f280292300028b05e0988048
15039241,184.415,2026-09-21T16:12:17.415000+00:00,DP0SNX,CQ,146,2,86A240404040E088A060A69CB06103F02700FF7418000864EB8900736AB157658218528A33FF42800000000000018528C5ABA028000000000000009800000C0222266800D75011B655F00D0A1045CBD844835E64632136415931B0309B106952006A41E6056704C2006BC0E783E78336B57F28FB1AF8028FC20068C26500F3800A0068406480F280292300028B05E0A0F966,2700ff7418000864eb8900736ab157658218528a33ff42800000000000018528c5aba028000000000000009800000c0222266800d75011b655f00d0a1045cbd844835e64632136415931b0309b106952006a41e6056704c2006bc0e783e78336b57f28fb1af8028fc20068c26500f3800a0068406480f280292300028b05e0a0f966
15039241,186.005,2026-09-21T16:12:19.005000+00:00,DP0SNX,CQ,271,1,86A240404040E088A060A69CB06103F0270602161811ACF9028563C02030493DB3702B01156950086AC9A200116AACF9168563C02030513DB3702B01156950086AC9A300116AACF92A8563C020305A3DB3702B01156950086AC9A400116AACF93E8563C02030623DB3702B01156950086AC9A500116AACF9528563C020306A3DB3702B01156950086AC9A600116AACF9668563C02030723DB3702B01156950086AC9A700116AACF97A8563C020307A3DB3702B01156950086AC9A800116AACF98E8563C02030833DB3702B01156950086AC9A900116AACF9A28563C020308B3DB3702B01156950086AC9AA00116AACF9B68563C02030933DB3702B01156950086AC9AB00116AACF9CA8563C020998B,270602161811acf9028563c02030493db3702b01156950086ac9a200116aacf9168563c02030513db3702b01156950086ac9a300116aacf92a8563c020305a3db3702b01156950086ac9a400116aacf93e8563c02030623db3702b01156950086ac9a500116aacf9528563c020306a3db3702b01156950086ac9a600116aacf9668563c02030723db3702b01156950086ac9a700116aacf97a8563c020307a3db3702b01156950086ac9a800116aacf98e8563c02030833db3702b01156950086ac9a900116aacf9a28563c020308b3db3702b01156950086ac9aa00116aacf9b68563c02030933db3702b01156950086ac9ab00116aacf9ca8563c020998b
15039241,187.635,2026-09-21T16:12:20.635000+00:00,DP0SNX,CQ,102,1,86A240404040E088A060A69CB06103F02702054F180008D2E0E400206AB157679E0000000200000000000000000000000000000000000000000000000008D3E0EA00206AB157689E000000020080900BF7400000000000000000000000000000000000007CB6,2702054f180008d2e0e400206ab157679e0000000200000000000000000000000000000000000000000000000008d3e0ea00206ab157689e000000020080900bf7400000000000000000000000000000000000007cb6
15039241,187.88,2026-09-21T16:12:20.880000+00:00,DP0SNX,CQ,271,1,86A240404040E088A060A69CB06103F0270606181803156950086AC9B600116AACFAA68563C02030F53DB3702B01156950086AC9B700116AACFABA8563C02030FE3DB3702B01156950086AC9B800116AACFACE8573802000003DB3702B01156950086AC9B900116AACFAE28573802000003DB3702B01156950086AC9BA00116AACFAF68573802000003DB3702B01156950086AC9BB00116AACFB0A8573802000003DB3702B01156950086AC9BC00116AACFB1E8573802000003DB3702B01156950086AC9BD00116AACFB328573802000003DB3702B01156950086AC9BE00116AACFB468573802000003DB3702B01156950086AC9BF00116AACFB5A8573802000003DB3702B01156950086AC9C09D0A,270606181803156950086ac9b600116aacfaa68563c02030f53db3702b01156950086ac9b700116aacfaba8563c02030fe3db3702b01156950086ac9b800116aacface8573802000003db3702b01156950086ac9b900116aacfae28573802000003db3702b01156950086ac9ba00116aacfaf68573802000003db3702b01156950086ac9bb00116aacfb0a8573802000003db3702b01156950086ac9bc00116aacfb1e8573802000003db3702b01156950086ac9bd00116aacfb328573802000003db3702b01156950086ac9be00116aacfb468573802000003db3702b01156950086ac9bf00116aacfb5a8573802000003db3702b01156950086ac9c09d0a
15039241,188.615,2026-09-21T16:12:21.615000+00:00,DP0SNX,CQ,146,2,86A240404040E088A060A69CB06103F02700087618000864EB8B00736AB157698218528E303F4280000000000001852905ABA028000000000000009600000C0222266800D75011B655500D0A1045CBD8C4835E646316F6415931B0303B106952006A41E6056704C2006B416703E80336B57F28FB1AE0028FC20068C2650073800A0068406480F280292300028B05E0B0B5D7,2700087618000864eb8b00736ab157698218528e303f4280000000000001852905aba028000000000000009600000c0222266800d75011b655500d0a1045cbd8c4835e646316f6415931b0303b106952006a41e6056704c2006b416703e80336b57f28fb1ae0028fc20068c2650073800a0068406480f280292300028b05e0b0b5d7
15039241,189.481,2026-09-21T16:12:22.481000+00:00,DP0SNX,CQ,83,0,86A240404040E088A060A69CB06103F027020950180008E6E12C00346AB157699E72A572244F4C842D788DA849241D8E3078ADE4AD71EF38B2789151C7955CD92E72A951998E6CB63478A1521056ECB52C9963,27020950180008e6e12c00346ab157699e72a572244f4c842d788da849241d8e3078ade4ad71ef38b2789151c7955cd92e72a951998e6cb63478a1521056ecb52c9963
15039241,189.706,2026-09-21T16:12:22.706000+00:00,DP0SNX,CQ,271,2,86A240404040E088A060A69CB06103F027060A1A180D73802000003DB3702B01156950086AC9CB00116AAD39018573802030000C6128C6011012CC086AC9CC00116AAD39158573802030080C6128C6011012CC086AC9CD00116AAD39298573802030100C6128C6011012CC086AC9CE00116AAD393D8573802030190C6128C6011012CC086AC9CF00116AAD39518573802030210C6128C6011012CC086AC9D000116AAD39658573802030290C6128C6011012CC086AC9D100116AAD39798573802030320C6128C6011012CC086AC9D200116AAD398D85738020303A0C6128C6011012CC086AC9D300116AAD39A18573802030420C6128C6011012CC086AC9D400116AAD39B585738020304B0C611D24,27060a1a180d73802000003db3702b01156950086ac9cb00116aad39018573802030000c6128c6011012cc086ac9cc00116aad39158573802030080c6128c6011012cc086ac9cd00116aad39298573802030100c6128c6011012cc086ac9ce00116aad393d8573802030190c6128c6011012cc086ac9cf00116aad39518573802030210c6128c6011012cc086ac9d000116aad39658573802030290c6128c6011012cc086ac9d100116aad39798573802030320c6128c6011012cc086ac9d200116aad398d85738020303a0c6128c6011012cc086ac9d300116aad39a18573802030420c6128c6011012cc086ac9d400116aad39b585738020304b0c611d24
15039241,190.44,2026-09-21T16:12:23.440000+00:00,DP0SNX,CQ,146,0,86A240404040E088A060A69CB06103F027000C7718000864EB8C00736AB1576B82185290303F4280000000000001852925ABA028000000000000009600000C0222266800D75011B655300D0A1045CBD8C4835E64631536415931B0301B106952006A4166066705C2006B4167846802B6B57F28FB1AF8028FC20068C2650073000A0068C06480F280292300028B05E0B8A686,27000c7718000864eb8c00736ab1576b82185290303f4280000000000001852925aba028000000000000009600000c0222266800d75011b655300d0a1045cbd8c4835e64631536415931b0301b106952006a4166066705c2006b4167846802b6b57f28fb1af8028fc20068c2650073000a0068c06480f280292300028b05e0b8a686
15039241,191.684,2026-09-21T16:12:24.684000+00:00,DP0SNX,CQ,97,0,86A240404040E088A060A69CB06103F027020E521FFF9E0000000000000080000000000000000000000000000000800000000000000000003100000000000000000000000000000000000000000000000000000000000000090000000000005DEA,27020e521fff9e0000000000000080000000000000000000000000000000800000000000000000003100000000000000000000000000000000000000000000000000000000000000090000000000005dea
15039241,192.64,2026-09-21T16:12:25.640000+00:00,DP0SNX,CQ,146,1,86A240404040E088A060A69CB06103F02700117818000864EB8D00736AB1576D82185292303F4280000000000001852945ABA028000000000000009600000C0222266800D75011B654D00D0A1045CBD944835E64630FB6415931B02FFB106952006A41E605670442006BC16783E80336B57F28FB1AF8028FC20068C2650072800A0068C06480F200292300028B05E0B8DCB6,2700117818000864eb8d00736ab1576d82185292303f4280000000000001852945aba028000000000000009600000c0222266800d75011b654d00d0a1045cbd944835e64630fb6415931b02ffb106952006a41e605670442006bc16783e80336b57f28fb1af8028fc20068c2650072800a0068c06480f200292300028b05e0b8dcb6
15039241,194.665,2026-09-21T16:12:27.665000+00:00,DP0SNX,CQ,146,2,86A240404040E088A060A69CB06103F02700157918000864EB8E00736AB1576F82185294303F4280000000000001852965ABA028000000000000009600000C0222266800D75011B654B00D0A1045CBD944835E64631275C17931D0307B1069520069C1E605E704C2006B416783E802B6B57F28FB1AF8028FC20068C2650073800A0068406480F300292300028B05E0C0CB6A,2700157918000864eb8e00736ab1576f82185294303f4280000000000001852965aba028000000000000009600000c0222266800d75011b654b00d0a1045cbd944835e64631275c17931d0307b1069520069c1e605e704c2006b416783e802b6b57f28fb1af8028fc20068c2650073800a0068406480f300292300028b05e0c0cb6a
15039241,195.931,2026-09-21T16:12:28.931000+00:00,DP0SNX,CQ,271,0,86A240404040E088A060A69CB06103F02706172218058000000278086ACA1D00116AADD34C8593802000004BC0858000000278086ACA1E00116AADD3608593802000004BC0858000000278086ACA1F00116AADD3748593802000004BC0858000000278086ACA2000116AADD3888593802000004BC0858000000278086ACA2100116AADD39C8593802000004BC0858000000278086ACA2200116AADD3B08593802000004BC0858000000278086ACA2300116AADD3C48593802000004BC0858000000278086ACA2400116AADD3D88593802000004BC0858000000278086ACA2500116AADD3EC8593802000004BC0858000000278086ACA2600116AADD4008593802000004BC0858000000278086AB85D,2706172218058000000278086aca1d00116aadd34c8593802000004bc0858000000278086aca1e00116aadd3608593802000004bc0858000000278086aca1f00116aadd3748593802000004bc0858000000278086aca2000116aadd3888593802000004bc0858000000278086aca2100116aadd39c8593802000004bc0858000000278086aca2200116aadd3b08593802000004bc0858000000278086aca2300116aadd3c48593802000004bc0858000000278086aca2400116aadd3d88593802000004bc0858000000278086aca2500116aadd3ec8593802000004bc0858000000278086aca2600116aadd4008593802000004bc0858000000278086ab85d
15039241,196.306,2026-09-21T16:12:29.306000+00:00,DP0SNX,CQ,271,1,86A240404040E088A060A69CB06103F0270618231816CA2700116AADD4148593802000004BC0858000000278086ACA2800116AADD4288593802000004BC0858000000278086ACA2900116AADD43C8593802000004BC0858000000278086ACA2A00116AADD4508593802000004BC0858000000278086ACA2B00116AADD4648593802000004BC0858000000278086ACA2C00116AADD4788593802000004BC0858000000278086ACA2D00116AADD48C8593802000004BC0858000000278086ACA2E00116AADD4A08593802000004BC0858000000278086ACA2F00116AADD4B48593802000004BC0858000000278086ACA3000116AAF83BD8593802000004BC0858000000278086ACA3100116AAF830143,270618231816ca2700116aadd4148593802000004bc0858000000278086aca2800116aadd4288593802000004bc0858000000278086aca2900116aadd43c8593802000004bc0858000000278086aca2a00116aadd4508593802000004bc0858000000278086aca2b00116aadd4648593802000004bc0858000000278086aca2c00116aadd4788593802000004bc0858000000278086aca2d00116aadd48c8593802000004bc0858000000278086aca2e00116aadd4a08593802000004bc0858000000278086aca2f00116aadd4b48593802000004bc0858000000278086aca3000116aaf83bd8593802000004bc0858000000278086aca3100116aaf830143
15039241,196.665,2026-09-21T16:12:29.665000+00:00,DP0SNX,CQ,146,0,86A240404040E088A060A69CB06103F02700197A18000864EB8F00736AB1577182185296303F4280000000000001852985ABA028000000000000009600000C0222266800D75011B654F00D0A1045CBD944835E646310F5C17931D030BB106952006A416605E70542006B416783E802B6B57F28FB1AE0028FC20068C2650073000A0068C06480F280292300028B05E0C82B7B,2700197a18000864eb8f00736ab1577182185296303f4280000000000001852985aba028000000000000009600000c0222266800d75011b654f00d0a1045cbd944835e646310f5c17931d030bb106952006a416605e70542006b416783e802b6b57f28fb1ae0028fc20068c2650073000a0068c06480f280292300028b05e0c82b7b
15039241,197.931,2026-09-21T16:12:30.931000+00:00,DP0SNX,CQ,271,0,86A240404040E088A060A69CB06103F027061B2518083636CFAE0083AF08086ACA3C00116AAF84AD8593802030B23636CFAE0083AF08086ACA3D00116AAF84C18593802030C13636CFAE0083AF08086ACA3E00116AAF84D58593802030D23636CFAE0083AF08086ACA3F00116AAF84E98593802030E23636CFAE0083AF08086ACA4000116AAF84FD859380202CF33636CFAE0083AF08086ACA4100116AAF851185A3802000003636CFAE0083AF08086ACA4200116AAF852585A3802000003636CFAE0083AF08086ACA4300116AAF853985A3802000003636CFAE0083AF08086ACA4400116AAF854D85A3802000003636CFAE0083AF08086ACA4500116AAF856185A3802000003636CFAE0083AF6199,27061b2518083636cfae0083af08086aca3c00116aaf84ad8593802030b23636cfae0083af08086aca3d00116aaf84c18593802030c13636cfae0083af08086aca3e00116aaf84d58593802030d23636cfae0083af08086aca3f00116aaf84e98593802030e23636cfae0083af08086aca4000116aaf84fd859380202cf33636cfae0083af08086aca4100116aaf851185a3802000003636cfae0083af08086aca4200116aaf852585a3802000003636cfae0083af08086aca4300116aaf853985a3802000003636cfae0083af08086aca4400116aaf854d85a3802000003636cfae0083af08086aca4500116aaf856185a3802000003636cfae0083af6199
15039241,198.665,2026-09-21T16:12:31.665000+00:00,DP0SNX,CQ,146,1,86A240404040E088A060A69CB06103F027001D7B18000864EB9000736AB1577382185298303F42800000000000018529A5ABA028000000000000009600000C0222266800D75011B654900D0A1045CBD8C4835E646318B5C17931D030FB106952006A41E605E70442006AC16783E802B6B57F28FB1AE0028FC20068C2650073800A0068406480F280292300028B05E0D007EB,27001d7b18000864eb9000736ab1577382185298303f42800000000000018529a5aba028000000000000009600000c0222266800d75011b654900d0a1045cbd8c4835e646318b5c17931d030fb106952006a41e605e70442006ac16783e802b6b57f28fb1ae0028fc20068c2650073800a0068406480f280292300028b05e0d007eb
15039241,199.556,2026-09-21T16:12:32.556000+00:00,DP0SNX,CQ,271,0,86A240404040E088A060A69CB06103F027061E2718126AAF863D85A3802000003636CFAE0083AF08086ACA5100116AAF865185A3802000003636CFAE0083AF08086ACA5200116AAF866585A3802000003636CFAE0083AF08086ACA5300116AAF867985A3802000003636CFAE0083AF08086ACA5400116AAF868D85A3802000003636CFAE0083AF08086ACA5500116AAF86A185A3802000003636CFAE0083AF08086ACA5600116AAF86B585A3802000003636CFAE0083AF08086ACA5700116AAF86C985A3802000003636CFAE0083AF08086ACA5800116AAF86DD85A3802000003636CFAE0083AF08086ACA5900116AAF86F185A3802000003636CFAE0083AF08086ACA5A00116AAF870585A3801F6C,27061e2718126aaf863d85a3802000003636cfae0083af08086aca5100116aaf865185a3802000003636cfae0083af08086aca5200116aaf866585a3802000003636cfae0083af08086aca5300116aaf867985a3802000003636cfae0083af08086aca5400116aaf868d85a3802000003636cfae0083af08086aca5500116aaf86a185a3802000003636cfae0083af08086aca5600116aaf86b585a3802000003636cfae0083af08086aca5700116aaf86c985a3802000003636cfae0083af08086aca5800116aaf86dd85a3802000003636cfae0083af08086aca5900116aaf86f185a3802000003636cfae0083af08086aca5a00116aaf870585a3801f6c
15039241,200.415,2026-09-21T16:12:33.415000+00:00,DP0SNX,CQ,146,0,86A240404040E088A060A69CB06103F02700207C18000864EB9100736AB157758218529A303F42800000000000018529C5ABA028000000000000009600000C0222266800D75011B654500D0A1045CBD9C4835E646312F5C17931D0311B1069520069C1E605670442006BC16783E80336B57F28FB1AF8028FC20068C2650073000A0068C06480F200292300028B05E0D8AE80,2700207c18000864eb9100736ab157758218529a303f42800000000000018529c5aba028000000000000009600000c0222266800d75011b654500d0a1045cbd9c4835e646312f5c17931d0311b1069520069c1e605670442006bc16783e80336b57f28fb1af8028fc20068c2650073000a0068c06480f200292300028b05e0d8ae80
15039241,202.415,2026-09-21T16:12:35.415000+00:00,DP0SNX,CQ,146,1,86A240404040E088A060A69CB06103F02700217D18000864EB9200736AB157778218529C303F42800000000000018529E5ABA028000000000000009600000C0222266800D75011B654B00D0A1045CBD944835E64630EB5C19931D0309B106952006A4066086707C2006BC16784678336B5FF28FB1AF8028FC20068C2650073000A0068406480F280292300028B05E0E0CD77,2700217d18000864eb9200736ab157778218529c303f42800000000000018529e5aba028000000000000009600000c0222266800d75011b654b00d0a1045cbd944835e64630eb5c19931d0309b106952006a4066086707c2006bc16784678336b5ff28fb1af8028fc20068c2650073000a0068406480f280292300028b05e0e0cd77
15039241,204.415,2026-09-21T16:12:37.415000+00:00,DP0SNX,CQ,146,1,86A240404040E088A060A69CB06103F02700227E18000864EB9300736AB157798218529E303F4280000000000001852A05ABA028000000000000009600000C0222266800D75011B654B00D0A1045CBD944835E64631A35C19931D0307B106952006A41E605670442006B40E783E802B6B57F28FB1AE0028FC20068C2650073000A0068C06480F280292300028B05E0E85FF5,2700227e18000864eb9300736ab157798218529e303f4280000000000001852a05aba028000000000000009600000c0222266800d75011b654b00d0a1045cbd944835e64631a35c19931d0307b106952006a41e605670442006b40e783e802b6b57f28fb1ae0028fc20068c2650073000a0068c06480f280292300028b05e0e85ff5
15039241,206.415,2026-09-21T16:12:39.415000+00:00,DP0SNX,CQ,146,2,86A240404040E088A060A69CB06103F02700237F18000864EB9400736AB1577B821852A0303F4280000000000001852A25ABA028000000000000009600000C0222266800D75011B655100D0A1045CBD844835E646312B5C19931D0307B106952006A41E6056704C2006B416783E802B6B5FF28FB1AF8028FC2006942650073000A00684064807200A92300028B05E0F0FF78,2700237f18000864eb9400736ab1577b821852a0303f4280000000000001852a25aba028000000000000009600000c0222266800d75011b655100d0a1045cbd844835e646312b5c19931d0307b106952006a41e6056704c2006b416783e802b6b5ff28fb1af8028fc2006942650073000a00684064807200a92300028b05e0f0ff78
15039241,207.41,2026-09-21T16:12:40.410000+00:00,DP0SNX,CQ,114,1,86A240404040E088A060A69CB06103F0270224531800087DC3B000536AB1577C9E00373752492F512F512F502F5000002D4700002D46000003300000010801740D9800000000000000000000000000A200000A680A660A6A000000A153332DB6000C000016A30B510000000400005555557B,270224531800087dc3b000536ab1577c9e00373752492f512f512f502f5000002d4700002d46000003300000010801740d9800000000000000000000000000a200000a680a660a6a000000a153332db6000c000016a30b510000000400005555557b
15039241,208.415,2026-09-21T16:12:41.415000+00:00,DP0SNX,CQ,146,1,86A240404040E088A060A69CB06103F02700258018000864EB9500736AB1577D821852A2303F4280000000000001852A45ABA028000000000000009600000C0222266800D75011B655300D0A1045CBD7C4835E64631BF5C19931D030DB106952006A40E606670642006B40E783E80336B5FF28FB1AF8028FC20068C2650072800A0068406480F280292300028B05E0F8DCD9,2700258018000864eb9500736ab1577d821852a2303f4280000000000001852a45aba028000000000000009600000c0222266800d75011b655300d0a1045cbd7c4835e64631bf5c19931d030db106952006a40e606670642006b40e783e80336b5ff28fb1af8028fc20068c2650072800a0068406480f280292300028b05e0f8dcd9
15039241,210.415,2026-09-21T16:12:43.415000+00:00,DP0SNX,CQ,146,1,86A240404040E088A060A69CB06103F02700268118000864EB9600736AB1577F821852A4303F4280000000000001852A65ABA028000000000000009600000C0222266800D75011B655100D0A1045CBD844835E64631375C19931D0313B106952006A41E585670442006BC167836782B6B5FF28FB1AF8028FC20068C2650073008A0068406400F200292300028B05E080A42A,2700268118000864eb9600736ab1577f821852a4303f4280000000000001852a65aba028000000000000009600000c0222266800d75011b655100d0a1045cbd844835e64631375c19931d0313b106952006a41e585670442006bc167836782b6b5ff28fb1af8028fc20068c2650073008a0068406400f200292300028b05e080a42a
15039241,212.415,2026-09-21T16:12:45.415000+00:00,DP0SNX,CQ,146,0,86A240404040E088A060A69CB06103F02700278218000864EB9700736AB15781821852A6303F4280000000000001852A85ABA028000000000000009600000C0222266800D75011B655500D0A1045CBD844835E64631C75C19931D031FB106952006A4266056704C2006BC16783E78336B57F28FB1AF8028FC20068C2648073000A0068C06480F280292300028B05E0888C89,2700278218000864eb9700736ab15781821852a6303f4280000000000001852a85aba028000000000000009600000c0222266800d75011b655500d0a1045cbd844835e64631c75c19931d031fb106952006a4266056704c2006bc16783e78336b57f28fb1af8028fc20068c2648073000a0068c06480f280292300028b05e0888c89
15039241,214.415,2026-09-21T16:12:47.415000+00:00,DP0SNX,CQ,146,0,86A240404040E088A060A69CB06103F02700288318000864EB9800736AB15783821852A8303F4280000000000001852AA5ABA028000000000000009600000C0222266800D75011B655300D0A1045CBD844835E64631EF5C19931D0313B106952006A40E588E70742006BC0E783E802B6B5FF28FB1AF8028FC20069426500F3800A0068406480F200A92300028B05E090B095,2700288318000864eb9800736ab15783821852a8303f4280000000000001852aa5aba028000000000000009600000c0222266800d75011b655300d0a1045cbd844835e64631ef5c19931d0313b106952006a40e588e70742006bc0e783e802b6b5ff28fb1af8028fc20069426500f3800a0068406480f200a92300028b05e090b095
15039241,215.407,2026-09-21T16:12:48.407000+00:00,DP0SNX,CQ,82,0,86A240404040E088A060A69CB06103F027022954180008C8C03600336AB157849E470002A38B84BC4A719440007FFF00007920808B7E74800780047FFF90A7F410B3551A54A79686747FFF7FFF7FFFFFD94A,27022954180008c8c03600336ab157849e470002a38b84bc4a719440007fff00007920808b7e74800780047fff90a7f410b3551a54a79686747fff7fff7fffffd94a
15039241,216.415,2026-09-21T16:12:49.415000+00:00,DP0SNX,CQ,146,0,86A240404040E088A060A69CB06103F027002A8418000864EB9900736AB15785821852AA303F4280000000000001852AC5ABA028000000000000009600000C0222266800D75011B655500D0A1045CBD844835E646320B5C19931D0313B106952006A41E6056704C2006BC0E783E802B6B5FF28FB1AF8028FC20069426500F3000A0068406480F280292300028B05E098BD0A,27002a8418000864eb9900736ab15785821852aa303f4280000000000001852ac5aba028000000000000009600000c0222266800d75011b655500d0a1045cbd844835e646320b5c19931d0313b106952006a41e6056704c2006bc0e783e802b6b5ff28fb1af8028fc20069426500f3000a0068406480f280292300028b05e098bd0a
15039241,217.279,2026-09-21T16:12:50.279000+00:00,DP0SNX,CQ,63,0,86A240404040E088A060A69CB06103F027022B55180008D2E0E500206AB157859E0000000200000000000000000000000000000000000000000000000019F0,27022b55180008d2e0e500206ab157859e0000000200000000000000000000000000000000000000000000000019f0
15039241,217.453,2026-09-21T16:12:50.453000+00:00,DP0SNX,CQ,63,0,86A240404040E088A060A69CB06103F027022C56180008D3E0EB00206AB157869E00001002064370577FC000000000000000000000000000000000000056BC,27022c56180008d3e0eb00206ab157869e00001002064370577fc000000000000000000000000000000000000056bc
15039241,218.415,2026-09-21T16:12:51.415000+00:00,DP0SNX,CQ,146,2,86A240404040E088A060A69CB06103F027002D8518000864EB9A00736AB15787821852AC303F4280000000000001852AE5ABA028000000000000009600000C0222266800D75011B654D00D0A1045CBD8C4835E64632275C19931D030FB106952006A41E604E70442006BC16783E802B6B5FF28FB1AF8028FC20068C2650073000A0068C06480F280292300028B05E0A0B449,27002d8518000864eb9a00736ab15787821852ac303f4280000000000001852ae5aba028000000000000009600000c0222266800d75011b654d00d0a1045cbd8c4835e64632275c19931d030fb106952006a41e604e70442006bc16783e802b6b5ff28fb1af8028fc20068c2650073000a0068c06480f280292300028b05e0a0b449
15039241,219.282,2026-09-21T16:12:52.282000+00:00,DP0SNX,CQ,83,0,86A240404040E088A060A69CB06103F027022E57180008E6E12D00346AB157879E72A5A2244F4C842D788DD849241D8E30789D14CD6EFF40B2789181C7955CD92E72A981998E6CB6347895821056ECB52CDACD,27022e57180008e6e12d00346ab157879e72a5a2244f4c842d788dd849241d8e30789d14cd6eff40b2789181c7955cd92e72a981998e6cb6347895821056ecb52cdacd
15039241,220.415,2026-09-21T16:12:53.415000+00:00,DP0SNX,CQ,146,0,86A240404040E088A060A69CB06103F027002F8618000864EB9B00736AB15789821852AE303F4280000000000001852B05ABA028000000000000009600000C0222266800D75011B655100D0A1045CBD944835E646322F5C19931D0309B106952006A416686E70642006BC0E783E7833735FF28FB1AF8028FC20068C26500F3000A0068406480F280292300028B05E0A8B81C,27002f8618000864eb9b00736ab15789821852ae303f4280000000000001852b05aba028000000000000009600000c0222266800d75011b655100d0a1045cbd944835e646322f5c19931d0309b106952006a416686e70642006bc0e783e7833735ff28fb1af8028fc20068c26500f3000a0068406480f280292300028b05e0a8b81c
15039241,221.684,2026-09-21T16:12:54.684000+00:00,DP0SNX,CQ,97,0,86A240404040E088A060A69CB06103F0270231591FFF9E00000000000000800000000000000000000000000000008000000000000000000031000000000000000000000000000000000000000000000000000000000000000900000000000088B0,270231591fff9e00000000000000800000000000000000000000000000008000000000000000000031000000000000000000000000000000000000000000000000000000000000000900000000000088b0
15039241,222.415,2026-09-21T16:12:55.415000+00:00,DP0SNX,CQ,146,1,86A240404040E088A060A69CB06103F02700328718000864EB9C00736AB1578B821852B0303F4280000000000001852B25ABA028000000000000009600000C0222266800D75011B655500D0A1045CBD944835E646322F5C19931D0307B1069520069C1E605670442006BC16783E802B735FF28FB1AF8028FC2006942650073800A0068C06480F200292300028B05E0B09C7C,2700328718000864eb9c00736ab1578b821852b0303f4280000000000001852b25aba028000000000000009600000c0222266800d75011b655500d0a1045cbd944835e646322f5c19931d0307b1069520069c1e605670442006bc16783e802b735ff28fb1af8028fc2006942650073800a0068c06480f200292300028b05e0b09c7c
15039241,224.415,2026-09-21T16:12:57.415000+00:00,DP0SNX,CQ,146,2,86A240404040E088A060A69CB06103F02700338818000864EB9D00736AB1578D821852B2303F4280000000000001852B45ABA028000000000000009600000C0222266800D75011B655300D0A1045CBD9C4835E64631775C19931D0303B106952006A41E604E70442006BC0E784680336B5FF28FB1AF8028FC20068C2650073000A0068406480F280292300028B05E0B835D1,2700338818000864eb9d00736ab1578d821852b2303f4280000000000001852b45aba028000000000000009600000c0222266800d75011b655300d0a1045cbd9c4835e64631775c19931d0303b106952006a41e604e70442006bc0e784680336b5ff28fb1af8028fc20068c2650073000a0068406480f280292300028b05e0b835d1
15039241,227.308,2026-09-21T16:13:00.308000+00:00,DP0SNX,CQ,91,1,86A240404040E088A060A69CB06103F02702355A18000BB6D940003C6AB1578FBCF401A0C4BDFC3A00F001A0C4BDFB5A0079FD3F57194D9D7F86B0CC579FD9121F9675CD3701AA3D94968356D701160A84542748C7B93244807324,2702355a18000bb6d940003c6ab1578fbcf401a0c4bdfc3a00f001a0c4bdfb5a0079fd3f57194d9d7f86b0cc579fd9121f9675cd3701aa3d94968356d701160a84542748c7b93244807324
15039241,228.415,2026-09-21T16:13:01.415000+00:00,DP0SNX,CQ,146,0,86A240404040E088A060A69CB06103F02700368A18000864EB9F00736AB15791821852B6303F4280000000000001852B85ABA028000000000000009600000C0222266800D75011B655900D0A1045CBD844835E646314F5C19931D0309B106952006A41E6056704C2006BC0E783E802B735FF28FB1AF8028FC20068C1E50072800A0068C064817280292300028B05E0C8CDC0,2700368a18000864eb9f00736ab15791821852b6303f4280000000000001852b85aba028000000000000009600000c0222266800d75011b655900d0a1045cbd844835e646314f5c19931d0309b106952006a41e6056704c2006bc0e783e802b735ff28fb1af8028fc20068c1e50072800a0068c064817280292300028b05e0c8cdc0
15039241,232.415,2026-09-21T16:13:05.415000+00:00,DP0SNX,CQ,146,1,86A240404040E088A060A69CB06103F02700388C18000864EBA100736AB15795821852BA303F4280000000000001852BC5ABA028000000000000009600000C0222266800D75011B655300D0A1045CBD8C4835E64631BB5C19931D030BB106952006A41E605E704C2006BC0E783E802B6B5FF28FB1AF8028FC20068C1E50073000A0068C06480F200292300028B05E0D8C07F,2700388c18000864eba100736ab15795821852ba303f4280000000000001852bc5aba028000000000000009600000c0222266800d75011b655300d0a1045cbd8c4835e64631bb5c19931d030bb106952006a41e605e704c2006bc0e783e802b6b5ff28fb1af8028fc20068c1e50073000a0068c06480f200292300028b05e0d8c07f
15039241,234.415,2026-09-21T16:13:07.415000+00:00,DP0SNX,CQ,146,0,86A240404040E088A060A69CB06103F02700398D18000864EBA200736AB15797821852BC303F4280000000000001852BE5ABA028000000000000009600000C0222266800D75011B655700D0A1045CBD8C4835E64631EB5C19931D0315B106952006A41E605670442006BC0E803E802B7357F28FB1AF8028FC20068C1E500F3800A0068406480F200292300028B05E0E02F70,2700398d18000864eba200736ab15797821852bc303f4280000000000001852be5aba028000000000000009600000c0222266800d75011b655700d0a1045cbd8c4835e64631eb5c19931d0315b106952006a41e605670442006bc0e803e802b7357f28fb1af8028fc20068c1e500f3800a0068406480f200292300028b05e0e02f70
15039241,236.415,2026-09-21T16:13:09.415000+00:00,DP0SNX,CQ,146,0,86A240404040E088A060A69CB06103F027003A8E18000864EBA300736AB15799821852BE303F4280000000000001852C05ABA028000000000000009600000C0222266800D75011B655100D0A1045CBD8C4835E646320B5C19931D031DB1069520069C1E6056704C2006BC0E783E80337357F28FB1AE0028FC20068C1E50073000A0068406480F280292300028B05E0E8A452,27003a8e18000864eba300736ab15799821852be303f4280000000000001852c05aba028000000000000009600000c0222266800d75011b655100d0a1045cbd8c4835e646320b5c19931d031db1069520069c1e6056704c2006bc0e783e80337357f28fb1ae0028fc20068c1e50073000a0068406480f280292300028b05e0e8a452
15039241,237.411,2026-09-21T16:13:10.411000+00:00,DP0SNX,CQ,114,0,86A240404040E088A060A69CB06103F027023B5B1800087DC3B100536AB1579A9E00374652492F522F522F512F5100002D4800002D47000003300000010801740D9800000000000000000000000000A200000A680A660A6A000000A153332DB6000C000016A40B5100000004000055557117,27023b5b1800087dc3b100536ab1579a9e00374652492f522f522f512f5100002d4800002d47000003300000010801740d9800000000000000000000000000a200000a680a660a6a000000a153332db6000c000016a40b5100000004000055557117
15039241,240.415,2026-09-21T16:13:13.415000+00:00,DP0SNX,CQ,146,2,86A240404040E088A060A69CB06103F027003D9018000864EBA500736AB1579D821852C2303F4280000000000001852C45ABA028000000000000009600000C0222266800D75011B655300D0A1045CBD844835E64632275C19931D0311B106952006A41E605E70442006BC0E783E782B735FF28FB1AF8028FC20068C1E50072800A0068406480F280292300028B05E0F0BDE7,27003d9018000864eba500736ab1579d821852c2303f4280000000000001852c45aba028000000000000009600000c0222266800d75011b655300d0a1045cbd844835e64632275c19931d0311b106952006a41e605e70442006bc0e783e782b735ff28fb1af8028fc20068c1e50072800a0068406480f280292300028b05e0f0bde7
15039241,242.415,2026-09-21T16:13:15.415000+00:00,DP0SNX,CQ,146,0,86A240404040E088A060A69CB06103F027003E9118000864EBA600736AB1579F821852C4303F4280000000000001852C65ABA028000000000000009600000C0222266800D75011B655100D0A1045CBD844835E64631735C19931D030DB106952006A41E585670442006BC16783E802B735FF28FB1AF8028FC20068C1E500F3000A0068C06480F280A92300028B05E0F816C9,27003e9118000864eba600736ab1579f821852c4303f4280000000000001852c65aba028000000000000009600000c0222266800d75011b655100d0a1045cbd844835e64631735c19931d030db106952006a41e585670442006bc16783e802b735ff28fb1af8028fc20068c1e500f3000a0068c06480f280a92300028b05e0f816c9
15039241,244.415,2026-09-21T16:13:17.415000+00:00,DP0SNX,CQ,146,1,86A240404040E088A060A69CB06103F027003F9218000864EBA700736AB157A1821852C6303F4280000000000001852C85ABA028000000000000009600000C0222266800D75011B655100D0A1045CBD844835E64631DF5C19931D030DB106952006A416606E70542006BC0E783E7833735FF28FB1AF8028FC20068C1E50073000A0068C06480F280292300028B05E080BBB3,27003f9218000864eba700736ab157a1821852c6303f4280000000000001852c85aba028000000000000009600000c0222266800d75011b655100d0a1045cbd844835e64631df5c19931d030db106952006a416606e70542006bc0e783e7833735ff28fb1af8028fc20068c1e50073000a0068c06480f280292300028b05e080bbb3
15039241,245.406,2026-09-21T16:13:18.406000+00:00,DP0SNX,CQ,82,1,86A240404040E088A060A69CB06103F02702405C180008C8C03700336AB157A29E470001239553BCEA68DA40007FFF0000795180A27E378002800880059469F439B1941A55A63B85D07FFF7FFF7FFFFF7AF1,2702405c180008c8c03700336ab157a29e470001239553bcea68da40007fff0000795180a27e378002800880059469f439b1941a55a63b85d07fff7fff7fffff7af1
15039241,247.304,2026-09-21T16:13:20.304000+00:00,DP0SNX,CQ,63,0,86A240404040E088A060A69CB06103F02702425D180008D2E0E600206AB157A39E00000002000000000000000000000000000000000000000000000000AE41,2702425d180008d2e0e600206ab157a39e00000002000000000000000000000000000000000000000000000000ae41
15039241,247.479,2026-09-21T16:13:20.479000+00:00,DP0SNX,CQ,63,0,86A240404040E088A060A69CB06103F02702435E180008D3E0EC00206AB157A49E00000002000000008080000000000000000000000000000000000000B4C0,2702435e180008d3e0ec00206ab157a49e00000002000000008080000000000000000000000000000000000000b4c0
15039241,248.415,2026-09-21T16:13:21.415000+00:00,DP0SNX,CQ,146,0,86A240404040E088A060A69CB06103F02700449418000864EBA900736AB157A5821852CA303F4280000000000001852CC5ABA028000000000000009600000C0222266800D75011B655700D0A1045CBD8C4835E646318F5C19931D031BB106952006A41E6056704C2006B416783E8033735FF28FB1AF8028FC20068C1E50073000A00684064817280292300028B05E0907ADF,2700449418000864eba900736ab157a5821852ca303f4280000000000001852cc5aba028000000000000009600000c0222266800d75011b655700d0a1045cbd8c4835e646318f5c19931d031bb106952006a41e6056704c2006b416783e8033735ff28fb1af8028fc20068c1e50073000a00684064817280292300028b05e0907adf
15039241,249.281,2026-09-21T16:13:22.281000+00:00,DP0SNX,CQ,83,0,86A240404040E088A060A69CB06103F02702455F180008E6E12E00346AB157A59E72A5D2244F4C842D788D0849241D8E3078B544E96B2F42B27891B1C7955CD92E72A9B1998E6CB6347891B21056ECB52CD886,2702455f180008e6e12e00346ab157a59e72a5d2244f4c842d788d0849241d8e3078b544e96b2f42b27891b1c7955cd92e72a9b1998e6cb6347891b21056ecb52cd886
15039241,250.415,2026-09-21T16:13:23.415000+00:00,DP0SNX,CQ,146,0,86A240404040E088A060A69CB06103F02700469518000864EBAA00736AB157A7821852CC303F4280000000000001852CE5ABA028000000000000009600000C0222266800D75011B654D00D0A1045CBD944835E64631E75C19931D031DB106952006A41E6056704C2006BC0E783E8033735FF28FB1AF8028FC20068C1E50073000A0068C06480F280292300028B05E098317B,2700469518000864ebaa00736ab157a7821852cc303f4280000000000001852ce5aba028000000000000009600000c0222266800d75011b654d00d0a1045cbd944835e64631e75c19931d031db106952006a41e6056704c2006bc0e783e8033735ff28fb1af8028fc20068c1e50073000a0068c06480f280292300028b05e098317b
15039241,251.331,2026-09-21T16:13:24.331000+00:00,DP0SNX,CQ,271,1,86A240404040E088A060A69CB06103F0270247601800087AC546006C6AB157A79EFFFC00000001FDFC000000000000000F7FC00000001FDFC00000000000000000000000000000000000000000000000000000000000000000000000000000000CC00033000CD00000F000000000000000000000000000000000000000000000F1A880003E6A2000000990C7A5002B6AB157A79EFF8D8A8C8D908CA6FF80FF848A898AA27375B48FFFFF83557077758EFFFF805055914DAC2B2E40092CC83300416AB157A79ECBFF9C9DCBFF9C84CBFF9D9DFFFF9D8584858586BABA9C848485A4B9B99C12FF060224FF010012FF0402FFFF010000130D0E00000081000A80000000400878D962004C6AB157A7B005,270247601800087ac546006c6ab157a79efffc00000001fdfc000000000000000f7fc00000001fdfc00000000000000000000000000000000000000000000000000000000000000000000000000000000cc00033000cd00000f000000000000000000000000000000000000000000000f1a880003e6a2000000990c7a5002b6ab157a79eff8d8a8c8d908ca6ff80ff848a898aa27375b48fffff83557077758effff805055914dac2b2e40092cc83300416ab157a79ecbff9c9dcbff9c84cbff9d9dffff9d8584858586baba9c848485a4b9b99c12ff060224ff010012ff0402ffff010000130d0e00000081000a80000000400878d962004c6ab157a7b005
15039241,251.702,2026-09-21T16:13:24.702000+00:00,DP0SNX,CQ,233,1,86A240404040E088A060A69CB06103F02702486118499E0000000000000080000000000000000000000000000000800000000000000000003100000000000000000000000000000000000000000000000000000000000000090000000000000879C0EF00356AB157A7F8AAA655555556AE3000000000000000AAA655555556AE3000000000000000FFFFFFFFFC000000000FFFFFFFFFC000000000087FEE7400456AB157A7F8FAE3E1F8EDEDF6EEEEF1E9F6F4FDE8FCE9E600000000000000000000F5F8F1F766665050505050505050505044444455EB000000EC00F60050000606FAEA6600201CAF,2702486118499e0000000000000080000000000000000000000000000000800000000000000000003100000000000000000000000000000000000000000000000000000000000000090000000000000879c0ef00356ab157a7f8aaa655555556ae3000000000000000aaa655555556ae3000000000000000fffffffffc000000000fffffffffc000000000087fee7400456ab157a7f8fae3e1f8ededf6eeeef1e9f6f4fde8fce9e600000000000000000000f5f8f1f766665050505050505050505044444455eb000000ec00f60050000606faea6600201caf
15039241,252.415,2026-09-21T16:13:25.415000+00:00,DP0SNX,CQ,146,0,86A240404040E088A060A69CB06103F02700499618000864EBAB00736AB157A9821852CE303F4280000000000001852D05ABA028000000000000009600000C0222266800D75011B654B00D0A1045CBD844835E64632075C19931D0315B106952006A41E604E70442006BC0E783E802B735FF28FB1AF8028FC2006941650073000A00684064807280A92300028B05E0A0E3F6,2700499618000864ebab00736ab157a9821852ce303f4280000000000001852d05aba028000000000000009600000c0222266800d75011b654b00d0a1045cbd844835e64632075c19931d0315b106952006a41e604e70442006bc0e783e802b735ff28fb1af8028fc2006941650073000a00684064807280a92300028b05e0a0e3f6
15039241,254.415,2026-09-21T16:13:27.415000+00:00,DP0SNX,CQ,146,0,86A240404040E088A060A69CB06103F027004A9718000864EBAC00736AB157AB821852D0303F4280000000000001852D25ABA028000000000000009600000C0222266800D75011B654700D0A1045CBD944835E646321F5C19931D031BB106952006A41E605670442006BC0E783E8033735FF28FB1AF8028FC20068C16500F3800A0068406480F200A92300028B05E0A86A2B,27004a9718000864ebac00736ab157ab821852d0303f4280000000000001852d25aba028000000000000009600000c0222266800d75011b654700d0a1045cbd944835e646321f5c19931d031bb106952006a41e605670442006bc0e783e8033735ff28fb1af8028fc20068c16500f3800a0068406480f200a92300028b05e0a86a2b
15039241,256.415,2026-09-21T16:13:29.415000+00:00,DP0SNX,CQ,146,0,86A240404040E088A060A69CB06103F027004B9818000864EBAD00736AB157AD821852D2303F4280000000000001852D45ABA028000000000000009600000C0222266800D75011B654D00D0A1045CBD7C4835E646316F5C19931D030FB1069520069C1E605670442006BC0E783E802B735FF28FB1AF8028FC20068C1E50073000A0068C06480F280292300028B05E0B06121,27004b9818000864ebad00736ab157ad821852d2303f4280000000000001852d45aba028000000000000009600000c0222266800d75011b654d00d0a1045cbd7c4835e646316f5c19931d030fb1069520069c1e605670442006bc0e783e802b735ff28fb1af8028fc20068c1e50073000a0068c06480f280292300028b05e0b06121
15039241,258.415,2026-09-21T16:13:31.415000+00:00,DP0SNX,CQ,146,0,86A240404040E088A060A69CB06103F027004C9918000864EBAE00736AB157AF821852D4303F4280000000000001852D65ABA028000000000000009600000C0222266800D75011D655100D0A1045CBD844835E64631DB5C19931D030FB106952006A41E604E704C2006BC0E783E8033735FF28FB1AE0028FC20068C1E50073008A0068406480F280292300028B05E0B82945,27004c9918000864ebae00736ab157af821852d4303f4280000000000001852d65aba028000000000000009600000c0222266800d75011d655100d0a1045cbd844835e64631db5c19931d030fb106952006a41e604e704c2006bc0e783e8033735ff28fb1ae0028fc20068c1e50073008a0068406480f280292300028b05e0b82945
15039241,260.415,2026-09-21T16:13:33.415000+00:00,DP0SNX,CQ,146,0,86A240404040E088A060A69CB06103F027004D9A18000864EBAF00736AB157B1821852D6303F4280000000000001852D85ABA028000000000000009600000C0222266800D75011D655700D0A1045CBD844835E64631475C19931D0309B106952006A41E605670442006BC0E783E8033735FF28FB1AF8028FC20068C1648073808A0068406480F280292300028B05E0C0CDC3,27004d9a18000864ebaf00736ab157b1821852d6303f4280000000000001852d85aba028000000000000009600000c0222266800d75011d655700d0a1045cbd844835e64631475c19931d0309b106952006a41e605670442006bc0e783e8033735ff28fb1af8028fc20068c1648073808a0068406480f280292300028b05e0c0cdc3
15039241,262.415,2026-09-21T16:13:35.415000+00:00,DP0SNX,CQ,146,2,86A240404040E088A060A69CB06103F027004E9B18000864EBB000736AB157B3821852D8303F4280000000000001852DA5ABA028000000000000009600000C0222266800D75011D655900D0A1045CBD844835E64631CB5C19931D0309B106952006A41E604E704C2006B40E783E8033735FF28FB1AF8028FC20068C1650072800A0068406480F200A92300028B05E0C86504,27004e9b18000864ebb000736ab157b3821852d8303f4280000000000001852da5aba028000000000000009600000c0222266800d75011d655900d0a1045cbd844835e64631cb5c19931d0309b106952006a41e604e704c2006b40e783e8033735ff28fb1af8028fc20068c1650072800a0068406480f200a92300028b05e0c86504
15039241,264.415,2026-09-21T16:13:37.415000+00:00,DP0SNX,CQ,146,2,86A240404040E088A060A69CB06103F027004F9C18000864EBB100736AB157B5821852DA303F4280000000000001852DC5ABA028000000000000009600000C0222266800D75011D655900D0A1045CBD8C4835E64631F35C19931D0309B1069520069C1E6056704C2006BC0E783E802B735FF28FB1AF8028FC20068C1650073800A0068C06480F280292300028B05E0D0CCA8,27004f9c18000864ebb100736ab157b5821852da303f4280000000000001852dc5aba028000000000000009600000c0222266800d75011d655900d0a1045cbd8c4835e64631f35c19931d0309b1069520069c1e6056704c2006bc0e783e802b735ff28fb1af8028fc20068c1650073800a0068c06480f280292300028b05e0d0cca8
15039241,266.415,2026-09-21T16:13:39.415000+00:00,DP0SNX,CQ,146,1,86A240404040E088A060A69CB06103F02700509D18000864EBB200736AB157B7821852DC303F4280000000000001852DE5ABA028000000000000009600000C0222266800D75011D655B00D0A1045CBD8C4835E646320F5C19931D0303B106952006A41E605670442006BC0E783E782B735FF28FB1AF8028FC20068C16500F3800A0068406480F280A92300028B05E0D82DC1,2700509d18000864ebb200736ab157b7821852dc303f4280000000000001852de5aba028000000000000009600000c0222266800d75011d655b00d0a1045cbd8c4835e646320f5c19931d0303b106952006a41e605670442006bc0e783e782b735ff28fb1af8028fc20068c16500f3800a0068406480f280a92300028b05e0d82dc1
15039241,267.411,2026-09-21T16:13:40.411000+00:00,DP0SNX,CQ,114,0,86A240404040E088A060A69CB06103F0270251621800087DC3B200536AB157B89E00375552492F532F532F522F5200002D4900002D48000003300000010801740D9800000000000000000000000000A200000A680A660A6A000000A153332DB6000C000016A40B520000000400005555ED81,270251621800087dc3b200536ab157b89e00375552492f532f532f522f5200002d4900002d48000003300000010801740d9800000000000000000000000000a200000a680a660a6a000000a153332db6000c000016a40b520000000400005555ed81
15039241,270.416,2026-09-21T16:13:43.416000+00:00,DP0SNX,CQ,146,1,86A240404040E088A060A69CB06103F02700539F18000864EBB400736AB157BB821852E0303F4280000000000001852E25ABA028000000000000009600000C0222266800D75011D655D00D0A1045CBD944835E64A316F5C19931D0305B106952006A41E6056704C2006BC0E783E7833735FF28FB1AF8028FC20069416480F3000A00684064807200A92300028B05E0E8AFD1,2700539f18000864ebb400736ab157bb821852e0303f4280000000000001852e25aba028000000000000009600000c0222266800d75011d655d00d0a1045cbd944835e64a316f5c19931d0305b106952006a41e6056704c2006bc0e783e7833735ff28fb1af8028fc20069416480f3000a00684064807200a92300028b05e0e8afd1
15039241,272.416,2026-09-21T16:13:45.416000+00:00,DP0SNX,CQ,146,0,86A240404040E088A060A69CB06103F0270054A018000864EBB500736AB157BD821852E2303F4280000000000001852E45ABA028000000000000009600000C0222266800D75011D655500D0A1045CBD944835E64A31DF5C19931D0313B106952006A41E6056704C2006BC16783E8033735FF28FB1AF8028FC20068C1650073800A0068406500F280A92300028B05E0F04547,270054a018000864ebb500736ab157bd821852e2303f4280000000000001852e45aba028000000000000009600000c0222266800d75011d655500d0a1045cbd944835e64a31df5c19931d0313b106952006a41e6056704c2006bc16783e8033735ff28fb1af8028fc20068c1650073800a0068406500f280a92300028b05e0f04547
15039241,274.416,2026-09-21T16:13:47.416000+00:00,DP0SNX,CQ,146,0,86A240404040E088A060A69CB06103F0270055A118000864EBB600736AB157BF821852E4303F4280000000000001852E65ABA028000000000000009600000C0222266800D75011D655700D0A1045CBD8C4835E64A314F5C19931D030DB106952006A41E604E70442006B416783E8033735FF28FB1AF8028FC2006941650073000A0068406480F280292300028B05E0F893BA,270055a118000864ebb600736ab157bf821852e4303f4280000000000001852e65aba028000000000000009600000c0222266800d75011d655700d0a1045cbd8c4835e64a314f5c19931d030db106952006a41e604e70442006b416783e8033735ff28fb1af8028fc2006941650073000a0068406480f280292300028b05e0f893ba
15039241,275.407,2026-09-21T16:13:48.407000+00:00,DP0SNX,CQ,82,0,86A240404040E088A060A69CB06103F027025663180008C8C03800336AB157C09E47000123A355BD6A5C2C40007FFF0000798680E07DE28003800A800D98B5F3F8B0321A55A4DE85397FFF7FFF7FFFFFF374,27025663180008c8c03800336ab157c09e47000123a355bd6a5c2c40007fff0000798680e07de28003800a800d98b5f3f8b0321a55a4de85397fff7fff7ffffff374
15039241,276.416,2026-09-21T16:13:49.416000+00:00,DP0SNX,CQ,146,1,86A240404040E088A060A69CB06103F0270057A218000864EBB700736AB157C1821852E6303F4280000000000001852E85ABA028000000000000009600000C0222266800D75011D655700D0A1045CBD8C4835E64A31CF5C19931D031DB106952006A41E604E704C2006BC0E783E802B735FF28FB1AF8028FC2006841650073000A0068406480F280292300028B05E0807C83,270057a218000864ebb700736ab157c1821852e6303f4280000000000001852e85aba028000000000000009600000c0222266800d75011d655700d0a1045cbd8c4835e64a31cf5c19931d031db106952006a41e604e704c2006bc0e783e802b735ff28fb1af8028fc2006841650073000a0068406480f280292300028b05e0807c83
15039241,277.279,2026-09-21T16:13:50.279000+00:00,DP0SNX,CQ,63,0,86A240404040E088A060A69CB06103F027025864180008D2E0E700206AB157C19E00000002000000000000000000000000000000000000000000000000CD54,27025864180008d2e0e700206ab157c19e00000002000000000000000000000000000000000000000000000000cd54
15039241,277.454,2026-09-21T16:13:50.454000+00:00,DP0SNX,CQ,63,0,86A240404040E088A060A69CB06103F027025965180008D3E0ED00206AB157C29E000000020000000080800000000000000000000000000000000000006E2E,27025965180008d3e0ed00206ab157c29e000000020000000080800000000000000000000000000000000000006e2e
15039241,278.416,2026-09-21T16:13:51.416000+00:00,DP0SNX,CQ,146,0,86A240404040E088A060A69CB06103F027005AA318000864EBB800736AB157C3821852E8303F4280000000000001852EA5ABA028000000000000009600000C0222266800D75011D654F00D0A1045CBD844835E64A31F75C19931D0321B1069520069C1E605E70442006B40E78468033735FF28FB1AF8028FC20068C1650073000A0068C06400F280292300028B05E088C5CD,27005aa318000864ebb800736ab157c3821852e8303f4280000000000001852ea5aba028000000000000009600000c0222266800d75011d654f00d0a1045cbd844835e64a31f75c19931d0321b1069520069c1e605e70442006b40e78468033735ff28fb1af8028fc20068c1650073000a0068c06400f280292300028b05e088c5cd
15039241,279.282,2026-09-21T16:13:52.282000+00:00,DP0SNX,CQ,83,0,86A240404040E088A060A69CB06103F027025B66180008E6E12F00346AB157C39E72A502244F4C842D788D3849241D8E30788D74FE66BF3DB27891E1C7955CD92E72A9E1998E6CB63378BDE21056ECB52CA0D1,27025b66180008e6e12f00346ab157c39e72a502244f4c842d788d3849241d8e30788d74fe66bf3db27891e1c7955cd92e72a9e1998e6cb63378bde21056ecb52ca0d1
15039241,280.416,2026-09-21T16:13:53.416000+00:00,DP0SNX,CQ,146,1,86A240404040E088A060A69CB06103F027005CA418000864EBB900736AB157C5821852EA303F4280000000000001852EC5ABA028000000000000009600000C0222266800D75011D655300D0A1045CBD8C4835E64A320F5C19931D0331B106952006A41E605670442006B416783E8033735FF28FB1AE0028FC2006841648073800A0068C06480F200A92300028B05E090D9ED,27005ca418000864ebb900736ab157c5821852ea303f4280000000000001852ec5aba028000000000000009600000c0222266800d75011d655300d0a1045cbd8c4835e64a320f5c19931d0331b106952006a41e605670442006b416783e8033735ff28fb1ae0028fc2006841648073800a0068c06480f200a92300028b05e090d9ed
15039241,281.332,2026-09-21T16:13:54.332000+00:00,DP0SNX,CQ,271,1,86A240404040E088A060A69CB06103F027025D671800087AC547006C6AB157C59EFFFC00000001FDFC000000000000000F7FC00000001FDFC00000000000000000000000000000000000000000000000000000000000000000000000000000000CC00033000CD00000F000000000000000000000000000000000000000000000F1A880003E6A2000000990C7A6002B6AB157C59EFF8D8A8D8D908CA5FF80FF848A898AA07375B58FFFFF82567178758EFFFF7E5156924DACAB2DC0092CC83400416AB157C59ECBFF9C9DCBFF9C84CBFF9B9CFFFF9C8484858585BABA9C848485A4B9B99B12FF060224FF010013FF2902FFFF04FF02130B0C00000080FF8B83800000400878D963004C6AB157C5795B,27025d671800087ac547006c6ab157c59efffc00000001fdfc000000000000000f7fc00000001fdfc00000000000000000000000000000000000000000000000000000000000000000000000000000000cc00033000cd00000f000000000000000000000000000000000000000000000f1a880003e6a2000000990c7a6002b6ab157c59eff8d8a8d8d908ca5ff80ff848a898aa07375b58fffff82567178758effff7e5156924dacab2dc0092cc83400416ab157c59ecbff9c9dcbff9c84cbff9b9cffff9c8484858585baba9c848485a4b9b99b12ff060224ff010013ff2902ffff04ff02130b0c00000080ff8b83800000400878d963004c6ab157c5795b
15039241,281.685,2026-09-21T16:13:54.685000+00:00,DP0SNX,CQ,97,0,86A240404040E088A060A69CB06103F027025E681FFF9E00000000000000800000000000000000000000000000008000000000000000000031000000000000000000000000000000000000000000000000000000000000000900000000000058F8,27025e681fff9e00000000000000800000000000000000000000000000008000000000000000000031000000000000000000000000000000000000000000000000000000000000000900000000000058f8
15039241,282.416,2026-09-21T16:13:55.416000+00:00,DP0SNX,CQ,146,1,86A240404040E088A060A69CB06103F027005FA518000864EBBA00736AB157C7821852EC303F4280000000000001852EE5ABA028000000000000009600000C0222266800D75011D654D00D0A1045CBD944835E64A321F5C19931D0317B106952006A41E684E70542006BC16783E8033735FF28FB1AF8028FC20068C1650073000A0068406480F280292300028B05E09861B7,27005fa518000864ebba00736ab157c7821852ec303f4280000000000001852ee5aba028000000000000009600000c0222266800d75011d654d00d0a1045cbd944835e64a321f5c19931d0317b106952006a41e684e70542006bc16783e8033735ff28fb1af8028fc20068c1650073000a0068406480f280292300028b05e09861b7
15039241,284.415,2026-09-21T16:13:57.415000+00:00,DP0SNX,CQ,146,0,86A240404040E088A060A69CB06103F0270060A618000864EBBB00736AB157C9821852EE303F4280000000000001852F05ABA028000000000000009600000C0222266800D75011D655900D0A1045CBD944835E64A319F5C19931D030BB106952006A41E6056704C2006BC16783E802B735FF28FB1AF8028FC20068C1648073800A0068C06480F280292300028B05E0A03C8B,270060a618000864ebbb00736ab157c9821852ee303f4280000000000001852f05aba028000000000000009600000c0222266800d75011d655900d0a1045cbd944835e64a319f5c19931d030bb106952006a41e6056704c2006bc16783e802b735ff28fb1af8028fc20068c1648073800a0068c06480f280292300028b05e0a03c8b
15039241,286.415,2026-09-21T16:13:59.415000+00:00,DP0SNX,CQ,146,0,86A240404040E088A060A69CB06103F0270061A718000864EBBC00736AB157CB821852F0303F4280000000000001852F25ABA028000000000000009600000C0222266800D75031D655100D0A9045CBD944835E64A31EF5C19931D030BB1069520069C1E605670442006BC0E783E802B735FF28FB1AF8028FC20068C1650073000A0068406480F280292300028B05E0A0F037,270061a718000864ebbc00736ab157cb821852f0303f4280000000000001852f25aba028000000000000009600000c0222266800d75031d655100d0a9045cbd944835e64a31ef5c19931d030bb1069520069c1e605670442006bc0e783e802b735ff28fb1af8028fc20068c1650073000a0068406480f280292300028b05e0a0f037
15039241,287.283,2026-09-21T16:14:00.283000+00:00,DP0SNX,CQ,91,0,86A240404040E088A060A69CB06103F02702626918000BB6D941003C6AB157CBBCF401A0C4BEE69C00F001A0C4BEE5BA0079FD3F57194D9D7F86B0CC579FD9121F9675CD3701AA3D94968356D701160A84602748C779324480A52D,2702626918000bb6d941003c6ab157cbbcf401a0c4bee69c00f001a0c4bee5ba0079fd3f57194d9d7f86b0cc579fd9121f9675cd3701aa3d94968356d701160a84602748c779324480a52d
15039241,288.415,2026-09-21T16:14:01.415000+00:00,DP0SNX,CQ,146,0,86A240404040E088A060A69CB06103F0270063A818000864EBBD00736AB157CD821852F2303F4280000000000001852F45ABA028000000000000009600000C0222266800D75031D655100D0A9045CBD8C4835E64A31535C19931D0307B106952006A41E6056704C2006BC0E783E8033735FF28FB1AF8028FC20068C0650073000A0068C06480F280292300028B05E0A84A57,270063a818000864ebbd00736ab157cd821852f2303f4280000000000001852f45aba028000000000000009600000c0222266800d75031d655100d0a9045cbd8c4835e64a31535c19931d0307b106952006a41e6056704c2006bc0e783e8033735ff28fb1af8028fc20068c0650073000a0068c06480f280292300028b05e0a84a57
15039241,290.415,2026-09-21T16:14:03.415000+00:00,DP0SNX,CQ,146,1,86A240404040E088A060A69CB06103F0270064A918000864EBBE00736AB157CF821852F4303F4280000000000001852F65ABA028000000000000009600000C0222266800D75031D654900D0A9045CBD644835E64A31D35C19931D030BB106952006A416607E705C2006BC0E783E782B735FF28FB1AE0028FC20068406480F3000A0068406400F280492300028B05E0B004E3,270064a918000864ebbe00736ab157cf821852f4303f4280000000000001852f65aba028000000000000009600000c0222266800d75031d654900d0a9045cbd644835e64a31d35c19931d030bb106952006a416607e705c2006bc0e783e782b735ff28fb1ae0028fc20068406480f3000a0068406400f280492300028b05e0b004e3
15039241,292.415,2026-09-21T16:14:05.415000+00:00,DP0SNX,CQ,146,1,86A240404040E088A060A69CB06103F0270065AA18000864EBBF00736AB157D1821852F6303F4280000000000001852F85ABA028000000000000009600000C0222266800D75031D654B00D0A9045CBD4C4835E64A313F5C19931D030BB106952006A41E684E704C2006BC0E78468033735FF28FB1AF8028FC20068C0650073000A0068C06480F280492300028B05E0B864CC,270065aa18000864ebbf00736ab157d1821852f6303f4280000000000001852f85aba028000000000000009600000c0222266800d75031d654b00d0a9045cbd4c4835e64a313f5c19931d030bb106952006a41e684e704c2006bc0e78468033735ff28fb1af8028fc20068c0650073000a0068c06480f280492300028b05e0b864cc
15039241,294.415,2026-09-21T16:14:07.415000+00:00,DP0SNX,CQ,146,0,86A240404040E088A060A69CB06103F0270066AB18000864EBC000736AB157D3821852F8303F4280000000000001852FA5ABA028000000000000009600000C0222266800D75031D654B00D0A9045CBD3C4835E64A31C75C19931D0309B106952006A41E6856704C2006BC16783E802B735FF28FB1AF8028FC20068C0648073800A0068406480F280492300028B05E0C0B808,270066ab18000864ebc000736ab157d3821852f8303f4280000000000001852fa5aba028000000000000009600000c0222266800d75031d654b00d0a9045cbd3c4835e64a31c75c19931d0309b106952006a41e6856704c2006bc16783e802b735ff28fb1af8028fc20068c0648073800a0068406480f280492300028b05e0c0b808
15039241,296.415,2026-09-21T16:14:09.415000+00:00,DP0SNX,CQ,146,0,86A240404040E088A060A69CB06103F0270067AC18000864EBC100736AB157D5821852FA303F4280000000000001852FC5ABA028000000000000009600000C0222266800D75031D654D00D0A9045CBD3C4835E64A31F35C19931D0305B106952006A416686670542006BC0E7846802B735FF28FB1AF8028FC2006840648072800A0068C06480F280492300028B05E0C830C7,270067ac18000864ebc100736ab157d5821852fa303f4280000000000001852fc5aba028000000000000009600000c0222266800d75031d654d00d0a9045cbd3c4835e64a31f35c19931d0305b106952006a416686670542006bc0e7846802b735ff28fb1af8028fc2006840648072800a0068c06480f280492300028b05e0c830c7
15039241,297.412,2026-09-21T16:14:10.412000+00:00,DP0SNX,CQ,114,1,86A240404040E088A060A69CB06103F02702686A1800087DC3B300536AB157D69E00376452492F542F542F532F5300002D4A00002D49000003300000010801740D9800000000000000000000000000A200000A680A660A6A000000A153332DB6000C000016A50B520000000400005555376D,2702686a1800087dc3b300536ab157d69e00376452492f542f542f532f5300002d4a00002d49000003300000010801740d9800000000000000000000000000a200000a680a660a6a000000a153332db6000c000016a50b520000000400005555376d
15039241,298.415,2026-09-21T16:14:11.415000+00:00,DP0SNX,CQ,146,1,86A240404040E088A060A69CB06103F0270069AD18000864EBC200736AB157D7821852FC303F4280000000000001852FE5ABA028000000000000009600000C0222266800D75031D655300D0A9045CBD444835E64A320B5C19931D0305B106952006A426605670442006BC0E783E802B735FF28FB1AF8028FC20068C0650073000A0068406480F280492300028B05E0D0DF2C,270069ad18000864ebc200736ab157d7821852fc303f4280000000000001852fe5aba028000000000000009600000c0222266800d75031d655300d0a9045cbd444835e64a320b5c19931d0305b106952006a426605670442006bc0e783e802b735ff28fb1af8028fc20068c0650073000a0068406480f280492300028b05e0d0df2c
15039241,300.415,2026-09-21T16:14:13.415000+00:00,DP0SNX,CQ,146,0,86A240404040E088A060A69CB06103F027006AAE18000864EBC300736AB157D9821852FE303F4280000000000001853005ABA028000000000000009600000C0222266800D75051D694F00D0B1045CBD5C4835E64A321B5C19931D0305B106952006A3DE58F670CC2006BC0E784E783B735FF28FB1AF8028FC2006840648073000A0068406480F280492300028B05E0D85C40,27006aae18000864ebc300736ab157d9821852fe303f4280000000000001853005aba028000000000000009600000c0222266800d75051d694f00d0b1045cbd5c4835e64a321b5c19931d0305b106952006a3de58f670cc2006bc0e784e783b735ff28fb1af8028fc2006840648073000a0068406480f280492300028b05e0d85c40
15039241,302.415,2026-09-21T16:14:15.415000+00:00,DP0SNX,CQ,146,0,86A240404040E088A060A69CB06103F027006BAF18000864EBC400736AB157DB82185300303F4280000000000001853025ABA028000000000000009600000C0222266800D75051D694D00D0B1045CBD5C4835E64A32235C19931D0303B106952006A426605670442006BC0E783E8033735FF28FB1AF8028FC20068C0648073000A0068406480F280492300028B05E0E0ADC4,27006baf18000864ebc400736ab157db82185300303f4280000000000001853025aba028000000000000009600000c0222266800d75051d694d00d0b1045cbd5c4835e64a32235c19931d0303b106952006a426605670442006bc0e783e8033735ff28fb1af8028fc20068c0648073000a0068406480f280492300028b05e0e0adc4
15039241,304.415,2026-09-21T16:14:17.415000+00:00,DP0SNX,CQ,146,1,86A240404040E088A060A69CB06103F027006CB018000864EBC500736AB157DD82185302303F4280000000000001853045ABA028000000000000009600000C0222266800D75051D694700D0B1045CBD644835E64A322B5C19931D0301B106952006A4266056704C2006BC0E803E8033735FF28FB1AF8028FC2006840648073808A0068406480F280492300028B05E0E8887A,27006cb018000864ebc500736ab157dd82185302303f4280000000000001853045aba028000000000000009600000c0222266800d75051d694700d0b1045cbd644835e64a322b5c19931d0301b106952006a4266056704c2006bc0e803e8033735ff28fb1af8028fc2006840648073808a0068406480f280492300028b05e0e8887a
15039241,306.415,2026-09-21T16:14:19.415000+00:00,DP0SNX,CQ,146,0,86A240404040E088A060A69CB06103F027006EB118000864EBC600736AB157DF82185304303F4280000000000001853065ABA028000000000000009600000C0222266800D75051D694900D0B1045CBD5C4835E64A31735C19931D0301B106952006A426605670442006BC16783E8033735FF28FB1AF8028FC2006840648073000A0068C06480F200492300028B05E0F00C06,27006eb118000864ebc600736ab157df82185304303f4280000000000001853065aba028000000000000009600000c0222266800d75051d694900d0b1045cbd5c4835e64a31735c19931d0301b106952006a426605670442006bc16783e8033735ff28fb1af8028fc2006840648073000a0068c06480f200492300028b05e0f00c06
15039241,307.305,2026-09-21T16:14:20.305000+00:00,DP0SNX,CQ,63,0,86A240404040E088A060A69CB06103F027026F6C180008D2E0E800206AB157DF9E00000002000000000000000000000000000000000000000000000000BDB2,27026f6c180008d2e0e800206ab157df9e00000002000000000000000000000000000000000000000000000000bdb2
15039241,307.48,2026-09-21T16:14:20.480000+00:00,DP0SNX,CQ,63,0,86A240404040E088A060A69CB06103F02702706D180008D3E0EE00206AB157E09E008000121580614377C00000000000000000000000000000000000005937,2702706d180008d3e0ee00206ab157e09e008000121580614377c00000000000000000000000000000000000005937
15039241,308.416,2026-09-21T16:14:21.416000+00:00,DP0SNX,CQ,146,0,86A240404040E088A060A69CB06103F0270071B218000864EBC700736AB157E182185306303F4280000000000001853085ABA028000000000000009600000C0222266800D75051D694B00D0B1045CBD4C4835E64A31DF5C19931D0311B106952006A41E6056704C2006BC0E783E8033735FF28FB1AF8028FC20068C0648073000A0068406480F280492300028B05E0F893AC,270071b218000864ebc700736ab157e182185306303f4280000000000001853085aba028000000000000009600000c0222266800d75051d694b00d0b1045cbd4c4835e64a31df5c19931d0311b106952006a41e6056704c2006bc0e783e8033735ff28fb1af8028fc20068c0648073000a0068406480f280492300028b05e0f893ac
15039241,309.283,2026-09-21T16:14:22.283000+00:00,DP0SNX,CQ,83,1,86A240404040E088A060A69CB06103F02702726E180008E6E13000346AB157E19E72A512244F4C842D788D4849241D8E3078A5850A61BF2FB37891F1C7955CD92E72A9F1998E6CB63378B5F21056ECB52C047D,2702726e180008e6e13000346ab157e19e72a512244f4c842d788d4849241d8e3078a5850a61bf2fb37891f1c7955cd92e72a9f1998e6cb63378b5f21056ecb52c047d
15039241,310.416,2026-09-21T16:14:23.416000+00:00,DP0SNX,CQ,146,2,86A240404040E088A060A69CB06103F0270073B318000864EBC800736AB157E382185308303F42800000000000018530A5ABA028000000000000009600000C0222266800D75051D694900D0B1045CBD6C4835E64A31475C19931D0309B106952006A41E684E704C2006BC16783E78337367F28FB1AF8028FC2006840648073000A00684064817280492300028B05E0809783,270073b318000864ebc800736ab157e382185308303f42800000000000018530a5aba028000000000000009600000c0222266800d75051d694900d0b1045cbd6c4835e64a31475c19931d0309b106952006a41e684e704c2006bc16783e78337367f28fb1af8028fc2006840648073000a00684064817280492300028b05e0809783
15039241,314.416,2026-09-21T16:14:27.416000+00:00,DP0SNX,CQ,146,1,86A240404040E088A060A69CB06103F0270077B518000864EBCA00736AB157E78218530C303F42800000000000018530E5ABA028000000000000009600000C0222266800D75051D694700D0B1045CBD6C4835E64A31FF5C19931D030DB106952006A41E605670442006BC16783E8033735FF28FB1AF8028FC2006840648073800A00684064807280C92300028B05E090CEA3,270077b518000864ebca00736ab157e78218530c303f42800000000000018530e5aba028000000000000009600000c0222266800d75051d694700d0b1045cbd6c4835e64a31ff5c19931d030db106952006a41e605670442006bc16783e8033735ff28fb1af8028fc2006840648073800a00684064807280c92300028b05e090cea3
15039241,318.417,2026-09-21T16:14:31.417000+00:00,DP0SNX,CQ,146,0,86A240404040E088A060A69CB06103F0270079B718000864EBCC00736AB157EB82185310303F4280000000000001853125ABA028000000000000009600000C0222266800D75051D694500D0B1045CBD5C4835E64A321F5C19931D0305B106952006A41E604E704C2006BC16803E802B735FF28FB1AF8028FC2006840648073808A0068C06480F280492300028B05E0A05A9A,270079b718000864ebcc00736ab157eb82185310303f4280000000000001853125aba028000000000000009600000c0222266800d75051d694500d0b1045cbd5c4835e64a321f5c19931d0305b106952006a41e604e704c2006bc16803e802b735ff28fb1af8028fc2006840648073808a0068c06480f280492300028b05e0a05a9a
15039241,320.417,2026-09-21T16:14:33.417000+00:00,DP0SNX,CQ,146,0,86A240404040E088A060A69CB06103F027007AB818000864EBCD00736AB157ED82185312303F4280000000000001853145ABA028000000000000009600000C0222266800D75051D694F00D0B1045CBD644835E64A316F5C19931D02FFB106952006A41E685670442006BC0E78467833735FF28FB1AF8028FC2006840648073800A00684064817280492300028B05E0A850F5,27007ab818000864ebcd00736ab157ed82185312303f4280000000000001853145aba028000000000000009600000c0222266800d75051d694f00d0b1045cbd644835e64a316f5c19931d02ffb106952006a41e685670442006bc0e78467833735ff28fb1af8028fc2006840648073800a00684064817280492300028b05e0a850f5
15039241,324.417,2026-09-21T16:14:37.417000+00:00,DP0SNX,CQ,146,0,86A240404040E088A060A69CB06103F027007CBA18000864EBCF00736AB157F182185316303F4280000000000001853185ABA028000000000000009600000C0222266800D75051D6F4F00D0B9045CBD3C4835E64A31475C19931D0307B106952006A4266056704C2006BC16783E802B735FF28FB1AF8028FC20068C06480F3000A0068C06480F280492300028B05E0B85C67,27007cba18000864ebcf00736ab157f182185316303f4280000000000001853185aba028000000000000009600000c0222266800d75051d6f4f00d0b9045cbd3c4835e64a31475c19931d0307b106952006a4266056704c2006bc16783e802b735ff28fb1af8028fc20068c06480f3000a0068c06480f280492300028b05e0b85c67
15039241,326.417,2026-09-21T16:14:39.417000+00:00,DP0SNX,CQ,146,1,86A240404040E088A060A69CB06103F027007DBB18000864EBD000736AB157F382185318303F42800000000000018531A5ABA028000000000000009600000C0222266800D75071D6F4D00D0B9045CBD3C4835E64A31D75C19931D030BB106952006A41E684E70442006BC16783E80337367F28FB1AF8028FC2006840648073800A0068406480F280492300028B05E0C023ED,27007dbb18000864ebd000736ab157f382185318303f42800000000000018531a5aba028000000000000009600000c0222266800d75071d6f4d00d0b9045cbd3c4835e64a31d75c19931d030bb106952006a41e684e70442006bc16783e80337367f28fb1af8028fc2006840648073800a0068406480f280492300028b05e0c023ed
15039241,327.412,2026-09-21T16:14:40.412000+00:00,DP0SNX,CQ,114,1,86A240404040E088A060A69CB06103F027027E711800087DC3B400536AB157F49E00377352492F552F552F542F5400002D4B00002D4A000003300000010801740D9800000000000000000000000000A200000A680A660A6A000000A153332DB6000C000016A50B520000000400005555DB04,27027e711800087dc3b400536ab157f49e00377352492f552f552f542f5400002d4b00002d4a000003300000010801740d9800000000000000000000000000a200000a680a660a6a000000a153332db6000c000016a50b520000000400005555db04
15039241,330.417,2026-09-21T16:14:43.417000+00:00,DP0SNX,CQ,146,1,86A240404040E088A060A69CB06103F0270080BD18000864EBD200736AB157F78218531C303F42800000000000018531E5ABA028000000000000009600000C0222266800D75071D6F4D00D0B9045CBD444835E64A31875C19931D0307B106952006A426605670442006BC16803E782B7367F28FB1AF8028FC20068C0650073000A0068406480F280492300028B05E0D0AE0A,270080bd18000864ebd200736ab157f78218531c303f42800000000000018531e5aba028000000000000009600000c0222266800d75071d6f4d00d0b9045cbd444835e64a31875c19931d0307b106952006a426605670442006bc16803e782b7367f28fb1af8028fc20068c0650073000a0068406480f280492300028b05e0d0ae0a
15039241,332.417,2026-09-21T16:14:45.417000+00:00,DP0SNX,CQ,146,0,86A240404040E088A060A69CB06103F0270081BE18000864EBD300736AB157F98218531E303F4280000000000001853205ABA028000000000000009600000C0222266800D75091D714900D0C1045CBD544835E64A31F35C19931D02FDB1069520069C26604E704C2006BC16803E802B7357F28FB1AF8028FC20068C06480F3000A0068C06480F280492300028B05E0D06B17,270081be18000864ebd300736ab157f98218531e303f4280000000000001853205aba028000000000000009600000c0222266800d75091d714900d0c1045cbd544835e64a31f35c19931d02fdb1069520069c26604e704c2006bc16803e802b7357f28fb1af8028fc20068c06480f3000a0068c06480f280492300028b05e0d06b17
15039241,334.417,2026-09-21T16:14:47.417000+00:00,DP0SNX,CQ,146,0,86A240404040E088A060A69CB06103F0270082BF18000864EBD400736AB157FB82185320303F4280000000000001853225ABA028000000000000009600000C0222266800D75091D714900D0C1045CBD3C4835E64A320B5C19931D02FDB106952006A426604E704C2006BC167846802B735FF28FB1AE0028FC2006840648073000A0068406480F280492300028B05E0D89057,270082bf18000864ebd400736ab157fb82185320303f4280000000000001853225aba028000000000000009600000c0222266800d75091d714900d0c1045cbd3c4835e64a320b5c19931d02fdb106952006a426604e704c2006bc167846802b735ff28fb1ae0028fc2006840648073000a0068406480f280492300028b05e0d89057
15039241,335.409,2026-09-21T16:14:48.409000+00:00,DP0SNX,CQ,82,0,86A240404040E088A060A69CB06103F027028372180008C8C03A00336AB157FC9E470002A3CB40BDCB37AB40007FFF000079ED81757D0E7FF880048012A332F1A7AF321A55A22284287FFF7FFF7FFFFF391A,27028372180008c8c03a00336ab157fc9e470002a3cb40bdcb37ab40007fff000079ed81757d0e7ff880048012a332f1a7af321a55a22284287fff7fff7fffff391a
15039241,336.417,2026-09-21T16:14:49.417000+00:00,DP0SNX,CQ,146,1,86A240404040E088A060A69CB06103F0270084C018000864EBD500736AB157FD82185322303F4280000000000001853245ABA028000000000000009600000C0222266800D75091D714500D0C1045CBD544835E64A32175C19931D0301B106952006A426604E70442006BC16783E802B735FF28FB1AF8028FC2006840648073000A0068406480F280492300028B05E0E09214,270084c018000864ebd500736ab157fd82185322303f4280000000000001853245aba028000000000000009600000c0222266800d75091d714500d0c1045cbd544835e64a32175c19931d0301b106952006a426604e70442006bc16783e802b735ff28fb1af8028fc2006840648073000a0068406480f280492300028b05e0e09214
15039241,337.306,2026-09-21T16:14:50.306000+00:00,DP0SNX,CQ,63,0,86A240404040E088A060A69CB06103F027028573180008D2E0E900206AB157FD9E000000020000000000000000000000000000000000000000000000003C52,27028573180008d2e0e900206ab157fd9e000000020000000000000000000000000000000000000000000000003c52
15039241,337.481,2026-09-21T16:14:50.481000+00:00,DP0SNX,CQ,63,1,86A240404040E088A060A69CB06103F027028674180008D3E0EF00206AB157FE9E000000020640903B7FC0000000000000000000000000000000000000CB34,27028674180008d3e0ef00206ab157fe9e000000020640903b7fc0000000000000000000000000000000000000cb34
15039241,338.417,2026-09-21T16:14:51.417000+00:00,DP0SNX,CQ,146,1,86A240404040E088A060A69CB06103F0270087C118000864EBD600736AB157FF82185324303F4280000000000001853265ABA028000000000000009600000C0222266800D75091D714D00D0C1045CBD544835E64A31675C19931D02FFB106952006A4266056704C2006BC16783E8033735FF28FB1AF8028FC20068C0648073000A0068406480F280492300028B05E0E877E9,270087c118000864ebd600736ab157ff82185324303f4280000000000001853265aba028000000000000009600000c0222266800d75091d714d00d0c1045cbd544835e64a31675c19931d02ffb106952006a4266056704c2006bc16783e8033735ff28fb1af8028fc20068c0648073000a0068406480f280492300028b05e0e877e9
15039241,339.309,2026-09-21T16:14:52.309000+00:00,DP0SNX,CQ,83,1,86A240404040E088A060A69CB06103F027028875180008E6E13100346AB157FF9E78A942244F4C842D788D7849241D8E3078B5B50B5C2F16B3789121C7955CD92E72A921998E6CB63378A5221056ECB52C3D5C,27028875180008e6e13100346ab157ff9e78a942244f4c842d788d7849241d8e3078b5b50b5c2f16b3789121c7955cd92e72a921998e6cb63378a5221056ecb52c3d5c
15039241,340.417,2026-09-21T16:14:53.417000+00:00,DP0SNX,CQ,146,0,86A240404040E088A060A69CB06103F0270089C218000864EBD700736AB1580182185326303F4280000000000001853285ABA028000000000000009600000C0222266800D75091D714D00D0C1045CBD444835E64A31D75C19931D02FFB106952006A426605670442006BC16783E8033735FF28FB1AF8028FC2006840648073808A0068406480F280C92300028B05E0F00346,270089c218000864ebd700736ab1580182185326303f4280000000000001853285aba028000000000000009600000c0222266800d75091d714d00d0c1045cbd444835e64a31d75c19931d02ffb106952006a426605670442006bc16783e8033735ff28fb1af8028fc2006840648073808a0068406480f280c92300028b05e0f00346
15039241,341.333,2026-09-21T16:14:54.333000+00:00,DP0SNX,CQ,271,1,86A240404040E088A060A69CB06103F027028A761800087AC549006C6AB158019EFFFC00000001FDFC000000000000000F7FC00000001FDFC00000000000000000000000000000000000000000000000000000000000000000000000000000000CC00033000CD00000F000000000000000000000000000000000000000000000F1A880003E6A2000000990C7A8002B6AB158019EFF8E8A8D8D908CA3FF80FF848A898A9E7477B68FFFFF8056717A758FFFFF7D5256934DADAB3B40092CC83600416AB158019ECBFF9C9DCBFF9C84CBFF9C9DFFFF9D85848585A6BABA9C858585A2B9B99C12FF060223FF010013FF0402FFFF010005120A0000000082800900000000400878D965004C6AB1580132A6,27028a761800087ac549006c6ab158019efffc00000001fdfc000000000000000f7fc00000001fdfc00000000000000000000000000000000000000000000000000000000000000000000000000000000cc00033000cd00000f000000000000000000000000000000000000000000000f1a880003e6a2000000990c7a8002b6ab158019eff8e8a8d8d908ca3ff80ff848a898a9e7477b68fffff8056717a758fffff7d5256934dadab3b40092cc83600416ab158019ecbff9c9dcbff9c84cbff9c9dffff9d85848585a6baba9c858585a2b9b99c12ff060223ff010013ff0402ffff010005120a0000000082800900000000400878d965004c6ab1580132a6
15039241,341.686,2026-09-21T16:14:54.686000+00:00,DP0SNX,CQ,97,0,86A240404040E088A060A69CB06103F027028B771FFF9E0000000000000080000000000000000000000000000000800000000000000000003100000000000000000000000000000000000000000000000000000000000000090000000000004E05,27028b771fff9e0000000000000080000000000000000000000000000000800000000000000000003100000000000000000000000000000000000000000000000000000000000000090000000000004e05
15039241,342.417,2026-09-21T16:14:55.417000+00:00,DP0SNX,CQ,146,0,86A240404040E088A060A69CB06103F027008CC318000864EBD800736AB1580382185328303F42800000000000018532A5ABA028000000000000009600000C0222266800D75091D715100D0C1045CBD544835E64A31435C19931D0303B106952006A41E605E70542006BC0E783E7833735FF28FB1AF8028FC2006840648073000A0068C06480F200492300028B05E0F80BFA,27008cc318000864ebd800736ab1580382185328303f42800000000000018532a5aba028000000000000009600000c0222266800d75091d715100d0c1045cbd544835e64a31435c19931d0303b106952006a41e605e70542006bc0e783e7833735ff28fb1af8028fc2006840648073000a0068c06480f200492300028b05e0f80bfa
15039241,344.417,2026-09-21T16:14:57.417000+00:00,DP0SNX,CQ,146,2,86A240404040E088A060A69CB06103F027008DC418000864EBD900736AB158058218532A303F42800000000000018532C5ABA028000000000000009600000C0222266800D75091D714F00D0C1045CBD444835E64A31675C19931D0305B106952006A4266056704C2006BC16783E7833735FF28FB1AE0028FC20068C0650073000A0068406480F280492300028B05E0808889,27008dc418000864ebd900736ab158058218532a303f42800000000000018532c5aba028000000000000009600000c0222266800d75091d714f00d0c1045cbd444835e64a31675c19931d0305b106952006a4266056704c2006bc16783e7833735ff28fb1ae0028fc20068c0650073000a0068406480f280492300028b05e0808889
15039241,346.417,2026-09-21T16:14:59.417000+00:00,DP0SNX,CQ,146,0,86A240404040E088A060A69CB06103F027008EC518000864EBDA00736AB158078218532C303F42800000000000018532E5ABA028000000000000009600000C0222266800D750B1D6F4D00D0C9045CBD544835E64A31C35C19931D02FFB106952006A426605670442006BC16783E7833735FF28FB1AF8028FC20068C0650073000A0068406480F280492300028B05E0889DFE,27008ec518000864ebda00736ab158078218532c303f42800000000000018532e5aba028000000000000009600000c0222266800d750b1d6f4d00d0c9045cbd544835e64a31c35c19931d02ffb106952006a426605670442006bc16783e7833735ff28fb1af8028fc20068c0650073000a0068406480f280492300028b05e0889dfe
15039241,347.31,2026-09-21T16:15:00.310000+00:00,DP0SNX,CQ,91,0,86A240404040E088A060A69CB06103F027028F7818000BB6D942003C6AB15807BCF401A0C4BFD0FD00F001A0C4BFD01C0079FD3F57194D9D7F86B0CC579FD9121F9675CD3701AA3D94968356D701160A846C2748C73932448069B1,27028f7818000bb6d942003c6ab15807bcf401a0c4bfd0fd00f001a0c4bfd01c0079fd3f57194d9d7f86b0cc579fd9121f9675cd3701aa3d94968356d701160a846c2748c73932448069b1
15039241,348.417,2026-09-21T16:15:01.417000+00:00,DP0SNX,CQ,146,0,86A240404040E088A060A69CB06103F0270090C618000864EBDB00736AB158098218532E303F4280000000000001853305ABA028000000000000009600000C0222266800D750B1D6F4D00D0C9045CBD3C4835E64A31F35C19931D0309B106952006A4166076705C2006BC16783E802B735FF28FB1AF8028FC2006840648073000A0068406480F280492300028B05E090B42D,270090c618000864ebdb00736ab158098218532e303f4280000000000001853305aba028000000000000009600000c0222266800d750b1d6f4d00d0c9045cbd3c4835e64a31f35c19931d0309b106952006a4166076705c2006bc16783e802b735ff28fb1af8028fc2006840648073000a0068406480f280492300028b05e090b42d
15039241,350.417,2026-09-21T16:15:03.417000+00:00,DP0SNX,CQ,146,0,86A240404040E088A060A69CB06103F0270091C718000864EBDC00736AB1580B82185330303F4280000000000001853325ABA028000000000000009600000C0222266800D750B1D6F4900D0C9045CBD544835E64A32135C19931D0309B106952006A426605E70442006BC16783E802B7367F28FB1AF8028FC20068C0648073000A0068406480F280C92300028B05E098BC3D,270091c718000864ebdc00736ab1580b82185330303f4280000000000001853325aba028000000000000009600000c0222266800d750b1d6f4900d0c9045cbd544835e64a32135c19931d0309b106952006a426605e70442006bc16783e802b7367f28fb1af8028fc20068c0648073000a0068406480f280c92300028b05e098bc3d
15039241,352.418,2026-09-21T16:15:05.418000+00:00,DP0SNX,CQ,146,0,86A240404040E088A060A69CB06103F0270092C818000864EBDD00736AB1580D82185332303F4280000000000001853345ABA028000000000000009600000C0222266800D750D1D6B2900D0D1045CBC144835E64A32275C19931D0311B106952006A426605670442006BC16803E802B7367F28FB1AF8028FC20068C0650073000A0068C06480F280492300028B05E0A0918E,270092c818000864ebdd00736ab1580d82185332303f4280000000000001853345aba028000000000000009600000c0222266800d750d1d6b2900d0d1045cbc144835e64a32275c19931d0311b106952006a426605670442006bc16803e802b7367f28fb1af8028fc20068c0650073000a0068c06480f280492300028b05e0a0918e
15039241,354.418,2026-09-21T16:15:07.418000+00:00,DP0SNX,CQ,146,0,86A240404040E088A060A69CB06103F0270093C918000864EBDE00736AB1580F82185334303F4280000000000001853365ABA028000000000000009600000C0222266800D750D1D6B3100D0D1045CBC944835E64A32275C19931D030BB106952006A416607670642006BC16783E782B7367F28FB1AF8028FC20068406480F3800A0068406480F280492300028B05E0A867C4,270093c918000864ebde00736ab1580f82185334303f4280000000000001853365aba028000000000000009600000c0222266800d750d1d6b3100d0d1045cbc944835e64a32275c19931d030bb106952006a416607670642006bc16783e782b7367f28fb1af8028fc20068406480f3800a0068406480f280492300028b05e0a867c4
15039241,356.418,2026-09-21T16:15:09.418000+00:00,DP0SNX,CQ,146,0,86A240404040E088A060A69CB06103F0270094CA18000864EBDF00736AB1581182185336303F4280000000000001853385ABA028000000000000009600000C0222266800D750D1D6B3D00D0D1045CBCEC4835E64A31735C19931D030DB106952006A426684E70442006C416783E80337367F28FB1AF8028FC20068C0648073800A0068406480F280492300028B05E0B0E876,270094ca18000864ebdf00736ab1581182185336303f4280000000000001853385aba028000000000000009600000c0222266800d750d1d6b3d00d0d1045cbcec4835e64a31735c19931d030db106952006a426684e70442006c416783e80337367f28fb1af8028fc20068c0648073800a0068406480f280492300028b05e0b0e876
15039241,357.414,2026-09-21T16:15:10.414000+00:00,DP0SNX,CQ,114,0,86A240404040E088A060A69CB06103F0270295791800087DC3B500536AB158129E00378252492F562F562F552F5500002D4C00002D4B000003300000010801740D9800000000000000000000000000A200000A680A660A6A000000A153332DB6000C000016A60B5200000004000055556368,270295791800087dc3b500536ab158129e00378252492f562f562f552f5500002d4c00002d4b000003300000010801740d9800000000000000000000000000a200000a680a660a6a000000a153332db6000c000016a60b5200000004000055556368
15039241,358.418,2026-09-21T16:15:11.418000+00:00,DP0SNX,CQ,146,2,86A240404040E088A060A69CB06103F0270096CB18000864EBE000736AB1581382185338303F42800000000000018533A5ABA028000000000000009600000C0222266800D750D1D6B4900D0D1045CBD244835E64A31DB5C19931D0309B106952006A426685670442006BC16804680337367F28FB1AF8028FC2006840648073000A0068406480F280492300028B05E0B8DC85,270096cb18000864ebe000736ab1581382185338303f42800000000000018533a5aba028000000000000009600000c0222266800d750d1d6b4900d0d1045cbd244835e64a31db5c19931d0309b106952006a426685670442006bc16804680337367f28fb1af8028fc2006840648073000a0068406480f280492300028b05e0b8dc85
15039241,360.418,2026-09-21T16:15:13.418000+00:00,DP0SNX,CQ,146,0,86A240404040E088A060A69CB06103F0270097CC18000864EBE100736AB158158218533A303F42800000000000018533C5ABA028000000000000009600000C0222266800D750D1D6B4900D0D1045CBD3C4835E64A31FF5C19931D0307B106952006A40E588670742006BC16803E80337367F28FB1AF8028FC20068C0648073000A0068C06480F280492300028B05E0C0FC93,270097cc18000864ebe100736ab158158218533a303f42800000000000018533c5aba028000000000000009600000c0222266800d750d1d6b4900d0d1045cbd3c4835e64a31ff5c19931d0307b106952006a40e588670742006bc16803e80337367f28fb1af8028fc20068c0648073000a0068c06480f280492300028b05e0c0fc93
15039241,362.418,2026-09-21T16:15:15.418000+00:00,DP0SNX,CQ,146,0,86A240404040E088A060A69CB06103F0270098CD18000864EBE200736AB158178218533C303F42800000000000018533E5ABA028000000000000009600000C0222266800D750D1D6B4F00D0D1045CBD3C4835E64A32135C19931D0307B106952006A426604E704C2006BC0E784680337367F28FB1AF8028FC2006840650073000A0068406480F280492300028B05E0C8FF07,270098cd18000864ebe200736ab158178218533c303f42800000000000018533e5aba028000000000000009600000c0222266800d750d1d6b4f00d0d1045cbd3c4835e64a32135c19931d0307b106952006a426604e704c2006bc0e784680337367f28fb1af8028fc2006840650073000a0068406480f280492300028b05e0c8ff07
15039241,364.418,2026-09-21T16:15:17.418000+00:00,DP0SNX,CQ,146,0,86A240404040E088A060A69CB06103F0270099CE18000864EBE300736AB158198218533E303F4280000000000001853405ABA028000000000000009600000C0222266800D750D1D6B4B00D0D1045CBD4C4835E64A32235C19931D030BB106952006A4266856704C2006BC16783E80337367F28FB1AF8028FC2006840648073000A0068C06480F280492300028B05E0D00CA4,270099ce18000864ebe300736ab158198218533e303f4280000000000001853405aba028000000000000009600000c0222266800d750d1d6b4b00d0d1045cbd4c4835e64a32235c19931d030bb106952006a4266856704c2006bc16783e80337367f28fb1af8028fc2006840648073000a0068c06480f280492300028b05e0d00ca4
15039241,365.409,2026-09-21T16:15:18.409000+00:00,DP0SNX,CQ,82,0,86A240404040E088A060A69CB06103F027029A7A180008C8C03B00336AB1581A9E470002A3E1CCBD68233D40007FFF00007A4481C37CAF7FFC7FFF8016A933EF35B0261A55A0C383AB7FFF7FFF7FFFFF13E7,27029a7a180008c8c03b00336ab1581a9e470002a3e1ccbd68233d40007fff00007a4481c37caf7ffc7fff8016a933ef35b0261a55a0c383ab7fff7fff7fffff13e7
15039241,366.418,2026-09-21T16:15:19.418000+00:00,DP0SNX,CQ,146,1,86A240404040E088A060A69CB06103F027009BCF18000864EBE400736AB1581B82185340303F4280000000000001853425ABA028000000000000009600000C0222266800D750D1D6B4D00D0D1045CBD444835E64A32275C19931D0307B106952006A4166086706C2006BC16783E78337367F28FB1AE0028FC2006840648073800A0068406480F280492300028B05E0D8327E,27009bcf18000864ebe400736ab1581b82185340303f4280000000000001853425aba028000000000000009600000c0222266800d750d1d6b4d00d0d1045cbd444835e64a32275c19931d0307b106952006a4166086706c2006bc16783e78337367f28fb1ae0028fc2006840648073800a0068406480f280492300028b05e0d8327e
15039241,367.282,2026-09-21T16:15:20.282000+00:00,DP0SNX,CQ,63,0,86A240404040E088A060A69CB06103F027029C7B180008D2E0EA00206AB1581B9E00000002000000000000000000000000000000000000000000000000D165,27029c7b180008d2e0ea00206ab1581b9e00000002000000000000000000000000000000000000000000000000d165
15039241,367.457,2026-09-21T16:15:20.457000+00:00,DP0SNX,CQ,63,1,86A240404040E088A060A69CB06103F027029D7C180008D3E0F000206AB1581C9E01C01002230340F37FC0000000000000000000000000000000000000F1BC,27029d7c180008d3e0f000206ab1581c9e01c01002230340f37fc0000000000000000000000000000000000000f1bc
15039241,368.418,2026-09-21T16:15:21.418000+00:00,DP0SNX,CQ,146,0,86A240404040E088A060A69CB06103F027009ED018000864EBE500736AB1581D82185342303F4280000000000001853445ABA028000000000000009600000C0222266800D750D1D6B4900D0D1045CBD544835E64A322B5C19931D0307B106952006A4266056704C2006BC16783E78337367F28FB1AF8028FC2006840648073000A0068406480F280492300028B05E0E01706,27009ed018000864ebe500736ab1581d82185342303f4280000000000001853445aba028000000000000009600000c0222266800d750d1d6b4900d0d1045cbd544835e64a322b5c19931d0307b106952006a4266056704c2006bc16783e78337367f28fb1af8028fc2006840648073000a0068406480f280492300028b05e0e01706
15039241,369.284,2026-09-21T16:15:22.284000+00:00,DP0SNX,CQ,83,0,86A240404040E088A060A69CB06103F027029F7D180008E6E13200346AB1581D9E78A972244F4C842E788DA849241D8E317885E4FB561EEDB3789151C7955CD92E72A951998E6CB6337895521056ECB52C97E5,27029f7d180008e6e13200346ab1581d9e78a972244f4c842e788da849241d8e317885e4fb561eedb3789151c7955cd92e72a951998e6cb6337895521056ecb52c97e5
15039241,370.418,2026-09-21T16:15:23.418000+00:00,DP0SNX,CQ,146,1,86A240404040E088A060A69CB06103F02700A0D118000864EBE600736AB1581F82185344303F4280000000000001853465ABA028000000000000009600000C0222266800D750D1D6B4D00D0D1045CBD444835E64A31735C19931D0301B106952006AC266056704C2006BC16803E802B7367F28FB1AF8028FC20068C0650073000A0068C06480F200492300028B05E0E8A7CE,2700a0d118000864ebe600736ab1581f82185344303f4280000000000001853465aba028000000000000009600000c0222266800d750d1d6b4d00d0d1045cbd444835e64a31735c19931d0301b106952006ac266056704c2006bc16803e802b7367f28fb1af8028fc20068c0650073000a0068c06480f200492300028b05e0e8a7ce
15039241,371.31,2026-09-21T16:15:24.310000+00:00,DP0SNX,CQ,271,2,86A240404040E088A060A69CB06103F02702A17E1800087AC54A006C6AB1581F9EFFFC00000001FDFC000000000000000F7FC00000001FDFC00000000000000000000000000000000000000000000000000000000000000000000000000000000CC00033000CD00000F000000000000000000000000000000000000000000000F1A880003E6A2000000990C7A9002B6AB1581F9EFF8E8A8D8D908CA2FF80FF848A898A9D7479B78FFFFF7F57727C758FFFFF7C5258944CAE2B2C40092CC83700416AB1581F9ECBFF9C9DCBFF9C84CBFF9C9DFFFF9D85848585A5BABA9C858585A1B9B99C12FF060224FF010013FF0402FFFF010008100A0000000084000880000000400878D966004C6AB1581F62D2,2702a17e1800087ac54a006c6ab1581f9efffc00000001fdfc000000000000000f7fc00000001fdfc00000000000000000000000000000000000000000000000000000000000000000000000000000000cc00033000cd00000f000000000000000000000000000000000000000000000f1a880003e6a2000000990c7a9002b6ab1581f9eff8e8a8d8d908ca2ff80ff848a898a9d7479b78fffff7f57727c758fffff7c5258944cae2b2c40092cc83700416ab1581f9ecbff9c9dcbff9c84cbff9c9dffff9d85848585a5baba9c858585a1b9b99c12ff060224ff010013ff0402ffff010008100a0000000084000880000000400878d966004c6ab1581f62d2
15039241,371.681,2026-09-21T16:15:24.681000+00:00,DP0SNX,CQ,233,1,86A240404040E088A060A69CB06103F02702A27F18499E0000000000000080000000000000000000000000000000800000000000000000003100000000000000000000000000000000000000000000000000000000000000090000000000000879C0F000356AB1581FF8AAA655555556AE3000000000000000AAA655555556AE3000000000000000FFFFFFFFFC000000000FFFFFFFFFC000000000087FEE7500456AB1581FF8FAE3E1F8EDEDF6EEEEF1E9F6F4FDE8FCE9E600000000000000000000F5F8F1F766665050505050505050505044444455EB000000EC00F60050000606FAEA6600206E46,2702a27f18499e0000000000000080000000000000000000000000000000800000000000000000003100000000000000000000000000000000000000000000000000000000000000090000000000000879c0f000356ab1581ff8aaa655555556ae3000000000000000aaa655555556ae3000000000000000fffffffffc000000000fffffffffc000000000087fee7500456ab1581ff8fae3e1f8ededf6eeeef1e9f6f4fde8fce9e600000000000000000000f5f8f1f766665050505050505050505044444455eb000000ec00f60050000606faea6600206e46
15039241,372.418,2026-09-21T16:15:25.418000+00:00,DP0SNX,CQ,146,0,86A240404040E088A060A69CB06103F02700A3D218000864EBE700736AB1582182185346303F4280000000000001853485ABA028000000000000009600000C0222266800D750D1D6B4D00D0D1045CBD444835E64A31DF5C19931D0303B106952006A40E685670742006BC16783E802B7367F28FB1AF8028FC20068406480F3800A0068C06480F280492300028B05E0F094C5,2700a3d218000864ebe700736ab1582182185346303f4280000000000001853485aba028000000000000009600000c0222266800d750d1d6b4d00d0d1045cbd444835e64a31df5c19931d0303b106952006a40e685670742006bc16783e802b7367f28fb1af8028fc20068406480f3800a0068c06480f280492300028b05e0f094c5
15039241,374.418,2026-09-21T16:15:27.418000+00:00,DP0SNX,CQ,146,0,86A240404040E088A060A69CB06103F02700A4D318000864EBE800736AB1582382185348303F42800000000000018534A5ABA028000000000000009600000C0222266800D750D1D6B4B00D0D1045CBD4C4835E64A30BF5C19931D0303B106952006A42E605E70442006BC16784680337367F28FB1AF8028FC20068C0648072800A0068406480F280492300028B05E0F83972,2700a4d318000864ebe800736ab1582382185348303f42800000000000018534a5aba028000000000000009600000c0222266800d750d1d6b4b00d0d1045cbd4c4835e64a30bf5c19931d0303b106952006a42e605e70442006bc16784680337367f28fb1af8028fc20068c0648072800a0068406480f280492300028b05e0f83972
15039241,376.418,2026-09-21T16:15:29.418000+00:00,DP0SNX,CQ,146,1,86A240404040E088A060A69CB06103F02700A5D418000864EBE900736AB158258218534A303F42800000000000018534C5ABA028000000000000009600000C0222266800D750D1D6B4F00D0D1045CBD344835E64A31935C19931D030BB106952006A4266856704C2006BC16804680337367F28FB1AF8028FC2006840648073000A0068C06480F280492300028B05E0808A3F,2700a5d418000864ebe900736ab158258218534a303f42800000000000018534c5aba028000000000000009600000c0222266800d750d1d6b4f00d0d1045cbd344835e64a31935c19931d030bb106952006a4266856704c2006bc16804680337367f28fb1af8028fc2006840648073000a0068c06480f280492300028b05e0808a3f
15039241,378.418,2026-09-21T16:15:31.418000+00:00,DP0SNX,CQ,146,0,86A240404040E088A060A69CB06103F02700A6D518000864EBEA00736AB158278218534C303F42800000000000018534E5ABA028000000000000009600000C0222266800D750D1D6B4F00D0D1045CBD344835E64A31D75C19931D0305B106952006A4266856704C2006BC16803E782B735FF28FB1AF8028FC20068C0648073800A0068406480F280C92300028B05E088D65D,2700a6d518000864ebea00736ab158278218534c303f42800000000000018534e5aba028000000000000009600000c0222266800d750d1d6b4f00d0d1045cbd344835e64a31d75c19931d0305b106952006a4266856704c2006bc16803e782b735ff28fb1af8028fc20068c0648073800a0068406480f280c92300028b05e088d65d
15039241,382.418,2026-09-21T16:15:35.418000+00:00,DP0SNX,CQ,146,0,86A240404040E088A060A69CB06103F02700A8D718000864EBEC00736AB1582B82185350303F4280000000000001853525ABA028000000000000009600000C0222266800D750D1D6B4B00D0D1045CBD544835E64A32175C19931D030FB106952006A426605E70442006BC16803E802B735FF28FB1AF8028FC20068C0650073000A0068406400F280492300028B05E09080F7,2700a8d718000864ebec00736ab1582b82185350303f4280000000000001853525aba028000000000000009600000c0222266800d750d1d6b4b00d0d1045cbd544835e64a32175c19931d030fb106952006a426605e70442006bc16803e802b735ff28fb1af8028fc20068c0650073000a0068406400f280492300028b05e09080f7
15039241,384.419,2026-09-21T16:15:37.419000+00:00,DP0SNX,CQ,146,1,86A240404040E088A060A69CB06103F02700A9D818000864EBED00736AB1582D82185352303F4280000000000001853545ABA028000000000000009600000C0222266800D750D1D6B4F00D0D1045CBD344835E64A321F5C19931D0309B106952006A426606670542006BC16804680337367F28FB1AF8028FC20068C0650073000A0068406480F280C92300028B05E098B0F9,2700a9d818000864ebed00736ab1582d82185352303f4280000000000001853545aba028000000000000009600000c0222266800d750d1d6b4f00d0d1045cbd344835e64a321f5c19931d0309b106952006a426606670542006bc16804680337367f28fb1af8028fc20068c0650073000a0068406480f280c92300028b05e098b0f9
15039241,386.419,2026-09-21T16:15:39.419000+00:00,DP0SNX,CQ,146,0,86A240404040E088A060A69CB06103F02700AAD918000864EBEE00736AB1582F82185354303F4280000000000001853565ABA028000000000000009600000C0222266800D750D1D6B5700D0D1045CBD5C4835E64A32275C19931D0309B106952006A426604E70442006BC1E783E80337367F28FB1AF8028FC2006840648073000A0068C06480F200492300028B05E0A0A5C9,2700aad918000864ebee00736ab1582f82185354303f4280000000000001853565aba028000000000000009600000c0222266800d750d1d6b5700d0d1045cbd5c4835e64a32275c19931d0309b106952006a426604e70442006bc1e783e80337367f28fb1af8028fc2006840648073000a0068c06480f200492300028b05e0a0a5c9
15039241,387.415,2026-09-21T16:15:40.415000+00:00,DP0SNX,CQ,114,1,86A240404040E088A060A69CB06103F02702AB801800087DC3B600536AB158309E00379152492F572F572F562F5600002D4D00002D4C000003300000010801740D9800000000000000000000000000A200000A680A660A6A000000A153332DB6000C000016A60B530000000400005555E44D,2702ab801800087dc3b600536ab158309e00379152492f572f572f562f5600002d4d00002d4c000003300000010801740d9800000000000000000000000000a200000a680a660a6a000000a153332db6000c000016a60b530000000400005555e44d
15039241,388.419,2026-09-21T16:15:41.419000+00:00,DP0SNX,CQ,146,2,86A240404040E088A060A69CB06103F02700ACDA18000864EBEF00736AB1583182185356303F4280000000000001853585ABA028000000000000009600000C0222266800D750D1D6B5300D0D1045CBD3C4835E64A31735C19931D0305B106952006A4266856704C2006BC16803E80337367F28FB1AE0028FC2006840650073000A0068C06480F200492300028B05E0A8E8C0,2700acda18000864ebef00736ab1583182185356303f4280000000000001853585aba028000000000000009600000c0222266800d750d1d6b5300d0d1045cbd3c4835e64a31735c19931d0305b106952006a4266856704c2006bc16803e80337367f28fb1ae0028fc2006840650073000a0068c06480f200492300028b05e0a8e8c0
15039241,390.419,2026-09-21T16:15:43.419000+00:00,DP0SNX,CQ,146,0,86A240404040E088A060A69CB06103F02700ADDB18000864EBF000736AB1583382185358303F42800000000000018535A5ABA028000000000000009600000C0222266800D750D1D6B5300D0D1045CBD4C4835E64A31D75C19931D0305B106952006AC0E605670442006BC1E783E80337367F28FB1AF8028FC20068C0648073000A0068406480F280C92300028B05E0B07369,2700addb18000864ebf000736ab1583382185358303f42800000000000018535a5aba028000000000000009600000c0222266800d750d1d6b5300d0d1045cbd4c4835e64a31d75c19931d0305b106952006ac0e605670442006bc1e783e80337367f28fb1af8028fc20068c0648073000a0068406480f280c92300028b05e0b07369
15039241,392.42,2026-09-21T16:15:45.420000+00:00,DP0SNX,CQ,146,0,86A240404040E088A060A69CB06103F02700AEDC18000864EBF100736AB158358218535A303F42800000000000018535C5ABA028000000000000009600000C0222266800D750D1D6B5300D0D1045CBD444835E64A31435C19931D0309B106952006A426685670542006BC16804680337367F28FB1AF8028FC20068C0648073000A0068406400F280492300028B05E0B82BB1,2700aedc18000864ebf100736ab158358218535a303f42800000000000018535c5aba028000000000000009600000c0222266800d750d1d6b5300d0d1045cbd444835e64a31435c19931d0309b106952006a426685670542006bc16804680337367f28fb1af8028fc20068c0648073000a0068406400f280492300028b05e0b82bb1
15039241,395.411,2026-09-21T16:15:48.411000+00:00,DP0SNX,CQ,82,1,86A240404040E088A060A69CB06103F02702B081180008C8C03C00336AB158389E47000123F34CBC80141D40007FFF00007AEE81EA7C768004800A800EAF7DEBCDB2101A559F6583367FFF7FFF7FFFFF268C,2702b081180008c8c03c00336ab158389e47000123f34cbc80141d40007fff00007aee81ea7c768004800a800eaf7debcdb2101a559f6583367fff7fff7fffff268c
15039241,396.42,2026-09-21T16:15:49.420000+00:00,DP0SNX,CQ,146,1,86A240404040E088A060A69CB06103F02700B1DE18000864EBF300736AB158398218535E303F4280000000000001853605ABA028000000000000009600000C0222266800D750D1D6B5100D0D1045CBD444835E64A31F35C19931D0319B106952006AC26604E704C2006BC16803E802B7367F28FB1AF8028FC20068406500F3000A0068406480F280492300028B05E0C8AEAA,2700b1de18000864ebf300736ab158398218535e303f4280000000000001853605aba028000000000000009600000c0222266800d750d1d6b5100d0d1045cbd444835e64a31f35c19931d0319b106952006ac26604e704c2006bc16803e802b7367f28fb1af8028fc20068406500f3000a0068406480f280492300028b05e0c8aeaa
15039241,397.284,2026-09-21T16:15:50.284000+00:00,DP0SNX,CQ,63,0,86A240404040E088A060A69CB06103F02702B282180008D2E0EB00206AB158399E000000020000000000000000000000000000000000000000000000008087,2702b282180008d2e0eb00206ab158399e000000020000000000000000000000000000000000000000000000008087
15039241,397.459,2026-09-21T16:15:50.459000+00:00,DP0SNX,CQ,63,0,86A240404040E088A060A69CB06103F02702B383180008D3E0F100206AB1583A9E0000000200000000808000000000000000000000000000000000000097AF,2702b383180008d3e0f100206ab1583a9e0000000200000000808000000000000000000000000000000000000097af
15039241,398.42,2026-09-21T16:15:51.420000+00:00,DP0SNX,CQ,146,0,86A240404040E088A060A69CB06103F02700B4DF18000864EBF400736AB1583B82185360303F4280000000000001853625ABA028000000000000009600000C0222266800D750D1D6B5300D0D1045CBD444835E64A31835C19931D030DB106952006A4266056704C2006BC16783E80337367F28FB1AE0028FC2006840650073000A0068406400F280492300028B05E0D0F042,2700b4df18000864ebf400736ab1583b82185360303f4280000000000001853625aba028000000000000009600000c0222266800d750d1d6b5300d0d1045cbd444835e64a31835c19931d030db106952006a4266056704c2006bc16783e80337367f28fb1ae0028fc2006840650073000a0068406400f280492300028b05e0d0f042
15039241,399.311,2026-09-21T16:15:52.311000+00:00,DP0SNX,CQ,83,0,86A240404040E088A060A69CB06103F02702B584180008E6E13300346AB1583B9E78A9A2244F4C842E788DD849241D8E30788914DA4FCEB4B3789181C7955CD92E72A981998E6CB633788D821056ECB52CFFA1,2702b584180008e6e13300346ab1583b9e78a9a2244f4c842e788dd849241d8e30788914da4fceb4b3789181c7955cd92e72a981998e6cb633788d821056ecb52cffa1
15039241,400.42,2026-09-21T16:15:53.420000+00:00,DP0SNX,CQ,146,0,86A240404040E088A060A69CB06103F02700B6E018000864EBF500736AB1583D82185362303F4280000000000001853645ABA028000000000000009600000C0222266800D750D1D6B4B00D0D1045CBD4C4835E64A31E75C19931D0307B106952006A426605E70442006BC16804680337367F28FB1AF8028FC2006840648073000A0068C06480F200492300028B05E0D8D25F,2700b6e018000864ebf500736ab1583d82185362303f4280000000000001853645aba028000000000000009600000c0222266800d750d1d6b4b00d0d1045cbd4c4835e64a31e75c19931d0307b106952006a426605e70442006bc16804680337367f28fb1af8028fc2006840648073000a0068c06480f200492300028b05e0d8d25f
15039241,401.664,2026-09-21T16:15:54.664000+00:00,DP0SNX,CQ,97,0,86A240404040E088A060A69CB06103F02702B8861FFF9E000000000000008000000000000000000000000000000080000000000000000000310000000000000000000000000000000000000000000000000000000000000009000000000000BCFC,2702b8861fff9e000000000000008000000000000000000000000000000080000000000000000000310000000000000000000000000000000000000000000000000000000000000009000000000000bcfc
15039241,402.42,2026-09-21T16:15:55.420000+00:00,DP0SNX,CQ,146,0,86A240404040E088A060A69CB06103F02700B9E118000864EBF600736AB1583F82185364303F4280000000000001853665ABA028000000000000009600000C0222266800D750D1D6B4F00D0D1045CBD544835E64A314F5C19931D0305B106952006A426604E704C2006BC1E783E782B7367F28FB1AF8028FC20068C0650073000A0068406480F200492300028B05E0E0BA2F,2700b9e118000864ebf600736ab1583f82185364303f4280000000000001853665aba028000000000000009600000c0222266800d750d1d6b4f00d0d1045cbd544835e64a314f5c19931d0305b106952006a426604e704c2006bc1e783e782b7367f28fb1af8028fc20068c0650073000a0068406480f200492300028b05e0e0ba2f
15039241,404.42,2026-09-21T16:15:57.420000+00:00,DP0SNX,CQ,146,1,86A240404040E088A060A69CB06103F02700BAE218000864EBF700736AB1584182185366303F4280000000000001853685ABA028000000000000009600000C0222266800D750D1D6B5300D0D1045CBD5C4835E64A31CF5C1B931D0303B106952006AC266056704C2006BC1E783E782B7367F28FB1AF8028FC2006840648073008A0068C06480F280492300028B05E0E828D9,2700bae218000864ebf700736ab1584182185366303f4280000000000001853685aba028000000000000009600000c0222266800d750d1d6b5300d0d1045cbd5c4835e64a31cf5c1b931d0303b106952006ac266056704c2006bc1e783e782b7367f28fb1af8028fc2006840648073008a0068c06480f280492300028b05e0e828d9
15039241,406.42,2026-09-21T16:15:59.420000+00:00,DP0SNX,CQ,146,0,86A240404040E088A060A69CB06103F02700BBE318000864EBF800736AB1584382185368303F42800000000000018536A5ABA028000000000000009600000C0222266800D750D1D6B4F00D0D1045CBD644835E64A31435C1B931D0305B106952006A4266056704C2006BC16803E80337367F28FB1AF8028FC2006840648073800A0068406480F200492300028B05E0F0A9EF,2700bbe318000864ebf800736ab1584382185368303f42800000000000018536a5aba028000000000000009600000c0222266800d750d1d6b4f00d0d1045cbd644835e64a31435c1b931d0305b106952006a4266056704c2006bc16803e80337367f28fb1af8028fc2006840648073800a0068406480f200492300028b05e0f0a9ef
15039241,407.287,2026-09-21T16:16:00.287000+00:00,DP0SNX,CQ,91,0,86A240404040E088A060A69CB06103F02702BC8718000BB6D943003C6AB15843BCF401A0C4C0BB5F00F001A0C4C0BA7D0079FD3F57194D9D7F86B0CC579FD9121F9675CD3701AA3D94968356D701160A84782748C6F93244801E86,2702bc8718000bb6d943003c6ab15843bcf401a0c4c0bb5f00f001a0c4c0ba7d0079fd3f57194d9d7f86b0cc579fd9121f9675cd3701aa3d94968356d701160a84782748c6f93244801e86
15039241,408.42,2026-09-21T16:16:01.420000+00:00,DP0SNX,CQ,146,1,86A240404040E088A060A69CB06103F02700BDE418000864EBF900736AB158458218536A303F42800000000000018536C5ABA028000000000000009600000C0222266800D750D1D6B4F00D0D1045CBD4C4835E64A31CB5C1B931D0311B106952006A426604E704C2006BC16803E80337367F28FB1AF8028FC2006840648073000A0068406480F280492300028B05E0F83A46,2700bde418000864ebf900736ab158458218536a303f42800000000000018536c5aba028000000000000009600000c0222266800d750d1d6b4f00d0d1045cbd4c4835e64a31cb5c1b931d0311b106952006a426604e704c2006bc16803e80337367f28fb1af8028fc2006840648073000a0068406480f280492300028b05e0f83a46
15039241,410.42,2026-09-21T16:16:03.420000+00:00,DP0SNX,CQ,146,0,86A240404040E088A060A69CB06103F02700BEE518000864EBFA00736AB158478218536C303F42800000000000018536E5ABA028000000000000009600000C0222266800D750D1D6B4D00D0D1045CBD4C4835E64A31F35C1B931D030BB106952006AC26605670442006BC1E783E802B7367F28FB1AF8028FC20068C0650073000A0068C06480F280492300028B05E0806F01,2700bee518000864ebfa00736ab158478218536c303f42800000000000018536e5aba028000000000000009600000c0222266800d750d1d6b4d00d0d1045cbd4c4835e64a31f35c1b931d030bb106952006ac26605670442006bc1e783e802b7367f28fb1af8028fc20068c0650073000a0068c06480f280492300028b05e0806f01
15039241,414.42,2026-09-21T16:16:07.420000+00:00,DP0SNX,CQ,146,1,86A240404040E088A060A69CB06103F02700C0E718000864EBFC00736AB1584B82185370303F4280000000000001853725ABA028000000000000009600000C0222266800D750D1D6B4D00D0D1045CBD5C4835E64A32175C1B931D0311B106952006AC2E6056704C2006BC1E803E802B7367F28FB1AF8028FC20068406500F3000A0068C06480F280492300028B05E090CEE3,2700c0e718000864ebfc00736ab1584b82185370303f4280000000000001853725aba028000000000000009600000c0222266800d750d1d6b4d00d0d1045cbd5c4835e64a32175c1b931d0311b106952006ac2e6056704c2006bc1e803e802b7367f28fb1af8028fc20068406500f3000a0068c06480f280492300028b05e090cee3
15039241,416.42,2026-09-21T16:16:09.420000+00:00,DP0SNX,CQ,146,0,86A240404040E088A060A69CB06103F02700C1E818000864EBFD00736AB1584D82185372303F4280000000000001853745ABA028000000000000009600000C0222266800D750D1D6B4D00D0D1045CBD544835E64A32235C1B931D030BB106952006A426605E704C2006BC16803E80337367F28FB1AF8028FC20068406480F3000A0068C06480F280492300028B05E098BE31,2700c1e818000864ebfd00736ab1584d82185372303f4280000000000001853745aba028000000000000009600000c0222266800d750d1d6b4d00d0d1045cbd544835e64a32235c1b931d030bb106952006a426605e704c2006bc16803e80337367f28fb1af8028fc20068406480f3000a0068c06480f280492300028b05e098be31
15039241,417.417,2026-09-21T16:16:10.417000+00:00,DP0SNX,CQ,114,1,86A240404040E088A060A69CB06103F02702C2881800087DC3B700536AB1584E9E0037A052492F582F582F572F5700002D4E00002D4D000003300000010801740D9800000000000000000000000000A200000A680A660A6A000000A153332DB6000C000016A70B53000000040000555538A3,2702c2881800087dc3b700536ab1584e9e0037a052492f582f582f572f5700002d4e00002d4d000003300000010801740d9800000000000000000000000000a200000a680a660a6a000000a153332db6000c000016a70b53000000040000555538a3
15039241,418.42,2026-09-21T16:16:11.420000+00:00,DP0SNX,CQ,146,0,86A240404040E088A060A69CB06103F02700C3E918000864EBFE00736AB1584F82185374303F4280000000000001853765ABA028000000000000009600000C0222266800D750D1D6B4900D0D1045CBD644835E64A322F5C1B931D0307B106952006AC2E605670442006BC1E8046802B7367F28FB1AF8028FC2006840648073000A0068C064817200492300028B05E0A059A9,2700c3e918000864ebfe00736ab1584f82185374303f4280000000000001853765aba028000000000000009600000c0222266800d750d1d6b4900d0d1045cbd644835e64a322f5c1b931d0307b106952006ac2e605670442006bc1e8046802b7367f28fb1af8028fc2006840648073000a0068c064817200492300028b05e0a059a9
15039241,420.42,2026-09-21T16:16:13.420000+00:00,DP0SNX,CQ,146,1,86A240404040E088A060A69CB06103F02700C4EA18000864EBFF00736AB1585182185376303F4280000000000001853785ABA028000000000000009600000C0222266800D750D1D6B5500D0D1045CBD5C4835E64A31775C1B931D0307B106952006AC266056704C2006BC16784680337367F28FB1AE0028FC20068406480F3800A0068406480F280492300028B05E0A848B2,2700c4ea18000864ebff00736ab1585182185376303f4280000000000001853785aba028000000000000009600000c0222266800d750d1d6b5500d0d1045cbd5c4835e64a31775c1b931d0307b106952006ac266056704c2006bc16784680337367f28fb1ae0028fc20068406480f3800a0068406480f280492300028b05e0a848b2
15039241,422.42,2026-09-21T16:16:15.420000+00:00,DP0SNX,CQ,146,0,86A240404040E088A060A69CB06103F02700C5EB18000864EC0000736AB1585382185378303F42800000000000018537A5ABA028000000000000009600000C0222266800D750D1D6B5500D0D1045CBD544835E64A31DF5C1B931D0309B106952006AC2E605670442006BC1E783E80337367F28FB1AF8028FC20068C0650073000A0068C064817280492300028B05E0B0B025,2700c5eb18000864ec0000736ab1585382185378303f42800000000000018537a5aba028000000000000009600000c0222266800d750d1d6b5500d0d1045cbd544835e64a31df5c1b931d0309b106952006ac2e605670442006bc1e783e80337367f28fb1af8028fc20068c0650073000a0068c064817280492300028b05e0b0b025
15039241,424.42,2026-09-21T16:16:17.420000+00:00,DP0SNX,CQ,146,0,86A240404040E088A060A69CB06103F02700C6EC18000864EC0100736AB158558218537A303F42800000000000018537C5ABA028000000000000009600000C0222266800D750D1D6B5700D0D1045CBD4C4835E64A314B5C1B931D0307B106952006A426605E704C2006C41E803E80337367F28FB1AF8028FC2006840648073000A0068406480F280C92300028B05E0B86BB7,2700c6ec18000864ec0100736ab158558218537a303f42800000000000018537c5aba028000000000000009600000c0222266800d750d1d6b5700d0d1045cbd4c4835e64a314b5c1b931d0307b106952006a426605e704c2006c41e803e80337367f28fb1af8028fc2006840648073000a0068406480f280c92300028b05e0b86bb7
15039241,425.412,2026-09-21T16:16:18.412000+00:00,DP0SNX,CQ,82,0,86A240404040E088A060A69CB06103F02702C789180008C8C03D00336AB158569E47000123FFE8BB2F0A1740007FFF00007B39826C7C027FFA80088017B5B9E75EB5061A559E0682C77FFF7FFF7FFFFF5ED2,2702c789180008c8c03d00336ab158569e47000123ffe8bb2f0a1740007fff00007b39826c7c027ffa80088017b5b9e75eb5061a559e0682c77fff7fff7fffff5ed2
15039241,426.42,2026-09-21T16:16:19.420000+00:00,DP0SNX,CQ,146,0,86A240404040E088A060A69CB06103F02700C8ED18000864EC0200736AB158578218537C303F42800000000000018537E5ABA028000000000000009600000C0222266800D750D1D6B5300D0D1045CBD4C4835E64A31CB5C1B931D0309B106952006A4266056704C2006BC1E803E80337367F28FB1AF8028FC20068C0648073000A0068406480F200492300028B05E0B8D17D,2700c8ed18000864ec0200736ab158578218537c303f42800000000000018537e5aba028000000000000009600000c0222266800d750d1d6b5300d0d1045cbd4c4835e64a31cb5c1b931d0309b106952006a4266056704c2006bc1e803e80337367f28fb1af8028fc20068c0648073000a0068406480f200492300028b05e0b8d17d
15039241,427.485,2026-09-21T16:16:20.485000+00:00,DP0SNX,CQ,63,1,86A240404040E088A060A69CB06103F02702CA8B180008D3E0F200206AB158589E00000002000000008080000000000000000000000000000000000000AB86,2702ca8b180008d3e0f200206ab158589e00000002000000008080000000000000000000000000000000000000ab86
15039241,428.42,2026-09-21T16:16:21.420000+00:00,DP0SNX,CQ,146,0,86A240404040E088A060A69CB06103F02700CBEE18000864EC0300736AB158598218537E303F4280000000000001853805ABA028000000000000009600000C0222266800D750D1D6B4D00D0D1045CBD5C4835E64A31FB5C1B931D0307B106952006A426605E70442006BC16783E782B7367F28FB1AF8028FC2006840648073808A0068406480F280492300028B05E0C05954,2700cbee18000864ec0300736ab158598218537e303f4280000000000001853805aba028000000000000009600000c0222266800d750d1d6b4d00d0d1045cbd5c4835e64a31fb5c1b931d0307b106952006a426605e70442006bc16783e782b7367f28fb1af8028fc2006840648073808a0068406480f280492300028b05e0c05954
15039241,429.313,2026-09-21T16:16:22.313000+00:00,DP0SNX,CQ,83,1,86A240404040E088A060A69CB06103F02702CC8C180008E6E13400346AB158599E78A9D2244F4C842E788D0849241D8E31789144A9499E6CB37891B1C7955CD92E72A9B1998E6CB63378BDB21056ECB52DB9EC,2702cc8c180008e6e13400346ab158599e78a9d2244f4c842e788d0849241d8e31789144a9499e6cb37891b1c7955cd92e72a9b1998e6cb63378bdb21056ecb52db9ec
15039241,431.665,2026-09-21T16:16:24.665000+00:00,DP0SNX,CQ,97,1,86A240404040E088A060A69CB06103F02702CF8E1FFF9E000000000000008000000000000000000000000000000080000000000000000000310000000000000000000000000000000000000000000000000000000000000009000000000000B5D9,2702cf8e1fff9e000000000000008000000000000000000000000000000080000000000000000000310000000000000000000000000000000000000000000000000000000000000009000000000000b5d9
15039241,432.421,2026-09-21T16:16:25.421000+00:00,DP0SNX,CQ,146,0,86A240404040E088A060A69CB06103F02700D0F018000864EC0500736AB1585D82185382303F4280000000000001853845ABA028000000000000009600000C0222266800D750D1D6B1D00D0D1045CBD744835E64A31E75C1B931D0305B106952006A426685670442006BC1E8046802B7367F28FB1AF8028FC2006840648073800A0068406400F280492300028B05E0D0142C,2700d0f018000864ec0500736ab1585d82185382303f4280000000000001853845aba028000000000000009600000c0222266800d750d1d6b1d00d0d1045cbd744835e64a31e75c1b931d0305b106952006a426685670442006bc1e8046802b7367f28fb1af8028fc2006840648073800a0068406400f280492300028b05e0d0142c
15039241,434.422,2026-09-21T16:16:27.422000+00:00,DP0SNX,CQ,146,0,86A240404040E088A060A69CB06103F02700D1F118000864EC0600736AB1585F82185384303F4280000000000001853865ABA028000000000000009600000C0222266800D750D1D6B3900D0D1045CBD6C4835E64A30CB5C1B931D0303B106952006A426605E704C2006C41E784E80337367F28FB1AF8028FC20068C0648073800A00684065007280C92300028B05E0D86EAC,2700d1f118000864ec0600736ab1585f82185384303f4280000000000001853865aba028000000000000009600000c0222266800d750d1d6b3900d0d1045cbd6c4835e64a30cb5c1b931d0303b106952006a426605e704c2006c41e784e80337367f28fb1af8028fc20068c0648073800a00684065007280c92300028b05e0d86eac
15039241,436.422,2026-09-21T16:16:29.422000+00:00,DP0SNX,CQ,146,0,86A240404040E088A060A69CB06103F02700D2F218000864EC0700736AB1586182185386303F4280000000000001853885ABA028000000000000009600000C0222266800D750D1D6B4500D0D1045CBD6C4835E64A319F5C1B931D030BB106952006A4266856704C2006BC1E803E802B7367F28FB1AF8028FC20068406480F3800A0068406480F200492300028B05E0E00F73,2700d2f218000864ec0700736ab1586182185386303f4280000000000001853885aba028000000000000009600000c0222266800d750d1d6b4500d0d1045cbd6c4835e64a319f5c1b931d030bb106952006a4266856704c2006bc1e803e802b7367f28fb1af8028fc20068406480f3800a0068406480f200492300028b05e0e00f73
15039241,438.422,2026-09-21T16:16:31.422000+00:00,DP0SNX,CQ,146,2,86A240404040E088A060A69CB06103F02700D3F318000864EC0800736AB1586382185388303F42800000000000018538A5ABA028000000000000009600000C0222266800D750D1D6B4B00D0D1045CBD7C4835E64A31235C1B931D030BB106952006AC2E6056704C2006BC1E803E803B7367F28FB1AF8028FC20068C0648073000A0068C06400F280492300028B05E0E8B290,2700d3f318000864ec0800736ab1586382185388303f42800000000000018538a5aba028000000000000009600000c0222266800d750d1d6b4b00d0d1045cbd7c4835e64a31235c1b931d030bb106952006ac2e6056704c2006bc1e803e803b7367f28fb1af8028fc20068c0648073000a0068c06400f280492300028b05e0e8b290
15039241,440.422,2026-09-21T16:16:33.422000+00:00,DP0SNX,CQ,146,0,86A240404040E088A060A69CB06103F02700D4F418000864EC0900736AB158658218538A303F42800000000000018538C5ABA028000000000000009600000C0222266800D750D1D6B5700D0D1045CBD5C4835E64A31C35C1B931D0309B106952006AC266056704C2006BC16803E78337367F28FB1AF8028FC2006840648073800A0068C06480F280492300028B05E0F0678D,2700d4f418000864ec0900736ab158658218538a303f42800000000000018538c5aba028000000000000009600000c0222266800d750d1d6b5700d0d1045cbd5c4835e64a31c35c1b931d0309b106952006ac266056704c2006bc16803e78337367f28fb1af8028fc2006840648073800a0068c06480f280492300028b05e0f0678d
15039241,442.422,2026-09-21T16:16:35.422000+00:00,DP0SNX,CQ,146,0,86A240404040E088A060A69CB06103F02700D5F518000864EC0A00736AB158678218538C303F42800000000000018538E5ABA028000000000000009600000C0222266800D750D1D6B5100D0D1045CBD544835E64A31EF5C1B931D0317B106952006A426605E70442006C41E803E80337367F28FB1AE0028FC20068C06480F3800A0068406480F280492300028B05E0F85FA0,2700d5f518000864ec0a00736ab158678218538c303f42800000000000018538e5aba028000000000000009600000c0222266800d750d1d6b5100d0d1045cbd544835e64a31ef5c1b931d0317b106952006a426605e70442006c41e803e80337367f28fb1ae0028fc20068c06480f3800a0068406480f280492300028b05e0f85fa0
15039241,444.422,2026-09-21T16:16:37.422000+00:00,DP0SNX,CQ,146,2,86A240404040E088A060A69CB06103F02700D6F618000864EC0B00736AB158698218538E303F4280000000000001853905ABA028000000000000009600000C0222266800D750D1D6B5500D0D1045CBD4C4835E64A32075C1B931D0313B106952006AC2E604E704C2006BC1E803E80337367F28FB1AF8028FC2006840648073808A0068406480F280492300028B05E080F953,2700d6f618000864ec0b00736ab158698218538e303f4280000000000001853905aba028000000000000009600000c0222266800d750d1d6b5500d0d1045cbd4c4835e64a32075c1b931d0313b106952006ac2e604e704c2006bc1e803e80337367f28fb1af8028fc2006840648073808a0068406480f280492300028b05e080f953
15039241,446.422,2026-09-21T16:16:39.422000+00:00,DP0SNX,CQ,146,1,86A240404040E088A060A69CB06103F02700D7F718000864EC0C00736AB1586B82185390303F4280000000000001853925ABA028000000000000009600000C0222266800D750D1D6B4D00D0D1045CBD5C4835E64A321B5C1B931D0309B106952006A426684E70542006BC1E8046782B735FF28FB1AF8028FC20068C0648073000A0068406480F280492300028B05E0880DFF,2700d7f718000864ec0c00736ab1586b82185390303f4280000000000001853925aba028000000000000009600000c0222266800d750d1d6b4d00d0d1045cbd5c4835e64a321b5c1b931d0309b106952006a426684e70542006bc1e8046782b735ff28fb1af8028fc20068c0648073000a0068406480f280492300028b05e0880dff
15039241,447.417,2026-09-21T16:16:40.417000+00:00,DP0SNX,CQ,114,1,86A240404040E088A060A69CB06103F02702D88F1800087DC3B800536AB1586C9E0037AF52492F592F592F582F5800002D4F00002D4E000003300000010801740D9800000000000000000000000000A200000A680A660A6A000000A153332DB6000C000016A70B530000000400005555FD16,2702d88f1800087dc3b800536ab1586c9e0037af52492f592f592f582f5800002d4f00002d4e000003300000010801740d9800000000000000000000000000a200000a680a660a6a000000a153332db6000c000016a70b530000000400005555fd16
15039241,448.422,2026-09-21T16:16:41.422000+00:00,DP0SNX,CQ,146,0,86A240404040E088A060A69CB06103F02700D9F818000864EC0D00736AB1586D82185392303F4280000000000001853945ABA028000000000000009600000C0222266800D750D1D6B4D00D0D1045CBD4C4835E64A32275C1B931D0307B106952006A426605E704C2006BC1E803E8033735FF28FB1AF8028FC2006840650073000A0068406480F280492300028B05E090A7A2,2700d9f818000864ec0d00736ab1586d82185392303f4280000000000001853945aba028000000000000009600000c0222266800d750d1d6b4d00d0d1045cbd4c4835e64a32275c1b931d0307b106952006a426605e704c2006bc1e803e8033735ff28fb1af8028fc2006840650073000a0068406480f280492300028b05e090a7a2
15039241,452.422,2026-09-21T16:16:45.422000+00:00,DP0SNX,CQ,146,0,86A240404040E088A060A69CB06103F02700DBFA18000864EC0F00736AB1587182185396303F4280000000000001853985ABA028000000000000009600000C0222266800D750D1D6B4B00D0D1045CBD444835E64A31735C1B931D0313B106952006AC266856704C2006BC1E803E802B735FF28FB1AE0028FC2006840648072800A0068406480F280492300028B05E0A0A2CB,2700dbfa18000864ec0f00736ab1587182185396303f4280000000000001853985aba028000000000000009600000c0222266800d750d1d6b4b00d0d1045cbd444835e64a31735c1b931d0313b106952006ac266856704c2006bc1e803e802b735ff28fb1ae0028fc2006840648072800a0068406480f280492300028b05e0a0a2cb
15039241,454.422,2026-09-21T16:16:47.422000+00:00,DP0SNX,CQ,146,1,86A240404040E088A060A69CB06103F02700DCFB18000864EC1000736AB1587382185398303F42800000000000018539A5ABA028000000000000009600000C0222266800D750D1D6B5100D0D1045CBD444835E64A31EB5C1B931D0317B106952006A40E588E70742006BC16804680337367F28FB1AF8028FC2006840648073808A0068406480F280492300028B05E0A8F4F7,2700dcfb18000864ec1000736ab1587382185398303f42800000000000018539a5aba028000000000000009600000c0222266800d750d1d6b5100d0d1045cbd444835e64a31eb5c1b931d0317b106952006a40e588e70742006bc16804680337367f28fb1af8028fc2006840648073808a0068406480f280492300028b05e0a8f4f7
15039241,455.414,2026-09-21T16:16:48.414000+00:00,DP0SNX,CQ,82,0,86A240404040E088A060A69CB06103F02702DD90180008C8C03E00336AB158749E47000123087BB991043C40007FFF00007C0E82A47BD67FFD80098010BBA1E20AB8B41A569CA5825D7FFF7FFF7FFFFFC447,2702dd90180008c8c03e00336ab158749e47000123087bb991043c40007fff00007c0e82a47bd67ffd80098010bba1e20ab8b41a569ca5825d7fff7fff7fffffc447
15039241,456.422,2026-09-21T16:16:49.422000+00:00,DP0SNX,CQ,146,1,86A240404040E088A060A69CB06103F02700DEFC18000864EC1100736AB158758218539A303F42800000000000018539C5ABA028000000000000009600000C0222266800D750D1D6B5100D0D1045CBD3C4835E64A314F5C1B931D0311B106952006A4266856704C2006C41E803E80337367F28FB1AF8028FC20068C0648073000A0068406480F280492300028B05E0B0DBED,2700defc18000864ec1100736ab158758218539a303f42800000000000018539c5aba028000000000000009600000c0222266800d750d1d6b5100d0d1045cbd3c4835e64a314f5c1b931d0311b106952006a4266856704c2006c41e803e80337367f28fb1af8028fc20068c0648073000a0068406480f280492300028b05e0b0dbed
15039241,457.311,2026-09-21T16:16:50.311000+00:00,DP0SNX,CQ,63,0,86A240404040E088A060A69CB06103F02702DF91180008D2E0ED00206AB158759E00000002000000000000000000000000000000000000000000000000AE49,2702df91180008d2e0ed00206ab158759e00000002000000000000000000000000000000000000000000000000ae49
15039241,458.422,2026-09-21T16:16:51.422000+00:00,DP0SNX,CQ,146,0,86A240404040E088A060A69CB06103F02700E1FD18000864EC1200736AB158778218539C303F42800000000000018539E5ABA028000000000000009600000C0222266800D750D1D6B4F00D0D1045CBD444835E64A31D35C1B931D0309B106952006A426685670442006BC1E803E80337367F28FB1AF8028FC20068C0648073000A00684064807200492300028B05E0B81590,2700e1fd18000864ec1200736ab158778218539c303f42800000000000018539e5aba028000000000000009600000c0222266800d750d1d6b4f00d0d1045cbd444835e64a31d35c1b931d0309b106952006a426685670442006bc1e803e80337367f28fb1af8028fc20068c0648073000a00684064807200492300028b05e0b81590
15039241,459.289,2026-09-21T16:16:52.289000+00:00,DP0SNX,CQ,83,1,86A240404040E088A060A69CB06103F02702E293180008E6E13500346AB158779E78A902244F4C842F788D3849241D8E3178B1746D43BE15B37891E1C7955CD92E72A9E1998E6CB63378A5E21056ECB52DFCFA,2702e293180008e6e13500346ab158779e78a902244f4c842f788d3849241d8e3178b1746d43be15b37891e1c7955cd92e72a9e1998e6cb63378a5e21056ecb52dfcfa
15039241,460.422,2026-09-21T16:16:53.422000+00:00,DP0SNX,CQ,146,1,86A240404040E088A060A69CB06103F02700E3FE18000864EC1300736AB158798218539E303F4280000000000001853A05ABA028000000000000009600000C0222266800D750D1D6B4B00D0D1045CBD4C4835E64A31F75C1B931D030FB106952006A40E608670742006BC1E803E802B7367F28FB1AF8028FC20068C0648073000A0068C064017280492300028B05E0C0BDD7,2700e3fe18000864ec1300736ab158798218539e303f4280000000000001853a05aba028000000000000009600000c0222266800d750d1d6b4b00d0d1045cbd4c4835e64a31f75c1b931d030fb106952006a40e608670742006bc1e803e802b7367f28fb1af8028fc20068c0648073000a0068c064017280492300028b05e0c0bdd7
15039241,461.666,2026-09-21T16:16:54.666000+00:00,DP0SNX,CQ,97,0,86A240404040E088A060A69CB06103F02702E5951FFF9E000000000000008000000000000000000000000000000080000000000000000000310000000000000000000000000000000000000000000000000000000000000009000000000000E225,2702e5951fff9e000000000000008000000000000000000000000000000080000000000000000000310000000000000000000000000000000000000000000000000000000000000009000000000000e225
15039241,462.422,2026-09-21T16:16:55.422000+00:00,DP0SNX,CQ,146,1,86A240404040E088A060A69CB06103F02700E6FF18000864EC1400736AB1587B821853A0303F4280000000000001853A25ABA028000000000000009600000C0222266800D750D1D6B5300D0D1045CBD344835E64A32175C1B931D0309B106952006A426605670442006BC16803E80337367F28FB1AF8028FC20068C0648073000A0068C06480F280492300028B05E0C85F00,2700e6ff18000864ec1400736ab1587b821853a0303f4280000000000001853a25aba028000000000000009600000c0222266800d750d1d6b5300d0d1045cbd344835e64a32175c1b931d0309b106952006a426605670442006bc16803e80337367f28fb1af8028fc20068c0648073000a0068c06480f280492300028b05e0c85f00
15039241,464.422,2026-09-21T16:16:57.422000+00:00,DP0SNX,CQ,146,1,86A240404040E088A060A69CB06103F02700E70018000864EC1500736AB1587D821853A2303F4280000000000001853A45ABA028000000000000009600000C0222266800D750D1D6B4700D0D1045CBD5C4835E64A32235C1B931D0305B106952006A42E684E704C2006BC1E8046802B7367F28FB1AF8028FC20068C0648073000A0068406480F280492300028B05E0D0CF50,2700e70018000864ec1500736ab1587d821853a2303f4280000000000001853a45aba028000000000000009600000c0222266800d750d1d6b4700d0d1045cbd5c4835e64a32235c1b931d0305b106952006a42e684e704c2006bc1e8046802b7367f28fb1af8028fc20068c0648073000a0068406480f280492300028b05e0d0cf50
15039241,467.315,2026-09-21T16:17:00.315000+00:00,DP0SNX,CQ,91,1,86A240404040E088A060A69CB06103F02702E99618000BB6D944003C6AB1587FBCF401A0C4C1A5BF00F001A0C4C1A4E00079FD3F57194D9D7F86B0CC579FD9121F9675CD3701AA3D94968356D701160A84842748C6B9324480386C,2702e99618000bb6d944003c6ab1587fbcf401a0c4c1a5bf00f001a0c4c1a4e00079fd3f57194d9d7f86b0cc579fd9121f9675cd3701aa3d94968356d701160a84842748c6b9324480386c
15039241,468.422,2026-09-21T16:17:01.422000+00:00,DP0SNX,CQ,146,1,86A240404040E088A060A69CB06103F02700EA0218000864EC1700736AB15881821853A6303F4280000000000001853A85ABA028000000000000009600000C0222266800D750D1D6B4900D0D1045CBD6C4835E64A322B5C1B931D0303B106952006A42E6856704C2006C41E803E80337367F28FB1AF8028FC20068406480F3000A00684064807200492300028B05E0E0F2B9,2700ea0218000864ec1700736ab15881821853a6303f4280000000000001853a85aba028000000000000009600000c0222266800d750d1d6b4900d0d1045cbd6c4835e64a322b5c1b931d0303b106952006a42e6856704c2006c41e803e80337367f28fb1af8028fc20068406480f3000a00684064807200492300028b05e0e0f2b9
15039241,470.422,2026-09-21T16:17:03.422000+00:00,DP0SNX,CQ,146,0,86A240404040E088A060A69CB06103F02700EB0318000864EC1800736AB15883821853A8303F4280000000000001853AA5ABA028000000000000009600000C0222266800D750D1D6B4500D0D1045CBD6C4835E64A31775C1B931D0301B106952006AC266056704C2006C41E804678337367F28FB1AF8028FC2006840648073000A0068406480F280492300028B05E0E86518,2700eb0318000864ec1800736ab15883821853a8303f4280000000000001853aa5aba028000000000000009600000c0222266800d750d1d6b4500d0d1045cbd6c4835e64a31775c1b931d0301b106952006ac266056704c2006c41e804678337367f28fb1af8028fc2006840648073000a0068406480f280492300028b05e0e86518
15039241,472.423,2026-09-21T16:17:05.423000+00:00,DP0SNX,CQ,146,1,86A240404040E088A060A69CB06103F02700EC0418000864EC1900736AB15885821853AA303F4280000000000001853AC5ABA028000000000000009600000C0222266800D750D1D6B4900D0D1045CBD4C4835E64A31DB5C1B931D0303B106952006A41E6056705C2006BC1E784678337367F28FB1AF8028FC2006840648073000A0068406480F280492300028B05E0F0569F,2700ec0418000864ec1900736ab15885821853aa303f4280000000000001853ac5aba028000000000000009600000c0222266800d750d1d6b4900d0d1045cbd4c4835e64a31db5c1b931d0303b106952006a41e6056705c2006bc1e784678337367f28fb1af8028fc2006840648073000a0068406480f280492300028b05e0f0569f
15039241,474.423,2026-09-21T16:17:07.423000+00:00,DP0SNX,CQ,146,1,86A240404040E088A060A69CB06103F02700ED0518000864EC1A00736AB15887821853AC303F4280000000000001853AE5ABA028000000000000009600000C0222266800D750D1D6B4B00D0D1045CBD444835E64A31435C1B931D0307B106952006A42E685668442006C41E783E78337367F28FB1AE0028FC2006840648073000A0068406480F280492300028B05E0F00E84,2700ed0518000864ec1a00736ab15887821853ac303f4280000000000001853ae5aba028000000000000009600000c0222266800d750d1d6b4b00d0d1045cbd444835e64a31435c1b931d0307b106952006a42e685668442006c41e783e78337367f28fb1ae0028fc2006840648073000a0068406480f280492300028b05e0f00e84
15039241,476.423,2026-09-21T16:17:09.423000+00:00,DP0SNX,CQ,146,0,86A240404040E088A060A69CB06103F02700EE0618000864EC1B00736AB15889821853AE303F4280000000000001853B05ABA028000000000000009600000C0222266800D750D1D6B4F00D0D1045CBD4C4835E64A31AB5C1B931D0309B106952006AC26605670442006BC1E804680337367F28FB1AF8028FC20068C0648073800A00684065007280C92300028B05E0F8F86F,2700ee0618000864ec1b00736ab15889821853ae303f4280000000000001853b05aba028000000000000009600000c0222266800d750d1d6b4f00d0d1045cbd4c4835e64a31ab5c1b931d0309b106952006ac26605670442006bc1e804680337367f28fb1af8028fc20068c0648073800a00684065007280c92300028b05e0f8f86f
15039241,477.419,2026-09-21T16:17:10.419000+00:00,DP0SNX,CQ,114,2,86A240404040E088A060A69CB06103F02702EF971800087DC3B900536AB1588A9E0037BE52492F5A2F5A2F592F5900002D5000002D4F000003300000010801740D9800000000000000000000000000A200000A680A660A6A000000A153332DB6000C000016A80B530000000400005555EAC0,2702ef971800087dc3b900536ab1588a9e0037be52492f5a2f5a2f592f5900002d5000002d4f000003300000010801740d9800000000000000000000000000a200000a680a660a6a000000a153332db6000c000016a80b530000000400005555eac0
15039241,480.424,2026-09-21T16:17:13.424000+00:00,DP0SNX,CQ,146,2,86A240404040E088A060A69CB06103F02700F10818000864EC1D00736AB1588D821853B2303F4280000000000001853B45ABA028000000000000009600000C0222266800D750D1D6B4D00D0D1045CBD5C4835E64A31835C1B931D0305B106952006A426684E704C2006C41E804678337367F28FB1AF8028FC20068406400F3000A0068C06480F280492300028B05E088D64A,2700f10818000864ec1d00736ab1588d821853b2303f4280000000000001853b45aba028000000000000009600000c0222266800d750d1d6b4d00d0d1045cbd5c4835e64a31835c1b931d0305b106952006a426684e704c2006c41e804678337367f28fb1af8028fc20068406400f3000a0068c06480f280492300028b05e088d64a
15039241,482.424,2026-09-21T16:17:15.424000+00:00,DP0SNX,CQ,146,2,86A240404040E088A060A69CB06103F02700F20918000864EC1E00736AB1588F821853B4303F4280000000000001853B65ABA028000000000000009600000C0222266800D750D1D6B4700D0D1045CBD6C4835E64A31E35C1B931D0301B106952006AC26605E704C2006C41E803E802B7367F28FB1AF8028FC2006840648073000A0068406480F280492300028B05E0906BD1,2700f20918000864ec1e00736ab1588f821853b4303f4280000000000001853b65aba028000000000000009600000c0222266800d750d1d6b4700d0d1045cbd6c4835e64a31e35c1b931d0301b106952006ac26605e704c2006c41e803e802b7367f28fb1af8028fc2006840648073000a0068406480f280492300028b05e0906bd1
15039241,485.415,2026-09-21T16:17:18.415000+00:00,DP0SNX,CQ,82,0,86A240404040E088A060A69CB06103F02702F498180008C8C03F00336AB158929E470002A30E2BB7B5014A40007FFF00007C6A82E37B648002800B8013C0D8DC09BCE31A569B4881F87FFF7FFF7FFFFFA793,2702f498180008c8c03f00336ab158929e470002a30e2bb7b5014a40007fff00007c6a82e37b648002800b8013c0d8dc09bce31a569b4881f87fff7fff7fffffa793
15039241,486.424,2026-09-21T16:17:19.424000+00:00,DP0SNX,CQ,146,1,86A240404040E088A060A69CB06103F02700F50B18000864EC2000736AB15893821853B8303F4280000000000001853BA5ABA028000000000000009600000C0222266800D750D1D6B4B00D0D1045CBD5C4835E64A31CF5C1B931D0301B106952006A4266856704C2006C426783E802B7367F28FB1AF8028FC20068C0650073000A0068C06480F280492300028B05E0A0A43A,2700f50b18000864ec2000736ab15893821853b8303f4280000000000001853ba5aba028000000000000009600000c0222266800d750d1d6b4b00d0d1045cbd5c4835e64a31cf5c1b931d0301b106952006a4266856704c2006c426783e802b7367f28fb1af8028fc20068c0650073000a0068c06480f280492300028b05e0a0a43a
15039241,487.287,2026-09-21T16:17:20.287000+00:00,DP0SNX,CQ,63,0,86A240404040E088A060A69CB06103F02702F699180008D2E0EE00206AB158939E00000002000000000000000000000000000000000000000000000000A085,2702f699180008d2e0ee00206ab158939e00000002000000000000000000000000000000000000000000000000a085
15039241,487.462,2026-09-21T16:17:20.462000+00:00,DP0SNX,CQ,63,1,86A240404040E088A060A69CB06103F02702F79A180008D3E0F400206AB158949E058000023C4260B37FC0000000000000000000000000000000000000EF37,2702f79a180008d3e0f400206ab158949e058000023c4260b37fc0000000000000000000000000000000000000ef37
15039241,488.424,2026-09-21T16:17:21.424000+00:00,DP0SNX,CQ,146,0,86A240404040E088A060A69CB06103F02700F80C18000864EC2100736AB15895821853BA303F4280000000000001853BC5ABA028000000000000009600000C0222266800D750D1D6B4B00D0D1045CBD644835E64A31435C1B931D0303B106952006A426605670442006C41E784680337367F28FB1AF8028FC2006840648073000A0068C06480F280492300028B05E0A85474,2700f80c18000864ec2100736ab15895821853ba303f4280000000000001853bc5aba028000000000000009600000c0222266800d750d1d6b4b00d0d1045cbd644835e64a31435c1b931d0303b106952006a426605670442006c41e784680337367f28fb1af8028fc2006840648073000a0068c06480f280492300028b05e0a85474
15039241,489.315,2026-09-21T16:17:22.315000+00:00,DP0SNX,CQ,83,1,86A240404040E088A060A69CB06103F02702F99B180008E6E13600346AB158959E78A932244F4C842F788D6849241D8E317889A42A3E9DB4B3789111C7955CD92E72A911998E6CB6327891121056ECB52D884C,2702f99b180008e6e13600346ab158959e78a932244f4c842f788d6849241d8e317889a42a3e9db4b3789111c7955cd92e72a911998e6cb6327891121056ecb52d884c
15039241,491.34,2026-09-21T16:17:24.340000+00:00,DP0SNX,CQ,271,2,86A240404040E088A060A69CB06103F02702FB9C1800087AC54E006C6AB158979EFFFC00000001FDFC000000000000000F7FC00000001FDFC00000000000000000000000000000000000000000000000000000000000000000000000000000000CC00033000CD00000F000000000000000000000000000000000000000000000F1A880003E6A2000000990C7AD002B6AB158979EFF8E8A8E8E918DA1FF80FF858A898A9B7682B790FFFF7E587385758FFFFF7A53609349B2AAB640092CC83B00416AB158979ECBFF9C9CCBFF9C84CBFF9D9DFFFF9D85858585A5BABA9C868586A2B9B99C12FF060224FF010013FF0402FFFF01000C11080000000087000780000000400878D96A004C6AB1589767BD,2702fb9c1800087ac54e006c6ab158979efffc00000001fdfc000000000000000f7fc00000001fdfc00000000000000000000000000000000000000000000000000000000000000000000000000000000cc00033000cd00000f000000000000000000000000000000000000000000000f1a880003e6a2000000990c7ad002b6ab158979eff8e8a8e8e918da1ff80ff858a898a9b7682b790ffff7e587385758fffff7a53609349b2aab640092cc83b00416ab158979ecbff9c9ccbff9c84cbff9d9dffff9d85858585a5baba9c868586a2b9b99c12ff060224ff010013ff0402ffff01000c11080000000087000780000000400878d96a004c6ab1589767bd
15039241,491.711,2026-09-21T16:17:24.711000+00:00,DP0SNX,CQ,233,0,86A240404040E088A060A69CB06103F02702FC9D18499E0000000000000080000000000000000000000000000000800000000000000000003100000000000000000000000000000000000000000000000000000000000000090000000000000879C0F100356AB15897F8AAA655555556AE3000000000000000AAA655555556AE3000000000000000FFFFFFFFFC000000000FFFFFFFFFC000000000087FEE7600456AB15897F8FAE3E1F8EDEDF6EEEEF1E9F6F4FDE8FCE9E600000000000000000000F5F8F1F766665050505050505050505044444455EB000000EC00F60050000606FAEA6600205820,2702fc9d18499e0000000000000080000000000000000000000000000000800000000000000000003100000000000000000000000000000000000000000000000000000000000000090000000000000879c0f100356ab15897f8aaa655555556ae3000000000000000aaa655555556ae3000000000000000fffffffffc000000000fffffffffc000000000087fee7600456ab15897f8fae3e1f8ededf6eeeef1e9f6f4fde8fce9e600000000000000000000f5f8f1f766665050505050505050505044444455eb000000ec00f60050000606faea6600205820
15039241,492.424,2026-09-21T16:17:25.424000+00:00,DP0SNX,CQ,146,0,86A240404040E088A060A69CB06103F02700FD0E18000864EC2300736AB15899821853BE303F4280000000000001853C05ABA028000000000000009600000C0222266800D750D1D6B4900D0D1045CBD344835E64A31BB5C1B931D0303B106952006A4266056704C2006BC16804E80337367F28FB1AF8028FC20068406480F3000A0068406480F200492300028B05E0B886EE,2700fd0e18000864ec2300736ab15899821853be303f4280000000000001853c05aba028000000000000009600000c0222266800d750d1d6b4900d0d1045cbd344835e64a31bb5c1b931d0303b106952006a4266056704c2006bc16804e80337367f28fb1af8028fc20068406480f3000a0068406480f200492300028b05e0b886ee
15039241,494.424,2026-09-21T16:17:27.424000+00:00,DP0SNX,CQ,146,0,86A240404040E088A060A69CB06103F02700FE0F18000864EC2400736AB1589B821853C0303F4280000000000001853C25ABA028000000000000009600000C0222266800D750D1D6B4700D0D1045CBD2C4835E64A31635C1B931D0303B106952006AC2E6856704C2006BC1E803E802B7367F28FB1AF8028FC2006840650073000A0068C06480F280492300028B05E0C08061,2700fe0f18000864ec2400736ab1589b821853c0303f4280000000000001853c25aba028000000000000009600000c0222266800d750d1d6b4700d0d1045cbd2c4835e64a31635c1b931d0303b106952006ac2e6856704c2006bc1e803e802b7367f28fb1af8028fc2006840650073000a0068c06480f280492300028b05e0c08061
15039241,496.424,2026-09-21T16:17:29.424000+00:00,DP0SNX,CQ,146,0,86A240404040E088A060A69CB06103F02700FF1018000864EC2500736AB1589D821853C2303F4280000000000001853C45ABA028000000000000009600000C0222266800D750D1D6B4300D0D1045CBD344835E64A31CF5C1B931D0309B106952006AC2E605E70442006BC1E804680337367F28FB1AE0028FC20068C0648073000A0068C065007280C92300028B05E0C82BDB,2700ff1018000864ec2500736ab1589d821853c2303f4280000000000001853c45aba028000000000000009600000c0222266800d750d1d6b4300d0d1045cbd344835e64a31cf5c1b931d0309b106952006ac2e605e70442006bc1e804680337367f28fb1ae0028fc20068c0648073000a0068c065007280c92300028b05e0c82bdb
15039241,498.424,2026-09-21T16:17:31.424000+00:00,DP0SNX,CQ,146,0,86A240404040E088A060A69CB06103F02700001118000864EC2600736AB1589F821853C4303F4280000000000001853C65ABA028000000000000009600000C0222266800D750D1D6B4500D0D1045CBD244835E64A31F75C1B931D0305B106952006A426684E70442006BC1E803E80337367F28FB1AF8028FC2006840648073000A00684064817280492300028B05E0D0861B,2700001118000864ec2600736ab1589f821853c4303f4280000000000001853c65aba028000000000000009600000c0222266800d750d1d6b4500d0d1045cbd244835e64a31f75c1b931d0305b106952006a426684e70442006bc1e803e80337367f28fb1af8028fc2006840648073000a00684064817280492300028b05e0d0861b
15039241,500.424,2026-09-21T16:17:33.424000+00:00,DP0SNX,CQ,146,0,86A240404040E088A060A69CB06103F02700011218000864EC2700736AB158A1821853C6303F4280000000000001853C85ABA028000000000000009600000C0222266800D750D1D6B4300D0D1045CBD244835E64A32135C1B931D0303B106952006AC2E605670442006BC1E803E80337367F28FB1AF8028FC2006840648073000A0068406480F280492300028B05E0D8BF0B,2700011218000864ec2700736ab158a1821853c6303f4280000000000001853c85aba028000000000000009600000c0222266800d750d1d6b4300d0d1045cbd244835e64a32135c1b931d0303b106952006ac2e605670442006bc1e803e80337367f28fb1af8028fc2006840648073000a0068406480f280492300028b05e0d8bf0b
15039241,502.424,2026-09-21T16:17:35.424000+00:00,DP0SNX,CQ,146,1,86A240404040E088A060A69CB06103F02700021318000864EC2800736AB158A3821853C8303F4280000000000001853CA5ABA028000000000000009600000C0222266800D750D1D6B4700D0D1045CBD244835E64A31675C1B931D0301B106952006AC26685E70442006C41E803E78337367F28FB1AF8028FC2006840650073000A0068406480F280492300028B05E0E079E7,2700021318000864ec2800736ab158a3821853c8303f4280000000000001853ca5aba028000000000000009600000c0222266800d750d1d6b4700d0d1045cbd244835e64a31675c1b931d0301b106952006ac26685e70442006c41e803e78337367f28fb1af8028fc2006840650073000a0068406480f280492300028b05e0e079e7
15039241,506.424,2026-09-21T16:17:39.424000+00:00,DP0SNX,CQ,146,0,86A240404040E088A060A69CB06103F02700041518000864EC2A00736AB158A7821853CC303F4280000000000001853CE5ABA028000000000000009600000C0222266800D750D1D6B4500D0D1045CBD244835E64A31475C1B931D0303B106952006AC266056704C2006BC1E803E782B7367F28FB1AE0028FC20068C0648073000A0068C06480F200492300028B05E0F08210,2700041518000864ec2a00736ab158a7821853cc303f4280000000000001853ce5aba028000000000000009600000c0222266800d750d1d6b4500d0d1045cbd244835e64a31475c1b931d0303b106952006ac266056704c2006bc1e803e782b7367f28fb1ae0028fc20068c0648073000a0068c06480f200492300028b05e0f08210
15039241,507.421,2026-09-21T16:17:40.421000+00:00,DP0SNX,CQ,114,0,86A240404040E088A060A69CB06103F02702059E1800087DC3BA00536AB158A89E0037CD52492F5B2F5B2F5A2F5A00002D5100002D50000003300000010801740D9800000000000000000000000000A200000A680A660A6A000000A153332DB6000C000016A80B5400000004000055558106,2702059e1800087dc3ba00536ab158a89e0037cd52492f5b2f5b2f5a2f5a00002d5100002d50000003300000010801740d9800000000000000000000000000a200000a680a660a6a000000a153332db6000c000016a80b5400000004000055558106
15039241,515.416,2026-09-21T16:17:48.416000+00:00,DP0SNX,CQ,82,0,86A240404040E088A060A69CB06103F027020A9F180008C8C04000336AB158B09E470002A3119CB57900B840007FFF00007D2A83057B2B7FF380108014C533D5A0C14A1A5699E881977FFF7FFF7FFFFF8818,27020a9f180008c8c04000336ab158b09e470002a3119cb57900b840007fff00007d2a83057b2b7ff380108014c533d5a0c14a1a5699e881977fff7fff7fffff8818
15039241,516.425,2026-09-21T16:17:49.424999999+00:00,DP0SNX,CQ,146,0,86A240404040E088A060A69CB06103F027000B1A18000864EC2F00736AB158B1821853D6303F4280000000000001853D85ABA028000000000000009600000C0222266800D750D1D6B4B00D0D1045CBD4C4835E64A322B5C1B931D02FFB106952006A42E685E70442006C416883E80337367F28FB1AF8028FC20068C0650073000A00684065007280C92300028B05E0983E86,27000b1a18000864ec2f00736ab158b1821853d6303f4280000000000001853d85aba028000000000000009600000c0222266800d750d1d6b4b00d0d1045cbd4c4835e64a322b5c1b931d02ffb106952006a42e685e70442006c416883e80337367f28fb1af8028fc20068c0650073000a00684065007280c92300028b05e0983e86
15039241,517.314,2026-09-21T16:17:50.313999999+00:00,DP0SNX,CQ,63,0,86A240404040E088A060A69CB06103F027020CA0180008D2E0EF00206AB158B19E0000000200000000000000000000000000000000000000000000000016F2,27020ca0180008d2e0ef00206ab158b19e0000000200000000000000000000000000000000000000000000000016f2
15039241,517.489,2026-09-21T16:17:50.489000+00:00,DP0SNX,CQ,63,0,86A240404040E088A060A69CB06103F027020DA1180008D3E0F500206AB158B29E03400006284140BF77C00000000000000000000000000000000000006AC6,27020da1180008d3e0f500206ab158b29e03400006284140bf77c00000000000000000000000000000000000006ac6
15039241,518.425,2026-09-21T16:17:51.424999999+00:00,DP0SNX,CQ,146,1,86A240404040E088A060A69CB06103F027000E1B18000864EC3000736AB158B3821853D8303F4280000000000001853DA5ABA028000000000000009600000C0222266800D750D1D6B4F00D0D1045CBD644835E64A322F5C1B931D0301B106952006A4266866704C2006CC16903E802B7367F28FB1AF8028FC2006840648073008A0068406400F280492300028B05E0A0FBE4,27000e1b18000864ec3000736ab158b3821853d8303f4280000000000001853da5aba028000000000000009600000c0222266800d750d1d6b4f00d0d1045cbd644835e64a322f5c1b931d0301b106952006a4266866704c2006cc16903e802b7367f28fb1af8028fc2006840648073008a0068406400f280492300028b05e0a0fbe4
15039241,519.291,2026-09-21T16:17:52.291000+00:00,DP0SNX,CQ,83,0,86A240404040E088A060A69CB06103F027020FA2180008E6E13700346AB158B39E71856BF92C7C922F788D9849241D8E3178A9D3E23A5D4DB3789141C7955CD92E72A941998E6CB63278A9421056ECB52DBE85,27020fa2180008e6e13700346ab158b39e71856bf92c7c922f788d9849241d8e3178a9d3e23a5d4db3789141c7955cd92e72a941998e6cb63278a9421056ecb52dbe85
15039241,520.425,2026-09-21T16:17:53.424999999+00:00,DP0SNX,CQ,146,1,86A240404040E088A060A69CB06103F02700101C18000864EC3100736AB158B5821853DA303F4280000000000001853DC5ABA028000000000000009600000C0222266800D750D1D6B5100D0D1045CBD6C4835E64A31775C1B931D0303B106952006AC2E605E704C2006CC16883E80337367F28FB1AF8028FC2006840648073800A0068C06480F200492300028B05E0A0AEA1,2700101c18000864ec3100736ab158b5821853da303f4280000000000001853dc5aba028000000000000009600000c0222266800d750d1d6b5100d0d1045cbd6c4835e64a31775c1b931d0303b106952006ac2e605e704c2006cc16883e80337367f28fb1af8028fc2006840648073800a0068c06480f200492300028b05e0a0aea1
15039241,521.67,2026-09-21T16:17:54.669999999+00:00,DP0SNX,CQ,97,0,86A240404040E088A060A69CB06103F0270212A41FFF9E0000000000000080000000000000000000000000000000800000000000000000003100000000000000000000000000000000000000000000000000000000000000090000000000003504,270212a41fff9e0000000000000080000000000000000000000000000000800000000000000000003100000000000000000000000000000000000000000000000000000000000000090000000000003504
15039241,524.425,2026-09-21T16:17:57.424999999+00:00,DP0SNX,CQ,146,0,86A240404040E088A060A69CB06103F02700141E18000864EC3300736AB158B9821853DE303F4280000000000001853E05ABA028000000000000009600000C0222266800D750D1D6B4D00D0D1045CBD5C4835E64A313B5C1B931D0303B106952006A40E608E70742006C416883E802B7367F28FB1AF8028FC20068406480F3800A0068C06480F200492300028B05E0B05D1B,2700141e18000864ec3300736ab158b9821853de303f4280000000000001853e05aba028000000000000009600000c0222266800d750d1d6b4d00d0d1045cbd5c4835e64a313b5c1b931d0303b106952006a40e608e70742006c416883e802b7367f28fb1af8028fc20068406480f3800a0068c06480f200492300028b05e0b05d1b
15039241,526.425,2026-09-21T16:17:59.424999999+00:00,DP0SNX,CQ,146,1,86A240404040E088A060A69CB06103F02700151F18000864EC3400736AB158BB821853E0303F4280000000000001853E25ABA028000000000000009600000C0222266800D750D1F6B5100D0D1045CBD4C4835E64A31A35C1B931D0305B106952006AC26685670442006C41E803E80337367F28FB1AF8028FC20068C06480F3000A0068406480F280492300028B05E0B8BEDD,2700151f18000864ec3400736ab158bb821853e0303f4280000000000001853e25aba028000000000000009600000c0222266800d750d1f6b5100d0d1045cbd4c4835e64a31a35c1b931d0305b106952006ac26685670442006c41e803e80337367f28fb1af8028fc20068c06480f3000a0068406480f280492300028b05e0b8bedd
15039241,527.293,2026-09-21T16:18:00.293000+00:00,DP0SNX,CQ,91,1,86A240404040E088A060A69CB06103F0270216A518000BB6D945003C6AB158BBBCF401A0C4C2902000F001A0C4C28F400079FD3F57194D9D7F86B0CC579FD9121F9675CD3701AA3D94968356D701160A84902848C68132448050B4,270216a518000bb6d945003c6ab158bbbcf401a0c4c2902000f001a0c4c28f400079fd3f57194d9d7f86b0cc579fd9121f9675cd3701aa3d94968356d701160a84902848c68132448050b4
15039241,534.426,2026-09-21T16:18:07.426000+00:00,DP0SNX,CQ,146,0,86A240404040E088A060A69CB06103F027001A2318000864EC3800736AB158C3821853E8303F4280000000000001853EA5ABA028000000000000009600000C0222266800D750D1F6B4B00D0D1045CBD5C4835E64A31675C1B931D0301B106952006A426605E704C2006C41E784680337367F28FB1AF8028FC2006840648073800A0068406480F280492300028B05E0D8F5D7,27001a2318000864ec3800736ab158c3821853e8303f4280000000000001853ea5aba028000000000000009600000c0222266800d750d1f6b4b00d0d1045cbd5c4835e64a31675c1b931d0301b106952006a426605e704c2006c41e784680337367f28fb1af8028fc2006840648073800a0068406480f280492300028b05e0d8f5d7
15039241,538.426,2026-09-21T16:18:11.426000+00:00,DP0SNX,CQ,146,2,86A240404040E088A060A69CB06103F027001D2518000864EC3A00736AB158C7821853EC303F4280000000000001853EE5ABA028000000000000009600000C0222266800D750D1F6B4D00D0D1045CBD4C4835E64A31435C1B931D0307B106952006AC26605E70442006C41E803E80337367F28FB1AF8028FC2006840648073000A0068406480F280492300028B05E0E00F0E,27001d2518000864ec3a00736ab158c7821853ec303f4280000000000001853ee5aba028000000000000009600000c0222266800d750d1f6b4d00d0d1045cbd4c4835e64a31435c1b931d0307b106952006ac26605e70442006c41e803e80337367f28fb1af8028fc2006840648073000a0068406480f280492300028b05e0e00f0e
